product_id,description,avg_price,total_units_sold,total_revenue
M,Manual,394.31801418439716,9629,339226.24
22423,REGENCY CAKESTAND 3 TIER,14.190417721518987,26478,330590.32
DOT,DOTCOM POSTAGE,218.9781696113074,1415,309854.11
85123A,WHITE HANGING HEART T-LIGHT HOLDER,3.075421664849146,94142,257546.19999999998
23843,"PAPER CRAFT , LITTLE BIRDIE",2.08,80995,168469.6
47566,PARTY BUNTING,5.718177449168207,28200,148318.28
85099B,JUMBO BAG RED RETROSPOT,2.3656921204745966,77280,145961.83
84879,ASSORTED COLOUR BIRD ORNAMENT,1.8590344101123595,80082,129324.49
POST,POSTAGE,29.466515397082656,5363,125682.42
22086,PAPER CHAIN KIT 50'S CHRISTMAS,3.3699274661508705,35084,117760.29
23166,MEDIUM CERAMIC TOP STORAGE JAR,1.46848,78033,81700.92000000001
79321,CHILLI LIGHTS,6.290666082383875,15841,80540.88
84347,ROTATING SILVER ANGELS T-LIGHT HLDR,3.3425352112676054,31409,71300.4
85099F,JUMBO BAG STRAWBERRY,2.2943027027027028,36860,67985.77
23084,RABBIT NIGHT LIGHT,2.386401179941003,30739,66870.03
21137,BLACK RECORD COVER FRAME,4.146305031446541,18739,65189.29
21931,JUMBO STORAGE BAG SUKI,2.533375850340136,29182,61537.55
21621,VINTAGE UNION JACK BUNTING,9.307857689364958,6900,60286.04
22114,HOT WATER BOTTLE TEA AND SYMPATHY,4.774289292423294,11677,59189.14
85099C,JUMBO  BAG BAROQUE BLACK WHITE,2.408958223162348,30640,59057.61
22910,PAPER CHAIN KIT VINTAGE CHRISTMAS,3.300415224913495,18634,58652.7
22112,CHOCOLATE HOT WATER BOTTLE,5.849994269340974,11065,57981.94
15056N,EDWARDIAN PARASOL NATURAL,6.818394230769231,11286,57975.450000000004
22411,JUMBO SHOPPER VINTAGE RED PAISLEY,2.4509913988229965,27281,57318.71
82484,WOOD BLACK BOARD ANT WHITE FINISH,7.810832625318607,9831,56745.73
22470,HEART OF WICKER LARGE,3.2125426278836513,17773,53506.13
22178,VICTORIAN GLASS HANGING T-LIGHT,1.5693047256925585,40081,52382.82
21733,RED HANGING HEART T-LIGHT HOLDER,3.09675404350251,17575,50346.49
22386,JUMBO BAG PINK POLKADOT,2.5595130315500687,25235,50081.96
22111,SCOTTIE DOG HOT WATER BOTTLE,5.734759698899826,9776,49771.94
21929,JUMBO BAG PINK VINTAGE PAISLEY,2.5029736358062538,25608,49651.99
22189,CREAM HEART CARD HOLDER,4.4335582822085895,16186,49300.94
22469,HEART OF WICKER SMALL,1.9215671981776765,27908,48935.11
21843,RED RETROSPOT CAKE STAND,12.25677039529016,4635,48564.29
21731,RED TOADSTOOL LED NIGHT LIGHT,2.237496782496782,28910,48315.840000000004
22457,NATURAL SLATE HEART CHALKBOARD,3.5118406993686255,15373,47288.229999999996
15056BL,EDWARDIAN PARASOL BLACK,6.25234752589183,9504,47267.450000000004
21232,STRAWBERRY CERAMIC TRINKET BOX,1.5199447278911564,36628,47169.35
21754,HOME BUILDING BLOCK WORD,6.587843794920939,7595,46516.99
21181,PLEASE ONE PERSON METAL SIGN,2.3605215281989085,22865,46249.07
22138,BAKING SET 9 PIECE RETROSPOT,5.3669730010384225,9366,45882.01
20727,LUNCH BAG  BLACK SKULL.,2.023109908409659,26678,45655.27
21623,VINTAGE UNION JACK MEMOBOARD,10.215838041431262,6165,45402.18
22326,ROUND SNACK BOXES SET OF4 WOODLAND,3.4304714285714284,15380,44063.04
84078A,SET/4 WHITE RETRO STORAGE CUBES,45.85689024390244,1128,43844.96
82494L,WOODEN FRAME ANTIQUE WHITE,3.2012643678160924,15301,43811.16
84029E,RED WOOLLY HOTTIE WHITE HEART.,4.464668959587274,10628,42994.24
22197,SMALL POPCORN HOLDER,1.039719887955182,48561,42699.89
21915,RED  HARMONICA IN BOX,1.399408341416101,36289,42664.54
21175,GIN + TONIC DIET METAL SIGN,2.5423874151758175,20178,42613.98
23298,SPOTTY BUNTING,5.52396013864818,8320,42513.479999999996
20728,LUNCH BAG CARS BLUE,1.9748732663797226,24596,42270.3
48138,DOORMAT UNION FLAG,8.477665995975855,6302,42239.5
82482,WOODEN PICTURE FRAME WHITE FINISH,2.924807502467917,16914,41837.6
22355,CHARLOTTE BAG SUKI DESIGN,1.1773602264685066,27550,41580.97
71477,COLOUR GLASS. STAR T-LIGHT HOLDER,3.686446173800259,14077,41099.79
20725,LUNCH BAG RED RETROSPOT,2.115301399354144,22232,41043.02
20713,JUMBO BAG OWLS,2.5839698113207543,20814,40667.05
22502,PICNIC BASKET WICKER 60 PIECES,649.5,61,39619.5
85066,CREAM SWEETHEART MINI CHEST,14.095063965884862,3091,38599.98
20726,LUNCH BAG WOODLAND,2.1123128205128205,22118,38506.74
48194,DOORMAT HEARTS,8.787381642512077,6026,38428.12
22960,JAM MAKING SET WITH JARS,5.059025862068966,9019,38380.11
21166,COOK WITH WINE METAL SIGN,2.276118466898955,19932,38138.86
23284,DOORMAT KEEP CALM AND COME IN,8.776284153005465,5487,38133.64
22720,SET OF 3 CAKE TINS PANTRY DESIGN,5.83371408045977,7483,38108.89
22629,SPACEBOY LUNCH BOX,2.1693473531544596,20807,37955.5
22699,ROSES REGENCY TEACUP AND SAUCER,3.6217146872803934,12860,37682.8
20712,JUMBO BAG WOODLAND ANIMALS,2.738984593837535,17710,37499.37
22727,ALARM CLOCK BAKELIKE RED,4.37068115942029,9234,36543.77
22328,ROUND SNACK BOXES SET OF 4 FRUITS,3.193215821152193,12875,35922.51
20685,DOORMAT RED RETROSPOT,8.841021087680355,5038,35198.96
21755,LOVE BUILDING BLOCK WORD,6.681397786837508,5643,34836.020000000004
22379,RECYCLING BAG RETROSPOT,2.8999178774478835,15765,34640.84
22197,POPCORN HOLDER,1.0208363636363635,36749,34288.67
48185,DOORMAT FAIRY CAKE,9.783706176961603,5095,34191.53
22666,RECIPE BOX PANTRY YELLOW DESIGN,3.6011011370436865,10706,33682.62
21523,DOORMAT FANCY FONT HOME SWEET HOME,9.240645161290322,5075,33466.26
22630,DOLLY GIRL LUNCH BOX,2.3025796886582652,18058,33380.83
48187,DOORMAT NEW ENGLAND,8.366121951219512,5291,33203.79
22382,LUNCH BAG SPACEBOY DESIGN,1.9012453007518797,19604,33049.37
15036,ASSORTED COLOURS SILK FAN,0.9932560483870967,44272,32967.03
22726,ALARM CLOCK BAKELIKE GREEN,4.472062256809338,7671,32609.32
22385,JUMBO BAG SPACEBOY DESIGN,2.439888800635425,17057,32433.5
82486,WOOD S/3 CABINET ANT WHITE FINISH,8.51200184501845,3994,31594.39
22139,RETROSPOT TEA SET CERAMIC 11 PC,5.660248868778281,6168,31527.12
22077,6 RIBBONS RUSTIC CHARM,2.110567415730337,17238,31513.11
85152,HAND OVER THE CHOCOLATE   SIGN,2.30101902173913,16373,31483.7
22865,HAND WARMER OWL DESIGN,2.3551353503184713,14537,31416.04
23245,SET OF 3 REGENCY CAKE TINS,5.883424657534246,6345,31118.55
21479,WHITE SKULL HOT WATER BOTTLE,4.686652587117212,6219,31079.8
23199,JUMBO BAG APPLES,2.5699290060851925,14908,30450.69
22501,PICNIC BASKET WICKER LARGE,13.588451443569554,2612,30339.36
20725,LUNCH BAG RED SPOTTY,1.9613636363636364,18085,30063.27
20679,EDWARDIAN PARASOL RED,6.662262569832403,6149,30020.97
22697,GREEN REGENCY TEACUP AND SAUCER,3.7910946745562133,9621,29952.55
84946,ANTIQUE SILVER TEA GLASS ETCHED,1.5512328767123287,22032,29828.78
22659,LUNCH BOX I LOVE LONDON,2.3337192342752964,15941,29561.86
84029G,KNITTED UNION FLAG HOT WATER BOTTLE,4.793914728682171,6830,29533.87
20914,SET/5 RED SPOTTY LID GLASS BOWLS,3.1773913043478266,10706,29468.52
22622,BOX OF VINTAGE ALPHABET BLOCKS,11.393466898954703,2945,29450.11
47590B,PINK HAPPY BIRTHDAY BUNTING,5.73623006833713,5738,29363.86
22158,3 HEARTS HANGING DECORATION RUSTIC,3.221857923497268,8985,29198.28
82483,WOOD 2 DRAWER CABINET WHITE FINISH,6.514496466431095,4878,29003.370000000003
21928,JUMBO BAG SCANDINAVIAN PAISLEY,2.32086809470124,15857,28962.829999999998
23355,HOT WATER BOTTLE KEEP CALM,5.271557788944723,5816,28718.8
20971,PINK BLUE FELT CRAFT TRINKET BOX,1.4093723129836628,22260,28580.97
84978,HANGING HEART JAR T-LIGHT HOLDER,1.5126805555555554,21689,28475.96
22866,HAND WARMER SCOTTY DOG DESIGN,2.3251018600531443,12778,28266.87
22752,SET 7 BABUSHKA NESTING BOXES,9.46467142857143,3459,28139.45
22188,BLACK HEART CARD HOLDER,4.455873015873016,10353,28112.030000000002
21977,PACK OF 60 PINK PAISLEY CAKE CASES,0.7112444444444445,56061,28081.73
22467,GUMBALL COAT RACK,2.8445724572457243,11868,28059.48
82583,HOT BATHS METAL SIGN,2.760100166944908,12877,27981.99
23201,JUMBO BAG ALPHABET,2.3900109769484086,13366,27850.83
21212,PACK OF 72 RETROSPOT CAKE CASES,0.7426918671248568,48156,27770.719999999998
20719,WOODLAND CHARLOTTE BAG,1.1526611883691529,24479,27598.42
21930,JUMBO STORAGE BAG SKULLS,2.5286163051608077,13390,27368.08
22624,IVORY KITCHEN SCALES,9.3401638001638,3152,27282.73
72741,GRAND CHOCOLATECANDLE,1.7381798483206934,19712,27239.46
22835,HOT WATER BOTTLE I AM SO POORLY,5.639597249508841,5302,27082.84
22492,MINI PAINT SET VINTAGE,0.7730812324929972,42286,27056.19
84991,60 TEATIME FAIRY CAKE CASES,0.6644378155117027,54028,27041.21
22961,JAM MAKING SET PRINTED,1.8915876974231087,17252,26888.43
22734,SET OF 6 RIBBONS VINTAGE CHRISTMAS,3.2632945736434107,9772,26763.75
22386,JUMBO BAG PINK WITH WHITE SPOTS,2.151664611590629,14202,26242.66
22149,FELTCRAFT 6 FLOWER FRIENDS,2.382309879175551,12674,26218.97
22867,HAND WARMER BIRD DESIGN,2.3753406998158377,11872,26117.63
22551,PLASTERS IN TIN SPACEBOY,1.811910197869102,15441,25912.87
47566B,TEA TIME PARTY BUNTING,5.292057291666667,5801,25803.49
20711,JUMBO BAG TOYS,2.726691943127962,12643,25719.13
21481,FAWN BLUE HOT WATER BOTTLE,3.765328947368421,8174,25613.45
22507,MEMO BOARD RETROSPOT  DESIGN,5.941274944567628,5455,25603.46
22090,PAPER BUNTING RETROSPOT,3.774454054054054,8406,25497.96
37503,TEA TIME CAKE STAND IN GIFT BOX,11.723193116634798,2465,25428.33
21485,RETROSPOT HEART HOT WATER BOTTLE,5.487621052631579,5168,25408.01
21108,FAIRY CAKE FLANNEL ASSORTED COLOUR,3.001073170731707,12962,25407.27
22087,PAPER BUNTING WHITE LACE,3.4823468208092487,8475,25389.1
84755,COLOUR GLASS T-LIGHT HOLDER HANGING,0.8276983503534957,40439,25205.13
22084,PAPER CHAIN KIT EMPIRE,3.2735200974421437,8803,25163.56
85099B,JUMBO BAG RED WHITE SPOTTY,2.1891528545119705,14060,25043.62
20724,RED RETROSPOT CHARLOTTE BAG,1.134728132387707,20663,24958.77
22090,PAPER BUNTING RETRO SPOTS,3.557169811320755,8292,24933.94
23173,REGENCY TEAPOT ROSES,11.119714964370546,2766,24879.13
20972,PINK CREAM FELT CRAFT TRINKET BOX,1.4045074415308292,20496,24785.31
48138,DOOR MAT UNION FLAG,7.380222551928784,3775,24770.81
21314,SMALL GLASS HEART TRINKET POT,2.776856343283582,11426,24641.39
23203,JUMBO BAG VINTAGE DOILY,2.300598885793872,11448,24489.08
22722,SET OF 6 SPICE TINS PANTRY DESIGN,4.675660377358491,5972,24459.96
84077,WORLD WAR 2 GLIDERS ASSTD DESIGNS,0.2831213307240704,106139,24445.61
71459,HANGING JAM JAR T-LIGHT HOLDER,1.124854368932039,30176,24440.74
84836,ZINC METAL HEART DECORATION,1.3774425087108013,19847,24289.33
22728,ALARM CLOCK BAKELIKE PINK,4.525836734693877,6215,24257.31
47590A,BLUE HAPPY BIRTHDAY BUNTING,5.7879565217391304,4752,24174.010000000002
21231,SWEETHEART CERAMIC TRINKET BOX,1.4993377483443708,19428,24128.86
21212,PACK OF 72 RETRO SPOT CAKE CASES,0.6659163763066203,46728,24054.43
22698,PINK REGENCY TEACUP AND SAUCER,3.6990485436893206,8049,23990.62
22383,LUNCH BAG SUKI  DESIGN,2.0494919168591226,14347,23893.29
23344,JUMBO BAG 50'S CHRISTMAS,2.4177423822714683,10285,23772.07
22171,3 HOOK PHOTO SHELF ANTIQUE WHITE,9.802632375189107,3141,23709.46
21790,VINTAGE SNAP CARDS,1.008572922111866,27244,23506.17
23243,SET OF TEA COFFEE SUGAR TINS PANTRY,5.866072186836518,4800,23489.420000000002
22605,WOODEN CROQUET GARDEN SET,14.766438569206843,1827,23426.82
82600,NO SINGING METAL SIGN,2.3898446937014666,11450,23096.77
84406B,CREAM CUPID HEARTS COAT HANGER,3.74048178613396,7131,23080.13
20914,SET/5 RED RETROSPOT LID GLASS BOWLS,3.2624037639007697,7964,23040.04
22625,RED KITCHEN SCALES,9.727957894736841,2627,22911.55
22607,WOODEN ROUNDERS GARDEN SET,10.02461847389558,2533,22906.54
21791,VINTAGE HEADS AND TAILS CARD GAME,1.4899774436090225,17604,22858.6
22554,PLASTERS IN TIN WOODLAND ANIMALS,1.8651470588235295,13588,22853.72
22556,PLASTERS IN TIN CIRCUS PARADE,1.7749835526315791,13585,22334.08
37449,CERAMIC CAKE STAND + HANGING CAKES,11.180564853556485,2382,22333.3
20749,ASSORTED COLOUR MINI CASES,8.091415584415586,3062,22097.61
22113,GREY HEART HOT WATER BOTTLE,4.199551656920078,5759,22025.93
22585,PACK OF 6 BIRDY GIFT TAGS,1.381512455516014,17557,21977.3
22499,WOODEN UNION JACK BUNTING,6.621156812339332,3584,21826.52
23202,JUMBO BAG VINTAGE LEAF,2.2962302483069976,10941,21810.43
84970S,HANGING HEART ZINC T-LIGHT HOLDER,1.090320781032078,26444,21794.26
22941,CHRISTMAS LIGHTS 10 REINDEER,9.705392561983471,2615,21727.579999999998
22456,NATURAL SLATE CHALKBOARD LARGE,6.306929510155317,4416,21583.2
22969,HOMEMADE JAM SCENTED CANDLES,1.7717207334273626,14461,21501.989999999998
21524,DOORMAT SPOTTY HOME SWEET HOME,8.940872483221476,2817,21414.04
21213,PACK OF 72 SKULL CAKE CASES,0.7410299003322259,40263,21390.76
21258,VICTORIAN SEWING BOX LARGE,17.00918406072106,1505,21386.559999999998
48184,DOORMAT ENGLISH ROSE,8.513878326996197,3234,21326.3
22139,RETRO SPOT TEA SET CERAMIC 11 PC,5.442951030927835,4438,21301.04
22502,PICNIC BASKET WICKER SMALL,6.679590958019376,3705,21260.8
85048,15CM CHRISTMAS GLASS BALL 20 LIGHTS,9.155689655172415,2685,21201.13
22083,PAPER CHAIN KIT RETRO SPOT,3.3923865546218486,7579,21151.79
22570,FELTCRAFT CUSHION RABBIT,4.310666666666666,5631,20901.1
22424,ENAMEL BREAD BIN CREAM,15.385337837837838,1529,20886.89
23206,LUNCH BAG APPLE DESIGN,2.0589553656220323,12147,20852.58
21218,RED SPOTTY BISCUIT TIN,5.261407982261641,5256,20800.31
22294,HEART FILIGREE DOVE  SMALL,1.4552125279642059,16671,20629.38
22617,BAKING SET SPACEBOY DESIGN,5.301244725738396,4251,20546.99
22693,GROW A FLYTRAP OR SUNFLOWER IN TIN,1.463076923076923,17875,20469.08
AMAZONFEE,AMAZON FEE,6822.599999999999,3,20467.8
20723,STRAWBERRY CHARLOTTE BAG,1.1350252343186733,18296,20401.05
22568,FELTCRAFT CUSHION OWL,4.161740614334471,5479,20244.97
85150,LADIES & GENTLEMEN METAL SIGN,3.0002421524663676,8361,20237.72
48188,DOORMAT WELCOME PUPPIES,8.79626168224299,3414,20209.4
22273,FELTCRAFT DOLL MOLLY,3.300158536585366,7355,20150.99
22569,FELTCRAFT CUSHION BUTTERFLY,4.187288776796973,5521,20104.43
21622,VINTAGE UNION JACK CUSHION COVER,5.8373892405063295,3699,19936.940000000002
22900,SET 2 TEA TOWELS I LOVE LONDON,3.684245283018868,6156,19834.04
22413,METAL SIGN TAKE IT OR LEAVE IT,3.297567567567568,6976,19728.24
21174,POTTERING IN THE SHED METAL SIGN,2.5139877835951134,9696,19593.81
21936,RED RETROSPOT PICNIC BAG,3.633620873269436,6680,19576.72
22561,WOODEN SCHOOL COLOURING SET,1.7414208242950107,11642,19524.27
22558,CLOTHES PEGS RETROSPOT PACK 24,1.6692161716171616,13809,19513.17
22169,FAMILY ALBUM WHITE PICTURE FRAME,9.794022824536377,2275,19507.6
22384,LUNCH BAG PINK POLKADOT,2.0076021588280644,11751,19500.66
84946,ANTIQUE SILVER T-LIGHT GLASS,1.5028468208092487,14664,19381.62
22427,ENAMEL FLOWER JUG CREAM,6.529052369077307,3210,19273.280000000002
22083,PAPER CHAIN KIT RETROSPOT,3.7808108108108107,6137,19261.03
21340,CLASSIC METAL BIRDCAGE PLANT HOLDER,13.07895238095238,1758,19194.13
21908,CHOCOLATE THIS WAY METAL SIGN,2.4602136317395726,9678,19125.98
22061,LARGE CAKE STAND  HANGING STRAWBERY,11.222917466410747,2171,19121.37
84949,SILVER HANGING T-LIGHT HOLDER,1.8268847795163583,11945,19015.8
84947,ANTIQUE SILVER TEA GLASS ENGRAVED,1.4420343839541547,15810,18744.17
22383,LUNCH BAG SUKI DESIGN,2.1189745916515426,10301,18699.43
22041,"RECORD FRAME 7"" SINGLE SIZE",3.5552499999999996,7540,18650.87
71053,WHITE METAL LANTERN,4.430222841225627,4700,18525.22
22555,PLASTERS IN TIN STRONGMAN,1.8076210092687948,11321,18323.32
21484,CHICK GREY HOT WATER BOTTLE,4.573588571428571,4584,18171.14
79323W,WHITE CHERRY LIGHTS,7.03,3004,18048.72
21430,SET/3 RED GINGHAM ROSE STORAGE BOX,4.762558139534884,4621,18044.97
22505,MEMO BOARD COTTAGE DESIGN,5.474500665778962,3773,18034.63
22147,FELTCRAFT BUTTERFLY HEARTS,1.6181639624252775,12828,17893.579999999998
22560,TRADITIONAL MODELLING CLAY,1.3711405835543766,14836,17861.71
84945,MULTI COLOUR SILVER T-LIGHT HOLDER,1.077181818181818,21605,17746.71
21914,BLUE HARMONICA IN BOX,1.4485348360655736,12957,17725.36
22297,HEART IVORY TRELLIS SMALL,1.6488473205257836,13715,17702.62
22847,BREAD BIN DINER STYLE IVORY,17.20938559322034,1112,17669.989999999998
22633,HAND WARMER UNION JACK,2.213322222222222,8541,17576.67
84467,ENGLISH ROSE DESIGN QUILTED THROW,24.040602409638552,816,17477.66
21136,PAINTED METAL PEARS ASSORTED,1.96908969210174,10496,17451.45
22557,PLASTERS IN TIN VINTAGE PAISLEY,1.8292387543252595,10369,17401.3
23203,JUMBO BAG DOILEY PATTERNS,2.2405222437137335,8893,17268.69
84992,72 SWEETHEART FAIRY CAKE CASES,0.68719707057257,34797,17259.85
21928,JUMBO BAG SCANDINAVIAN BLUE PAISLEY,2.683268072289157,8411,17239.69
84970L,SINGLE HEART ZINC T-LIGHT HOLDER,1.243974241030359,17400,17177.04
21889,WOODEN BOX OF DOMINOES,1.5520577933450088,12805,17095.66
21527,RED RETROSPOT TRADITIONAL TEAPOT,8.77890625,2337,17030.56
22654,DELUXE SEWING KIT,7.357757475083056,2534,16971.27
21559,STRAWBERRY LUNCH BOX WITH CUTLERY,3.0715939278937383,6779,16891.44
22652,TRAVEL SEWING KIT,1.9061255924170617,9910,16794.05
22952,60 CAKE CASES VINTAGE CHRISTMAS,0.7390534208059981,27970,16770.31
21164,HOME SWEET HOME METAL SIGN,3.273665283540802,5981,16626.41
22993,SET OF 4 PANTRY JELLY MOULDS,1.497788990825688,12649,16478.48
72760B,VINTAGE CREAM 3 BASKET CAKE STAND,10.82219758064516,1699,16409.02
22487,WHITE WOOD GARDEN PLANT LADDER,10.688288888888888,1632,16373.699999999999
21843,RETRO SPOT CAKE STAND,12.17970588235294,1493,16354.01
23301,GARDENERS KNEELING PAD KEEP CALM,1.9439673913043478,8807,16327.35
22662,LUNCH BAG DOLLY GIRL DESIGN,1.9189353233830846,9951,16213.61
48173C,DOORMAT BLACK FLOCK,8.211433021806853,2844,16032.71
22296,HEART IVORY TRELLIS LARGE,1.8147892271662762,9719,16027.56
22692,DOORMAT WELCOME TO OUR HOME,9.478828382838284,2135,15965.95
21877,HOME SWEET HOME MUG,1.5780845442536326,14054,15954.75
22634,CHILDS BREAKFAST SET SPACEBOY,10.162814371257484,1688,15946.55
20685,DOOR MAT RED SPOT,7.833228155339806,2485,15889.75
35004C,SET OF 3 COLOURED  FLYING DUCKS,7.756394366197183,3035,15874.38
22759,SET OF 3 NOTEBOOKS IN PARCEL,1.9730541871921181,9380,15866.56
22837,HOT WATER BOTTLE BABUSHKA,5.311377777777778,3398,15837.18
22690,DOORMAT HOME SWEET HOME BLUE,8.210570776255707,2530,15836.35
23313,VINTAGE CHRISTMAS BUNTING,5.548627450980392,2990,15798.66
22635,CHILDS BREAKFAST SET DOLLY GIRL,10.30381930184805,1660,15795.01
84997D,PINK 3 PIECE MINI DOTS CUTLERY SET,3.936065934065934,4353,15759.53
84375,SET OF 20 KIDS COOKIE CUTTERS,2.5122166874221667,7575,15753.18
22632,HAND WARMER RED RETROSPOT,2.218229854689564,7698,15664.13
22193,RED DINER WALL CLOCK,9.21775974025974,1850,15658.98
22170,PICTURE FRAME WOOD TRIPLE PORTRAIT,7.42446956521739,2385,15645.27
22619,SET OF 6 SOLDIER SKITTLES,4.449551192145863,3992,15560.09
21891,TRADITIONAL WOODEN SKIPPING ROPE,1.5365890570430734,12142,15547.75
48111,DOORMAT 3 SMILEY CATS,9.382517162471396,2419,15437.73
22173,METAL 4 HOOK HANGER FRENCH CHATEAU,3.7266401590457257,5026,15411.9
85014B,RED/WHITE DOTS RUFFLED UMBRELLA,6.543149038461539,3456,15400.28
84378,SET OF 3 HEART COOKIE CUTTERS,1.5957911392405062,11637,15388.44
85014B,RED RETROSPOT UMBRELLA,6.775227272727273,2699,15376.300000000001
22749,FELTCRAFT PRINCESS CHARLOTTE DOLL,4.075775862068965,3759,15354.35
21094,SET/6 RED SPOTTY PAPER PLATES,0.988060606060606,19633,15334.029999999999
84997B,RED 3 PIECE MINI DOTS CUTLERY SET,3.911322645290581,4205,15324.35
22940,FELTCRAFT CHRISTMAS FAIRY,4.533444816053512,3491,15282.81
22909,SET OF 20 VINTAGE CHRISTMAS NAPKINS,0.9761738351254479,17144,15275.82
21975,PACK OF 60 DINOSAUR CAKE CASES,0.6300827689992475,31332,15236.619999999999
21165,BEWARE OF THE CAT METAL SIGN,2.123363821138211,9360,15167.38
21217,RED RETROSPOT ROUND CAKE TINS,12.523447537473233,1420,15123.2
20750,RED RETROSPOT MINI CASES,8.202882352941177,2066,15118.470000000001
82582,AREA PATROLLED METAL SIGN,2.3533042394014965,7479,15110.98
35970,ZINC FOLKART SLEIGH BELLS,2.25901269393512,8375,15072.58
22946,WOODEN ADVENT CALENDAR CREAM,18.37695652173913,976,15060.57
22606,WOODEN SKITTLES GARDEN SET,16.358620689655172,1069,14881.94
22730,ALARM CLOCK BAKELIKE IVORY,4.39781041388518,3702,14867.27
21770,OPEN CLOSED METAL SIGN,5.4356748466257665,2991,14807.3
17003,BROCADE RING PURSE,0.3027272727272727,70369,14766.42
22485,SET OF 2 WOODEN MARKET CRATES,14.761428571428572,1101,14677.84
21912,VINTAGE SNAKES & LADDERS,4.679349397590362,3734,14651.33
21217,RED SPOTTY ROUND CAKE TINS,10.806630669546434,1484,14646.039999999999
21380,WOODEN HAPPY BIRTHDAY GARLAND,3.406554878048781,5031,14593.32
84050,PINK HEART SHAPE EGG FRYING PAN,2.1541551246537396,9853,14525.0
84997D,CHILDRENS CUTLERY POLKADOT PINK,4.503296398891967,3666,14493.640000000001
22150,3 STRIPEY MICE FELTCRAFT,2.1962277951933125,7815,14486.55
84997C,BLUE 3 PIECE MINI DOTS CUTLERY SET,3.907193347193347,3970,14438.97
21672,WHITE SPOT RED CERAMIC DRAWER KNOB,1.59683192261185,11120,14411.13
22384,LUNCH BAG PINK RETROSPOT,1.85,8914,14391.72
22352,LUNCH BOX WITH CUTLERY RETROSPOT,3.1936036036036035,5678,14348.82
20748,KENSINGTON COFFEE SET,12.383224043715847,1600,14266.98
21169,YOU'RE CONFUSING ME METAL SIGN,2.130267857142857,8856,14262.61
21955,DOORMAT UNION JACK GUNS AND ROSES,8.678539603960397,2349,14236.9
23200,JUMBO BAG PEARS,2.4302508361204014,7067,14188.960000000001
84380,SET OF 3 BUTTERFLY COOKIE CUTTERS,1.6672395369545858,10405,14076.34
22627,MINT KITCHEN SCALES,9.471406727828747,1600,14016.8
35400,WOODEN BOX ADVENT CALENDAR,10.473995271867611,1435,13999.1
23343,JUMBO BAG VINTAGE CHRISTMAS,2.417366255144033,6078,13972.710000000001
21257,VICTORIAN SEWING BOX MEDIUM,10.49658536585366,1549,13968.48
22236,CAKE STAND 3 TIER MAGIC GARDEN,13.37624703087886,1127,13965.52
22271,FELTCRAFT DOLL ROSIE,3.2711712846347605,4866,13921.73
21668,RED STRIPE CERAMIC DRAWER KNOB,1.6418127250900358,10357,13912.17
22366,DOORMAT AIRMAIL,9.25925407925408,2085,13875.59
22295,HEART FILIGREE DOVE LARGE,1.8310082872928175,8411,13873.54
21888,BINGO SET,4.600822249093108,3520,13862.17
22444,GROW YOUR OWN PLANT IN A CAN,1.578920704845815,10132,13856.6
21259,VICTORIAN SEWING BOX SMALL,6.926051829268292,2293,13843.92
21669,BLUE STRIPE CERAMIC DRAWER KNOB,1.5683516483516484,10578,13839.18
79323P,PINK CHERRY LIGHTS,7.28390977443609,2281,13787.93
22621,TRADITIONAL KNITTING NANCY,1.8153475336322868,8726,13784.32
22776,SWEETHEART CAKESTAND 3 TIER,10.917756653992395,1378,13753.38
22109,FULL ENGLISH BREAKFAST PLATE,5.133204930662558,3338,13750.11
23077,DOUGHNUT LIP GLOSS,1.345436046511628,10395,13695.77
47556B,TEA TIME TEA TOWELS,3.198761061946903,5201,13691.02
22191,IVORY DINER WALL CLOCK,8.788469184890657,1659,13689.85
21871,SAVE THE PLANET MUG,1.7336513994910943,11492,13654.89
48116,DOORMAT MULTICOLOUR STRIPE,9.254007782101167,2350,13634.35
21390,FILIGRIS HEART WITH BUTTERFLY,1.4604628099173553,10937,13552.97
22636,CHILDS BREAKFAST SET CIRCUS PARADE,8.807667342799189,1618,13437.03
C2,CARRIAGE,50.21722846441948,268,13426.0
23356,LOVE HOT WATER BOTTLE,6.205617283950618,2359,13334.32
23207,LUNCH BAG ALPHABET DESIGN,1.9909656084656082,7830,13325.55
22207,FRYING PAN UNION FLAG,5.545791666666667,3103,13298.57
23108,SET OF 10 LED DOLLY LIGHTS,6.469919571045577,2219,13290.52
21673,WHITE SPOT BLUE CERAMIC DRAWER KNOB,1.6327083333333334,10050,13272.39
23328,SET 6 SCHOOL MILK BOTTLES IN CRATE,4.845672371638142,2841,13269.49
21098,CHRISTMAS TOILET ROLL,1.6363474025974025,8537,13263.93
21704,BAG 250g SWIRLY MARBLES,0.9764982578397212,17175,13235.16
21080,SET/20 RED RETROSPOT PAPER NAPKINS,1.0804575707154742,15388,13231.539999999999
22846,BREAD BIN DINER STYLE RED,17.64345930232558,822,13213.97
15044A,PINK PAPER PARASOL,3.5974,4964,13210.85
48187,DOOR MAT NEW ENGLAND,7.542844827586207,2023,13201.61
22356,CHARLOTTE BAG PINK POLKADOT,1.234386536373507,11219,13172.0
75049L,LARGE CIRCULAR MIRROR MOBILE,1.554119318181818,13968,13153.8
22580,ADVENT CALENDAR GINGHAM SACK,6.138709677419355,2322,13141.08
21935,SUKI  SHOULDER BAG,2.310639913232104,7127,13103.21
22088,PAPER BUNTING COLOURED LACE,3.5205271565495204,4399,13076.88
22553,PLASTERS IN TIN SKULLS,1.9017960288808664,7794,13013.15
22464,HANGING METAL HEART LANTERN,1.9095220125786163,7847,12985.31
48129,DOORMAT TOPIARY,8.565,2087,12927.53
84988,SET OF 72 PINK HEART PAPER DOILIES,2.097966764418377,8305,12913.24
21906,PHARMACIE FIRST AID TIN,8.386713615023474,1786,12879.460000000001
22766,PHOTO FRAME CORNICE,3.1835038759689924,4367,12864.25
22655,VINTAGE RED KITCHEN CABINET,186.32075471698113,76,12845.0
22838,3 TIER CAKE TIN RED AND CREAM,16.882623574144485,894,12837.46
21216,"SET 3 RETROSPOT TEA,COFFEE,SUGAR",7.369304174950297,2384,12764.91
22584,PACK OF 6 PANNETONE GIFT BOXES,2.852374350086655,4989,12739.15
22947,WOODEN ADVENT CALENDAR RED,14.754761904761905,1011,12704.15
22303,COFFEE MUG APPLES DESIGN,2.72731977818854,5439,12701.63
22646,CERAMIC STRAWBERRY CAKE MONEY BANK,1.8726793721973094,8913,12654.71
22365,DOORMAT RESPECTABLE HOUSE,9.173187500000001,1950,12524.1
22616,PACK OF 12 LONDON TISSUES,0.4251605231866825,39147,12460.16
21535,RED RETROSPOT SMALL MILK JUG,2.8246795646916563,5057,12456.39
62018,SOMBRERO,1.7956692913385826,9567,12450.85
22623,BOX OF VINTAGE JIGSAW BLOCKS,5.667882136279926,2312,12432.28
22804,CANDLEHOLDER PINK HANGING HEART,3.1330198019801982,4381,12411.64
22144,CHRISTMAS CRAFT LITTLE FRIENDS,2.5934078212290506,5134,12382.47
85014A,BLACK/BLUE DOTS RUFFLED UMBRELLA,6.266611842105263,2967,12363.97
23174,REGENCY SUGAR BOWL GREEN,4.795123456790124,3055,12342.43
21671,RED SPOT CERAMIC DRAWER KNOB,1.6134520547945204,9488,12339.32
21156,RETROSPOT CHILDRENS APRON,2.3205180533751966,6631,12324.05
22631,CIRCUS PARADE LUNCH BOX,2.497723214285714,6271,12239.9
85042,ANTIQUE LILY FAIRY LIGHTS,4.9809797297297305,2685,12234.56
15056P,EDWARDIAN PARASOL PINK,6.234869565217392,2473,12228.92
22082,RIBBON REEL STRIPES DESIGN,1.8920799180327867,7267,12192.05
21080,SET/20 RED SPOTTY PAPER NAPKINS,0.9671593291404612,15688,12185.39
22301,COFFEE MUG CAT + BIRD DESIGN,3.1771007751937983,5009,12124.78
22192,BLUE DINER WALL CLOCK,8.901544117647058,1426,12104.8
21670,BLUE SPOT CERAMIC DRAWER KNOB,1.6382901554404146,8845,12074.4
20969,RED FLORAL FELTCRAFT SHOULDER BAG,4.244845528455285,3237,12066.52
21937,STRAWBERRY   PICNIC BAG,3.6050832072617247,4100,12038.82
84212,"ASSORTED FLOWER COLOUR ""LEIS""",0.8430935251798561,24794,11961.49
84987,SET OF 36 TEATIME PAPER DOILIES,1.8061029411764706,8138,11864.15
22729,ALARM CLOCK BAKELIKE ORANGE,4.47391935483871,2999,11864.0
22488,NATURAL SLATE RECTANGLE CHALKBOARD,1.9600369913686806,6905,11788.06
23300,GARDENERS KNEELING PAD CUP OF TEA,1.9087597911227152,6809,11785.99
21428,SET3 BOOK BOX GREEN GINGHAM FLOWER,5.06049356223176,2883,11762.93
20750,RED/WHITE DOT MINI CASES,7.9983168316831685,1622,11748.16
22791,T-LIGHT GLASS FLUTED ANTIQUE,1.5024827586206897,9458,11728.689999999999
22750,FELTCRAFT PRINCESS LOLA DOLL,4.025092024539878,3125,11697.6
22943,CHRISTMAS LIGHTS 10 VINTAGE BAUBLES,5.995530726256984,2381,11696.64
47567B,TEA TIME KITCHEN APRON,6.212670454545455,2166,11683.27
21485,RED SPOT HEART HOT WATER BOTTLE,5.425271149674621,2425,11670.66
22151,PLACE SETTING WHITE HEART,0.5367527173913044,27562,11609.19
21326,AGED GLASS SILVER T-LIGHT HOLDER,0.8101834862385321,17770,11593.86
23581,JUMBO BAG PAISLEY PARK,2.256289855072464,5020,11581.83
21260,FIRST AID TIN,3.8146654275092935,3512,11564.43
22508,DOORSTOP RETROSPOT HEART,4.388196022727272,2880,11561.95
22468,BABUSHKA LIGHTS STRING OF 10,7.8801694915254235,1736,11542.6
48185,DOOR MAT FAIRY CAKE,8.239460154241646,1727,11532.31
22637,PIGGY BANK RETROSPOT,3.0163272120200335,4478,11492.82
22663,JUMBO BAG DOLLY GIRL DESIGN,2.4382778581765554,5764,11465.29
22649,STRAWBERRY FAIRY CAKE TEAPOT,5.7680163599182,2286,11462.58
21172,PARTY METAL SIGN,1.912512664640324,7685,11382.16
22367,CHILDRENS APRON SPACEBOY DESIGN,2.3277620730270905,5734,11365.8
21429,RED GINGHAM ROSE JEWELLERY BOX,2.1040532544378694,6359,11342.25
22988,SOLDIERS EGG CUP,1.4986474501108646,9363,11238.449999999999
22844,VINTAGE CREAM DOG FOOD CONTAINER,10.608028455284552,1181,11199.64
21922,UNION STRIPE WITH FRINGE  HAMMOCK,8.857429305912596,1443,11199.18
72351B,SET/6 PINK  BUTTERFLY T-LIGHTS,2.362924901185771,5785,11184.89
22968,ROSE COTTAGE KEEPSAKE BOX,11.719281045751634,1127,11184.82
47599A,PINK PARTY BAGS,2.2879892761394105,5967,11180.57
22795,SWEETHEART RECIPE BOOK STAND,7.921394422310757,1597,11175.81
21868,POTTING SHED TEA MUG,1.6171621621621621,9075,11163.64
22417,PACK OF 60 SPACEBOY CAKE CASES,0.7101066666666667,21451,11159.9
21735,TWO DOOR CURIO CABINET,15.352824427480916,853,11112.85
47591D,PINK FAIRY CAKE CHILDRENS APRON,2.1309473684210527,5952,11103.119999999999
23170,REGENCY TEA PLATE ROSES,2.075707865168539,6857,11097.25
22620,4 TRADITIONAL SPINNING TOPS,1.572578763127188,8181,11073.449999999999
22834,HAND WARMER BABUSHKA DESIGN,2.291513157894737,6792,11072.83
22768,FAMILY PHOTO FRAME CORNICE,10.684241573033708,1158,11064.72
22198,LARGE POPCORN HOLDER,2.061032028469751,6323,11063.4
B,Adjust bad debt,11062.06,1,11062.06
21155,RED RETROSPOT PEG BAG,3.0693126022913257,4003,11060.2
22130,PARTY CONE CHRISTMAS DECORATION,1.8005092592592593,9737,10991.21
21844,RED RETROSPOT MUG,3.266140350877193,3893,10986.43
22694,WICKER STAR,2.4002183908045978,4893,10958.6
21210,SET OF 72 RETRO SPOT PAPER  DOILIES,1.7337589928057555,7671,10949.4
20828,GLITTER BUTTERFLY CLIPS,2.935849358974359,4423,10940.48
22668,PINK BABY BUNTING,3.9153886010362697,3587,10898.05
22667,RECIPE BOX RETROSPOT,3.0047275405007365,3886,10891.7
21907,I'M ON HOLIDAY METAL SIGN,2.2837194337194338,5163,10866.22
22950,36 DOILIES VINTAGE CHRISTMAS,1.5666184971098265,7851,10823.97
37370,RETRO COFFEE MUGS ASSORTED,5.550721442885772,7145,10821.289999999999
23209,LUNCH BAG VINTAGE DOILY,1.8969934640522876,6548,10797.0
21086,SET/6 RED SPOTTY PAPER CUPS,0.8944613583138173,16658,10781.81
21210,SET OF 72 RETROSPOT PAPER  DOILIES,1.7963382594417077,7447,10777.789999999999
22274,FELTCRAFT DOLL EMILY,3.2660060514372162,3773,10770.07
22904,CALENDAR PAPER CUT DESIGN,3.3329550321199144,3467,10755.05
21035,SET/2 RED RETROSPOT TEA TOWELS,4.400216962524654,3335,10684.21
21833,CAMOUFLAGE LED TORCH,2.048943820224719,6239,10681.67
21624,VINTAGE UNION JACK DOORSTOP,6.616987654320988,1771,10641.15
21974,SET OF 36 PAISLEY FLOWER DOILIES,1.989320987654321,7046,10622.15
22064,PINK DOUGHNUT TRINKET POT,2.1429320113314447,6606,10592.66
21524,DOOR MAT SPOTTY HOME SWEET HOME,7.803658536585366,1772,10563.06
48111,DOOR MAT 3 SMILEY CATS,7.77193661971831,1829,10532.27
22179,SET 10 LIGHTS NIGHT OWL,8.223400503778338,1518,10509.880000000001
23209,LUNCH BAG DOILEY PATTERN,1.7325754527162975,6551,10502.19
22302,COFFEE MUG PEARS  DESIGN,2.723233082706767,4926,10492.45
22812,PACK 3 BOXES CHRISTMAS PANNETONE,2.507839643652561,4803,10485.949999999999
21121,SET/10 RED POLKADOT PARTY CANDLES,1.349061224489796,8654,10451.93
21890,S/6 WOODEN SKITTLES IN COTTON BAG,3.727256317689531,3489,10451.6
23208,LUNCH BAG VINTAGE LEAF DESIGN,1.9362038404726736,6308,10441.91
22418,10 COLOUR SPACEBOY PEN,1.015704584040747,12290,10397.33
21982,PACK OF 12 SUKI TISSUES,0.45087431693989066,32086,10395.88
22174,PHOTO CUBE,2.52070796460177,5122,10374.33
22992,REVOLVER WOODEN RULER,2.2714044943820224,5233,10373.99
22725,ALARM CLOCK BAKELIKE CHOCOLATE,4.72523381294964,2518,10324.92
84997B,CHILDRENS CUTLERY RETROSPOT RED,4.4931698113207545,2634,10316.86
22120,WELCOME  WOODEN BLOCK LETTERS,11.28659400544959,1018,10314.19
22089,PAPER BUNTING VINTAGE PAISLEY,3.3832620320855615,3506,10303.35
48194,DOOR MAT HEARTS,7.942389937106918,1700,10298.44
22740,POLKADOT PEN,1.1078985507246375,12049,10293.71
20724,RED SPOTTY CHARLOTTE BAG,1.0489285714285714,11534,10231.44
22380,TOY TIDY SPACEBOY,2.4647971014492756,4964,10217.66
23582,VINTAGE DOILY JUMBO BAG RED,2.2147709923664123,4802,10206.41
22748,POPPY'S PLAYHOUSE KITCHEN,2.4121276595744683,4142,10161.4
21892,TRADITIONAL WOODEN CATCH CUP GAME,1.570631704410012,7826,10151.28
84997C,CHILDRENS CUTLERY POLKADOT BLUE,4.406824034334764,2582,10150.76
22970,LONDON BUS COFFEE MUG,2.730219435736677,4334,10140.6
21033,JUMBO BAG CHARLIE AND LOLA TOYS,3.3389703315881327,4590,10132.11
22966,GINGERBREAD MAN COOKIE CUTTER,1.440776439089692,8219,10131.26
21781,MA CAMPAGNE CUTLERY BOX,16.549700272479562,655,10125.72
84792,ENCHANTED BIRD COATHANGER 5 HOOK,5.2575623800383875,2297,10119.51
22771,CLEAR DRAWER KNOB ACRYLIC EDWARDIAN,1.5409441233140655,7465,10117.08
22381,TOY TIDY PINK POLKADOT,2.941208053691275,4712,10090.01
23171,REGENCY TEA PLATE GREEN,2.128433420365535,6247,10051.99
21558,SKULL LUNCH BOX WITH CUTLERY,3.2565963431786216,3909,10014.54
21756,BATH BUILDING BLOCK WORD,6.565616438356165,1612,9944.65
22327,ROUND SNACK BOXES SET OF 4 SKULLS,3.8013030303030306,3065,9943.55
23076,ICE CREAM SUNDAE LIP GLOSS,1.35028880866426,8076,9935.76
22131,FOOD CONTAINER SET 3 LOVE HEART,2.551026722925457,5243,9914.89
84880,WHITE WIRE EGG HOLDER,6.7271618037135275,1729,9894.99
22300,COFFEE MUG DOG + BALL DESIGN,3.0111320754716977,4116,9891.4
85232B,SET/3 RUSSIAN DOLL STACKING TINS,5.845614973262033,1968,9867.14
22429,ENAMEL MEASURING JUG CREAM,4.822738853503185,2280,9844.039999999999
20829,GLITTER HANGING BUTTERFLY STRING,2.4219755600814663,4820,9825.02
48184,DOOR MAT ENGLISH ROSE,7.763630769230769,1481,9816.33
21488,RED WHITE SCARF  HOT WATER BOTTLE,4.569120879120879,2384,9784.58
22645,CERAMIC HEART FAIRY CAKE MONEY BANK,2.0228301886792455,5440,9765.529999999999
22745,POPPY'S PLAYHOUSE BEDROOM,2.482682584269663,3976,9764.64
79000,MOROCCAN TEA GLASS,1.3779587155963302,11973,9759.91
23240,SET OF 4 KNICK KNACK TINS DOILY,4.541388888888889,2352,9726.48
22549,PICTURE DOMINOES,1.8593767313019391,6521,9718.41
47570B,TEA TIME TABLE CLOTH,11.808805309734513,973,9622.27
84997D,PINK 3 PIECE POLKADOT CUTLERY SET,4.037937062937063,2634,9621.970000000001
22840,ROUND CAKE TIN VINTAGE RED,8.261479591836734,1264,9602.6
22665,RECIPE BOX BLUE SKETCHBOOK DESIGN,3.7711456859971717,2955,9589.84
23175,REGENCY MILK JUG PINK,3.8787915407854987,3160,9587.15
22978,PANTRY ROLLING PIN,4.3442436974789915,2464,9564.98
85099B,RED RETROSPOT JUMBO BAG,2.143490566037736,5417,9563.89
22381,TOY TIDY PINK RETROSPOT,2.4802912621359225,4553,9529.53
82552,WASHROOM METAL SIGN,1.5468875,6955,9527.16
35961,FOLKART ZINC HEART CHRISTMAS DEC,1.1431424148606812,11430,9514.78
16014,SMALL CHINESE STYLE SCISSOR,0.39526881720430107,29355,9513.1
22767,TRIPLE PHOTO FRAME CORNICE,10.317710437710437,1004,9478.23
22942,CHRISTMAS LIGHTS 10 SANTAS,8.545263157894736,1221,9466.41
82001S,VINYL RECORD FRAME SILVER,4.134126213592233,2639,9463.64
85014A,BLACK/BLUE POLKADOT UMBRELLA,6.3690575916230365,1656,9433.61
21539,RED RETROSPOT BUTTER DISH,5.834232902033272,1856,9408.77
21716,BOYS VINTAGE TIN SEASIDE BUCKET,3.3368737474949897,3709,9397.07
20970,PINK FLORAL FELTCRAFT SHOULDER BAG,4.142339688041595,2490,9387.29
21385,IVORY HANGING DECORATION  HEART,1.0488716502115656,10832,9358.94
22357,KINGS CHOICE BISCUIT TIN,5.123658008658009,2073,9352.41
84692,BOX OF 24 COCKTAIL PARASOLS,0.6297456140350877,19085,9336.68
22656,VINTAGE BLUE KITCHEN CABINET,214.86486486486487,45,9290.0
21658,GLASS  BEURRE DISH,5.327878787878788,2225,9271.89
22219,LOVEBIRD HANGING DECORATION WHITE,1.1349401709401707,9771,9270.48
20747,PICCADILLY TEA SET,15.723703703703702,683,9224.92
23319,BOX OF 6 MINI 50'S CRACKERS,2.651167883211679,3720,9219.53
21745,GAOLERS KEYS DECORATIVE GARDEN,3.953394308943089,2699,9201.49
22741,FUNKY DIVA PEN,1.0997610921501706,10652,9173.029999999999
22121,NOEL WOODEN BLOCK LETTERS,6.6425,1481,9167.61
23318,BOX OF 6 MINI VINTAGE CRACKERS,2.7416492146596863,3809,9162.41
23080,RED METAL BOX TOP SECRET,9.339272030651342,1074,9117.62
21933,PINK VINTAGE PAISLEY PICNIC BAG,2.4375316455696203,4116,9087.63
21777,RECIPE BOX WITH METAL HEART,9.097527173913043,1126,9075.51
84030E,ENGLISH ROSE HOT WATER BOTTLE,4.866748466257669,2122,9042.15
22195,LARGE HEART MEASURING SPOONS,2.2512576312576313,5043,9005.64
22989,SET 2 PANTRY DESIGN TEA TOWELS,3.6862698412698416,2811,8999.27
21715,GIRLS VINTAGE TIN SEASIDE BUCKET,3.257576374745417,3553,8987.24
21985,PACK OF 12 HEARTS DESIGN TISSUES,0.4081974248927039,25523,8972.11
22371,AIRLINE BAG VINTAGE TOKYO 78,5.362751091703057,1828,8936.8
22141,CHRISTMAS CRAFT TREE TOP ANGEL,2.595549828178694,3663,8895.21
23322,LARGE WHITE HEART OF WICKER,3.1351398601398603,3069,8878.21
22333,RETROSPOT PARTY BAG + STICKER SET,1.8650121065375302,5648,8857.32
23439,HAND WARMER RED LOVE HEART,2.2266262135922332,3986,8855.51
84997B,RED 3 PIECE RETROSPOT CUTLERY SET,3.9800000000000004,2418,8846.86
22215,CAKE STAND WHITE TWO TIER LACE,9.028802228412257,1085,8809.93
22839,3 TIER CAKE TIN GREEN AND CREAM,18.081206225680933,566,8794.42
20718,RED SPOTTY SHOPPER BAG,1.5206551059730251,7058,8763.09
84839,SWEETHEART KEY CABINET,7.216472081218274,1523,8747.05
20718,RED RETROSPOT SHOPPER BAG,1.7553934191702432,6295,8694.26
20974,12 PENCILS SMALL TUBE SKULL,0.7466,13219,8686.539999999999
22895,SET OF 2 TEA TOWELS APPLE AND PEARS,3.46310843373494,2847,8648.49
22212,FOUR HOOK  WHITE LOVEBIRDS,2.6206428571428573,4024,8642.3
84032A,CHARLIE+LOLA PINK HOT WATER BOTTLE,3.3137987987987993,3234,8624.1
21381,MINI WOODEN HAPPY BIRTHDAY GARLAND,2.192467771639042,5104,8568.0
21135,VICTORIAN  METAL POSTCARD SPRING,2.0081490384615384,5985,8567.24
22110,BIRD HOUSE HOT WATER BOTTLE,3.8439885496183206,2609,8563.76
23082,SET 6 PAPER TABLE LANTERN HEARTS,4.093564356435643,2328,8558.76
23078,ICE CREAM PEN LIP GLOSS,1.4267315175097277,6831,8553.34
22283,6 EGG HOUSE PAINTED WOOD,9.60413612565445,1032,8533.09
21186,WHITE DOVE HONEYCOMB PAPER GARLAND,2.0303733333333334,5272,8532.17
23256,CHILDRENS CUTLERY SPACEBOY,4.469945054945056,2077,8517.67
21932,SCANDINAVIAN PAISLEY PICNIC BAG,2.427794793261868,3871,8498.61
23493,VINTAGE DOILY TRAVEL SEWING KIT,2.156320754716981,3964,8497.98
72807C,SET/3 VANILLA SCENTED CANDLE IN BOX,5.3535057471264365,1983,8489.17
79323LP,LIGHT PINK CHERRY LIGHTS,6.871764705882353,1433,8481.19
22079,RIBBON REEL HEARTS DESIGN,1.9348115942028985,5028,8457.84
85049E,SCANDINAVIAN REDS RIBBONS,1.4771108490566036,6316,8453.47
22078,RIBBON REEL LACE DESIGN,2.4969199178644765,3984,8449.94
22751,FELTCRAFT PRINCESS OLIVIA DOLL,4.140936170212766,2264,8445.97
23321,SMALL WHITE HEART OF WICKER,1.7480124223602485,4716,8438.54
48188,DOOR MAT WELCOME PUPPIES,8.033777777777777,1458,8429.7
21533,RETRO SPOT LARGE MILK JUG,5.504386973180076,1687,8420.28
22358,KINGS CHOICE TEA CADDY,3.872950819672131,2651,8393.61
51008,AFGHAN SLIPPER SOCK PAIR,3.4,2604,8378.8
22329,ROUND CONTAINER SET OF 5 RETROSPOT,2.0815901639344263,5123,8371.05
22628,PICNIC BOXES SET OF 3 RETROSPOT,5.627806267806268,1744,8367.8
22689,DOORMAT MERRY CHRISTMAS RED,9.377509433962263,1092,8366.72
21411,GINGHAM HEART  DOORSTOP RED,4.870365659777424,2090,8352.94
21787,RAIN PONCHO RETROSPOT,1.0369426751592357,10408,8333.11
21934,SKULL SHOULDER BAG,2.1966574965612105,4597,8275.22
21523,DOOR MAT FANCY FONT HOME SWEET HOME,8.55326530612245,1178,8238.8
21874,GIN AND TONIC MUG,1.814602917341977,6332,8209.17
85067,CREAM SWEETHEART WALL CABINET,20.3275,496,8201.99
21533,RETROSPOT LARGE MILK JUG,5.393,1656,8194.59
22055,MINI CAKE STAND  HANGING STRAWBERY,2.162878179384203,4925,8179.19
84997C,BLUE 3 PIECE POLKADOT CUTLERY SET,3.90625,2246,8150.63
85049A,TRADITIONAL CHRISTMAS RIBBONS,1.4529264705882352,6151,8114.78
82551,LAUNDRY 15C METAL SIGN,1.6683046357615894,5641,8081.139999999999
22796,PHOTO FRAME 3 CLASSIC HANGING,10.424025157232704,806,8020.45
22738,RIBBON REEL SNOWY VILLAGE,2.1882599999999996,4447,8012.57
21121,SET/10 RED SPOTTY PARTY CANDLES,1.3632142857142857,6561,7990.7699999999995
22504,CABIN BAG VINTAGE RETROSPOT,25.72113043478261,366,7985.03
21122,SET/10 PINK POLKADOT PARTY CANDLES,1.3621779859484777,6543,7962.62
21035,SET/2 RED SPOTTY TEA TOWELS,3.611655011655012,2659,7960.57
22592,CARDHOLDER HOLLY WREATH METAL,4.434281045751634,1980,7956.84
21115,ROSE CARAVAN DOORSTOP,7.740046189376444,1247,7955.84
21769,VINTAGE POST OFFICE CABINET,77.62666666666667,123,7954.87
21527,RETRO SPOT TRADITIONAL TEAPOT,9.134448669201522,1008,7937.910000000001
21154,RED RETROSPOT OVEN GLOVE,1.8798606271777003,5279,7916.58
21116,OWL DOORSTOP,6.772915887850468,1355,7900.01
21875,KINGS CHOICE MUG,1.7020432692307692,6818,7882.08
22466,FAIRY TALE COTTAGE NIGHTLIGHT,2.2937722419928823,4336,7877.84
22275,WEEKEND BAG VINTAGE ROSE PAISLEY,8.88564263322884,946,7875.33
22890,NOVELTY BISCUITS CAKE STAND 3 TIER,11.051226053639846,800,7821.96
21976,PACK OF 60 MUSHROOM CAKE CASES,0.7703626943005181,14570,7792.37
21531,RED RETROSPOT SUGAR JAM BOWL,2.9704948805460747,3152,7791.88
84568,GIRLS ALPHABET IRON ON PATCHES,0.37338709677419357,37066,7788.67
23238,SET OF 4 KNICK KNACK TINS LONDON,4.752158273381295,1849,7771.61
20717,STRAWBERRY SHOPPER BAG,1.5932549019607842,6296,7767.48
20685,DOORMAT RED SPOT,8.040338164251207,1086,7765.42
23204,CHARLOTTE BAG APPLES DESIGN,1.1219453924914675,7976,7741.94
23007,SPACEBOY BABY GIFT SET,15.913423913043477,498,7741.75
21110,LARGE CAKE TOWEL PINK SPOTS,7.420120120120121,1640,7729.37
22784,LANTERN CREAM GAZEBO,5.620080428954424,1551,7727.14
84032B,CHARLIE + LOLA RED HOT WATER BOTTLE,3.087963576158941,3285,7699.25
22165,"DIAMANTE HEART SHAPED WALL MIRROR,",12.870218181818181,976,7673.73
22550,HOLIDAY FUN LUDO,4.36481220657277,2058,7669.64
22809,SET OF 6 T-LIGHTS SANTA,3.3670680628272254,2568,7664.72
21870,I CAN ONLY PLEASE ONE PERSON MUG,1.5364826498422712,6083,7627.49
22528,GARDENERS KNEELING PAD,1.4907692307692308,5824,7623.41
22669,RED BABY BUNTING,3.627551020408163,2386,7613.94
22493,PAINT YOUR OWN CANVAS SET,1.8342227378190255,4738,7608.12
22991,GIRAFFE WOODEN RULER,2.273655913978495,3887,7604.889999999999
20685,RED SPOTTY COIR DOORMAT,7.999951923076923,1174,7563.34
22588,CARD HOLDER GINGHAM HEART,3.1043032786885245,2747,7559.94
22489,PACK OF 12 TRADITIONAL CRAYONS,0.511937106918239,17916,7548.67
22349,DOG BOWL CHASING BALL DESIGN,4.138275862068966,1817,7537.37
22360,GLASS JAR ENGLISH CONFECTIONERY,3.779718309859155,2501,7529.6
22224,WHITE LOVEBIRD LANTERN,3.6157920792079206,2373,7527.94
85065,CREAM SWEETHEART TRAYS,13.5696875,620,7524.44
85064,CREAM SWEETHEART LETTER RACK,6.1648028673835125,1595,7493.06
21463,MIRRORED DISCO BALL,6.5647350993377485,1349,7484.81
82580,BATHROOM METAL SIGN,0.7649147516679022,13249,7458.5199999999995
20676,RED RETROSPOT BOWL,1.6147176684881603,5846,7445.51
11001,ASSTD DESIGN RACING CAR PEN,1.8730078125,4829,7408.65
21216,"SET 3 RED SPOT TIN TEA,COFFEE,SUGAR",6.161862745098039,1500,7404.09
72351A,SET/6 TURQUOISE BUTTERFLY T-LIGHTS,2.299032258064516,3728,7368.68
22945,CHRISTMAS METAL TAGS ASSORTED,2.2110693641618497,7641,7365.7
21737,SET 3 WICKER LOG BASKETS,19.868048780487804,398,7362.66
21361,LOVE LARGE WOOD LETTERS,14.29027777777778,556,7361.74
23382,BOX OF 6 CHRISTMAS CAKE DECORATIONS,4.660950226244344,1875,7356.18
21876,POTTERING MUG,1.9827884615384614,5663,7351.25
22798,ANTIQUE GLASS DRESSING TABLE POT,3.730337078651685,2367,7336.09
21114,LAVENDER SCENTED FABRIC HEART,1.8057029702970298,5666,7306.14
22282,12 EGG HOUSE PAINTED WOOD,16.838657407407407,561,7304.69
22465,HANGING METAL STAR LANTERN,1.865506329113924,4517,7284.24
22907,PACK OF 20 NAPKINS PANTRY DESIGN,0.9729777256740914,8686,7279.03
23083,SET 6 PAPER TABLE LANTERN STARS,4.236586345381526,1932,7250.9
23240,SET OF 4 KNICK KNACK TINS DOILEY,4.260486486486487,1819,7248.79
22813,PACK 3 BOXES BIRD PANNETONE,2.3573198847262247,3741,7211.99
85174,S/4 CACTI CANDLES,6.645643835616438,1459,7193.46
22626,BLACK KITCHEN SCALES,9.225457227138643,837,7167.48
21981,PACK OF 12 WOODLAND TISSUES,0.4652304964539007,26204,7129.46
22577,WOODEN HEART CHRISTMAS SCANDINAVIAN,0.650046565774156,13987,7123.929999999999
48173C,DOOR MAT BLACK FLOCK,7.367944444444444,1233,7100.21
48116,DOOR MAT MULTICOLOUR STRIPE,8.278953974895398,1102,7078.28
22644,CERAMIC CHERRY CAKE MONEY BANK,1.9670195439739413,4857,7069.88
22781,GUMBALL MAGAZINE RACK,9.49896103896104,867,7060.58
23320,GIANT 50'S CHRISTMAS CRACKER,2.805680473372781,2661,7053.57
23215,JINGLE BELL HEART ANTIQUE SILVER,2.2615962441314554,3564,7038.400000000001
21625,VINTAGE UNION JACK APRON,8.184553571428571,984,7037.62
21700,BIG DOUGHNUT FRIDGE MAGNETS,3.2401704545454546,6335,7028.51
21984,PACK OF 12 PINK PAISLEY TISSUES,0.4113439635535307,25351,7023.95
37450,CERAMIC CAKE BOWL + HANGING CAKES,3.4510804020100503,2444,7023.139999999999
23293,SET OF 12 FAIRY CAKE BAKING CASES,1.0651805054151624,8471,6989.54
22618,COOKING SET RETROSPOT,10.469341563786006,718,6984.349999999999
21497,FANCY FONTS BIRTHDAY WRAP,0.4176907216494845,17500,6978.0
22567,20 DOLLY PEGS RETROSPOT,1.4558431372549019,5561,6955.83
22243,5 HOOK HANGER RED MAGIC TOADSTOOL,1.8835779816513762,4526,6951.45
84997A,GREEN 3 PIECE MINI DOTS CUTLERY SET,3.8622500000000004,1918,6948.650000000001
10002,INFLATABLE POLITICAL GLOBE,0.9791553133514985,8671,6942.26
22498,WOODEN REGATTA BUNTING,6.845091383812011,1135,6933.740000000001
22029,SPACEBOY BIRTHDAY CARD,0.5082160077145612,16779,6931.64
22563,HAPPY STENCIL CRAFT,1.317904411764706,5942,6923.849999999999
22377,BOTTLE BAG RETROSPOT,2.4734174311926607,3618,6920.11
21903,MAN FLU METAL SIGN,2.436167076167076,3436,6908.87
22938,CUPCAKE LACE PAPER SET 6,2.076981818181818,3687,6891.25
22220,CAKE STAND LOVEBIRD 2 TIER WHITE,10.384074074074073,745,6885.44
22085,PAPER CHAIN KIT SKULLS,3.188311688311688,2538,6883.87
21122,SET/10 PINK SPOTTY PARTY CANDLES,1.3205102040816326,5666,6882.16
21563,RED HEART SHAPE LOVE BUCKET,3.315123287671233,2786,6875.71
85220,SMALL FAIRY CAKE FRIDGE MAGNETS,1.3,12236,6875.0
84997A,CHILDRENS CUTLERY POLKADOT GREEN,4.607849462365592,1728,6864.42
47502,POLKADOT CUTLERY 24 PCS IN TRAY,14.809113924050632,640,6855.75
37448,CERAMIC CAKE DESIGN SPOTTED MUG,1.8049816176470588,4549,6827.21
22378,WALL TIDY RETROSPOT,2.864021937842779,3749,6826.51
22187,GREEN CHRISTMAS TREE CARD HOLDER,4.355464480874317,2104,6820.7
35004B,SET OF 3 BLACK FLYING DUCKS,6.741594202898551,1474,6809.65
23297,SET 40 HEART SHAPE PETIT FOUR CASES,1.8389570552147239,4303,6792.23
21989,PACK OF 20 SKULL PAPER NAPKINS,1.0801963746223564,8552,6790.7
37500,TEA TIME TEAPOT IN GIFT BOX,9.145227272727272,881,6787.46
20973,12 PENCIL SMALL TUBE WOODLAND,0.7815611192930781,9863,6773.95
22431,WATERING CAN BLUE ELEPHANT,2.3595826645264846,3365,6771.5199999999995
23541,WALL ART CLASSIC PUDDINGS,9.736866666666666,864,6762.71
22430,ENAMEL WATERING CAN CREAM,5.599301675977654,1397,6761.38
21768,WALL MOUNTED VINTAGE ORGANISER,18.043353658536585,497,6756.09
22311,OFFICE MUG WARMER BLACK+SILVER,4.553046357615894,2116,6755.56
23254,CHILDRENS CUTLERY DOLLY GIRL,4.270341296928327,1667,6753.71
21992,VINTAGE PAISLEY STATIONERY SET,2.4166012084592143,3320,6744.8
22354,RETROSPOT PADDED SEAT CUSHION,4.323688888888889,1753,6735.63
22810,SET OF 6 T-LIGHTS SNOWMEN,3.41,2199,6729.13
23008,DOLLY GIRL BABY GIFT SET,16.12609022556391,433,6719.61
23480,MINI LIGHTS WOODLAND MUSHROOMS,4.428761467889909,1798,6719.14
22221,CAKE STAND LOVEBIRD 2 TIER PINK,10.578535031847133,905,6702.33
22575,METAL MERRY CHRISTMAS WREATH,2.092623906705539,3113,6699.71
22746,POPPY'S PLAYHOUSE LIVINGROOM,2.4317162872154117,2910,6699.25
22526,WHEELBARROW FOR CHILDREN,13.60014423076923,544,6689.67
48129,DOOR MAT TOPIARY,7.641971153846153,1040,6681.38
23247,BISCUIT TIN 50'S CHRISTMAS,3.2880906148867313,2194,6681.25
85014D,PINK/BROWN DOTS RUFFLED UMBRELLA,6.064444444444446,1918,6664.45
85047,WHITE BEADED GARLAND STRING 20LIGHT,7.060333333333333,1051,6664.33
47599B,BLUE PARTY BAGS,2.2239100346020764,3492,6662.54
85068,CREAM SWEETHEART SHELF + HOOKS,8.65251256281407,960,6647.24
22432,WATERING CAN PINK BUNNY,2.27775828460039,3484,6636.82
22779,WOODEN OWLS LIGHT GARLAND,4.198775510204082,1735,6631.35
21107,CREAM SLICE FLANNEL PINK SPOT,3.6443492063492062,2302,6624.77
22661,CHARLOTTE BAG DOLLY GIRL DESIGN,0.9583385579937304,8199,6620.45
85175,CACTI T-LIGHT CANDLES,1.0437387387387387,15566,6606.26
20975,12 PENCILS SMALL TUBE RED RETROSPOT,0.7308241758241759,9880,6570.68
ADJUST,Adjustment by john on 26/01/2010 17,410.21875,16,6563.5
16156S,WRAP PINK FAIRY CAKES,0.41532219570405726,16661,6558.62
23229,VINTAGE DONKEY TAIL GAME,4.252261904761904,1815,6550.17
22332,SKULLS PARTY BAG + STICKER SET,1.8224675324675323,4158,6520.55
21201,TROPICAL  HONEYCOMB PAPER GARLAND,2.9802066115702477,2741,6517.16
22364,GLASS JAR DIGESTIVE BISCUITS,3.9219590643274853,2054,6498.61
23311,VINTAGE CHRISTMAS STOCKING,2.9656772334293944,2390,6488.2
22845,VINTAGE CREAM CAT FOOD CONTAINER,7.843608247422681,955,6482.96
22148,EASTER CRAFT 4 CHICKS,2.3137377049180325,3237,6480.29
22596,CHRISTMAS STAR WISH LIST CHALKBOARD,1.123573033707865,6331,6471.2
23103,JINGLE BELL HEART DECORATION,1.8494550408719346,3820,6459.16
82486,3 DRAWER ANTIQUE WHITE WOOD CABINET,9.293529411764705,734,6457.94
21494,ROTATING LEAVES T-LIGHT HOLDER,2.5810453648915184,3833,6449.0
22142,CHRISTMAS CRAFT WHITE FAIRY,1.7261165048543687,4300,6445.389999999999
15060B,FAIRY CAKE DESIGN UMBRELLA,5.541804008908686,1414,6444.9800000000005
23553,LANDMARK FRAME CAMDEN TOWN,13.30220588235294,568,6444.65
23134,LARGE ZINC HEART WALL ORGANISER,7.9068421052631574,1065,6431.110000000001
22414,DOORMAT NEIGHBOURHOOD WITCH,9.481420118343195,1092,6419.7
23571,TRADITIONAL NAUGHTS & CROSSES,1.8921374045801527,2841,6406.91
21242,RED RETROSPOT PLATE,2.086287262872629,3735,6394.53
22979,PANTRY WASHING UP BRUSH,1.8184334203655352,4090,6391.82
79067,CORONA MEXICAN TRAY,4.938517587939699,1615,6380.2
23307,SET OF 60 PANTRY DESIGN CAKE CASES,0.6839469578783152,12049,6371.889999999999
22072,RED RETROSPOT TEA CUP AND SAUCER,4.360233160621761,1705,6364.67
85062,PEARL CRYSTAL PUMPKIN T-LIGHT HLDR,1.7979190751445084,3886,6363.28
22578,WOODEN STAR CHRISTMAS SCANDINAVIAN,0.6213483146067416,13230,6358.04
22063,CERAMIC BOWL WITH STRAWBERRY DESIGN,3.645095890410959,2303,6356.0599999999995
21746,SMALL RED RETROSPOT WINDMILL,1.4903349282296652,5113,6351.9
23172,REGENCY TEA PLATE PINK,2.06783606557377,3861,6344.41
47591D,PINK FAIRY CAKE CHILD'S APRON,2.085051282051282,3438,6339.17
22582,PACK OF 6 SWEETIE GIFT BOXES,2.8735430463576157,2522,6324.7699999999995
84520B,PACK 20 ENGLISH ROSE PAPER NAPKINS,1.040450204638472,7390,6321.62
22783,SET 3 WICKER OVAL BASKETS W LIDS,15.91088888888889,482,6316.3
47559B,TEA TIME OVEN GLOVE,1.4079184247538679,5116,6311.69
22460,EMBOSSED GLASS TEALIGHT HOLDER,1.5209523809523808,4771,6283.87
22065,CHRISTMAS PUDDING TRINKET POT,1.4237659574468085,8640,6273.84
20754,RETRO RED SPOTTY WASHING UP GLOVES,2.476270783847981,3139,6257.39
84884A,ANT WHITE WIRE HEART SPIRAL,4.5332371794871795,1708,6248.28
22739,RIBBON REEL CHRISTMAS SOCK BAUBLE,2.2521568627450983,3321,6226.44
22185,SLATE TILE NATURAL HANGING,1.9247854077253217,3896,6224.72
22906,12 MESSAGE CARDS WITH ENVELOPES,1.993505376344086,3370,6214.83
22826,LOVE SEAT ANTIQUE WHITE METAL,114.02439024390245,58,6210.0
21124,SET/10 BLUE POLKADOT PARTY CANDLES,1.2908653846153846,5128,6205.84
22435,SET OF 9 HEART SHAPED BALLOONS,1.4271297989031078,4915,6185.22
23169,CLASSIC GLASS COOKIE JAR,4.753455149501661,1437,6183.39
21714,CITRONELLA CANDLE GARDEN POT,1.7584600760456273,4283,6182.39
21078,SET/20 STRAWBERRY PAPER NAPKINS,1.1088741721854303,7211,6181.25
22780,LIGHT GARLAND BUTTERFILES PINK,4.196629834254144,1623,6167.59
22222,CAKE PLATE LOVEBIRD WHITE,5.630868486352358,1489,6160.84
84832,ZINC WILLIE WINKIE  CANDLE STICK,1.0830265210608425,6794,6134.7
22196,SMALL HEART MEASURING SPOONS,1.1788756218905472,6574,6130.99
21667,GLASS CAKE COVER AND PLATE,18.958098159509202,354,6126.25
23192,BUNDLE OF 3 ALPHABET EXERCISE BOOKS,1.7743304843304841,3516,6114.24
23118,PARISIENNE JEWELLERY DRAWER,8.39046511627907,813,6102.18
22849,BREAD BIN DINER STYLE MINT,16.822151898734177,390,6091.38
22898,CHILDRENS APRON APPLES DESIGN,2.4870246085011187,2877,6079.45
72802C,VANILLA SCENT CANDLE JEWELLED BOX,4.5729520295202954,2184,6047.5599999999995
22361,GLASS JAR DAISY FRESH COTTON WOOL,4.2679718875502015,1845,6036.26
23534,WALL ART STOP FOR TEA,7.867545454545455,869,6036.2
85178,VICTORIAN SEWING KIT,1.363103448275862,5478,6024.52
20751,FUNKY WASHING UP GLOVES ASSORTED,2.3205465587044536,2839,6023.26
20979,36 PENCILS TUBE RED RETROSPOT,1.57,4761,6019.7
21586,KINGS CHOICE GIANT TUBE MATCHES,2.5149590163934423,2583,6018.75
21918,SET 12 KIDS COLOUR  CHALK STICKS,0.5222893081761006,14598,6013.14
22331,WOODLAND PARTY BAG + STICKER SET,1.9771655328798186,3660,6011.57
21591,COSY HOUR CIGAR BOX MATCHES,1.262421052631579,3978,6003.08
22848,BREAD BIN DINER STYLE PINK,18.048581081081082,373,6001.0
23296,SET OF 6 TEA TIME BAKING CASES,1.524240837696335,4979,5985.55
21980,PACK OF 12 RED SPOTTY TISSUES,0.37857142857142856,22721,5981.81
22855,FINE WICKER HEART,1.468498845265589,4795,5979.24
21124,SET/10 BLUE SPOTTY PARTY CANDLES,1.3044984802431612,4901,5966.95
23312,VINTAGE CHRISTMAS GIFT SACK,4.452293577981651,1423,5964.150000000001
22278,OVERNIGHT BAG VINTAGE ROSE PAISLEY,6.753556701030928,1016,5959.53
23535,WALL ART BICYCLE SAFETY,7.849252873563218,845,5954.150000000001
22491,PACK OF 12 COLOURED PENCILS,0.8962025316455696,7423,5950.0
23052,RECYCLED ACAPULCO MAT TURQUOISE,9.784460431654676,654,5949.34
22348,TEA BAG PLATE RED SPOTTY,1.0631063829787233,7126,5934.19
22827,RUSTIC  SEVENTEEN DRAWER SIDEBOARD,158.79310344827587,38,5910.0
22772,PINK DRAWER KNOB ACRYLIC EDWARDIAN,1.6559682539682539,4353,5884.92
21407,BROWN CHECK CAT DOORSTOP,5.250021978021978,1294,5883.33
21561,DINOSAUR LUNCH BOX WITH CUTLERY,2.9172330097087373,2399,5874.01
23113,PANTRY CHOPPING BOARD,6.361754385964912,1154,5868.5
22971,QUEENS GUARD COFFEE MUG,2.7821167883211677,2431,5849.29
23485,BOTANICAL GARDENS WALL CLOCK,24.791807228915662,262,5843.92
23154,SET OF 4 JAM JAR MAGNETS,2.2075000000000005,2701,5842.88
22737,RIBBON REEL CHRISTMAS PRESENT,2.1432803180914513,3266,5840.43
22660,DOORMAT I LOVE LONDON,9.09840206185567,881,5839.41
21832,CHOCOLATE CALCULATOR,2.2659482758620686,3338,5836.76
21988,PACK OF 6 SKULL PAPER PLATES,0.9512735849056603,7829,5820.099999999999
85132C,CHARLIE AND LOLA FIGURES TINS,4.964092409240924,2062,5818.94
22841,ROUND CAKE TIN VINTAGE GREEN,8.422185430463577,745,5811.87
85038,6 CHOCOLATE LOVE HEART T-LIGHTS,2.492030456852792,2778,5803.58
22687,DOORMAT CHRISTMAS VILLAGE,9.817046979865772,895,5784.67
21313,GLASS HEART T-LIGHT HOLDER,1.1320383693045564,6711,5771.11
22964,3 PIECE SPACEBOY COOKIE CUTTER SET,2.513543689320388,2761,5768.83
22200,FRYING PAN PINK POLKADOT,5.627633802816901,1289,5750.95
21498,RED RETROSPOT WRAP,0.41777272727272724,14051,5736.42
37495,FAIRY CAKE BIRTHDAY CANDLE SET,4.146737160120845,1560,5732.6
21452,TOADSTOOL MONEY BOX,3.4630382775119615,1875,5731.33
22441,GROW YOUR OWN BASIL IN ENAMEL MUG,2.4285924369747898,2644,5729.57
22241,GARLAND WOODEN HAPPY EASTER,1.5886111111111112,4244,5728.53
21577,SAVE THE PLANET COTTON TOTE BAG,2.713261802575107,2556,5716.5199999999995
22341,LOVE GARLAND PAINTED ZINC,2.3590495867768593,3467,5698.89
22115,METAL SIGN EMPIRE TEA,3.2748111332007954,2889,5695.1
22060,LARGE CAKE STAND HANGING HEARTS,9.86751552795031,733,5691.41
21528,DAIRY MAID TRADITIONAL TEAPOT,7.654163424124514,899,5680.15
20676,RED SPOTTY BOWL,1.4670212765957447,4629,5660.19
22045,SPACEBOY GIFT WRAP,0.41883408071748873,13767,5656.14
21703,BAG 125g SWIRLY MARBLES,0.49681109185441935,14577,5646.47
22335,HEART DECORATION PAINTED ZINC,0.8489312977099237,8666,5644.77
22854,CREAM SWEETHEART EGG HOLDER,5.4540650406504065,1160,5624.5
22653,BUTTON BOX,2.042291666666667,3031,5618.21
84968B,S/16 VINTAGE IVORY CUTLERY,14.94753846153846,423,5617.66
22073,RED RETROSPOT STORAGE JAR,4.634924012158055,1395,5604.6
21207,SKULL AND CROSSBONES  GARLAND,1.7603886925795054,3601,5597.42
84997A,GREEN 3 PIECE POLKADOT CUTLERY SET,4.002814371257485,1539,5587.63
21749,LARGE RED SPOT WINDMILL,2.7224999999999997,2945,5554.92
22119,PEACE WOODEN BLOCK LETTERS,6.8107204610951015,896,5543.87
22899,CHILDREN'S APRON DOLLY GIRL,2.41990171990172,2666,5542.95
23531,WALL ART BIG LOVE,7.661681415929204,976,5538.26
22156,HEART DECORATION WITH PEARLS,1.0765151515151514,6156,5537.57
21730,GLASS STAR FROSTED T-LIGHT HOLDER,5.4511111111111115,1115,5534.17
21900,"KEY FOB , SHED",0.8650058892815077,8323,5529.14
23133,LARGE IVORY HEART WALL ORGANISER,9.162451612903226,782,5525.4
21242,RED SPOTTY PLATE,1.876539792387543,3350,5523.2
23177,TREASURE ISLAND BOOK BOX,2.702074074074074,2532,5521.29
23158,SET OF 5 LUCKY CAT MAGNETS,2.674823529411765,2633,5513.83
22670,FRENCH WC SIGN BLUE METAL,1.5685416666666667,4432,5510.57
21955,DOOR MAT UNION JACK GUNS AND ROSES,8.957324561403508,797,5510.39
23583,LUNCH BAG PAISLEY PARK,1.8020481927710843,3385,5497.33
84971S,SMALL HEART FLOWERS HOOK,1.077489270386266,6489,5493.3099999999995
40016,CHINESE DRAGON PAPER LANTERNS,1.9042857142857144,15435,5487.3099999999995
82599,FANNY'S REST STOPMETAL SIGN,2.7062035225048926,2505,5479.44
79029,GLASS HONEYPOT WASP CATCHER,2.2632378223495704,2944,5473.82
22203,MILK PAN RED RETROSPOT,4.637994923857868,1402,5469.51
85232B,SET OF 3 BABUSHKA STACKING TINS,5.612958579881657,1093,5465.39
72756,FAIRY CAKE CANDLES,1.46953488372093,4012,5459.48
22437,SET OF 9 BLACK SKULL BALLOONS,0.9801552106430156,6514,5457.97
85061W,WHITE JEWELLED HEART DECORATION,1.0804968944099378,6306,5451.49
22168,ORGANISER WOOD ANTIQUE WHITE,8.504935483870968,656,5450.43
20677,PINK POLKADOT BOWL,1.64052757793765,4208,5449.13
84509A,SET OF 4 ENGLISH ROSE PLACEMATS,4.56997311827957,1406,5442.61
22483,RED GINGHAM TEDDY BEAR,3.3145845272206302,1877,5440.51
20978,36 PENCILS TUBE SKULLS,1.586796460176991,4117,5438.57
21432,SET OF 3 CASES WOODLAND DESIGN,6.09857740585774,942,5435.91
16161P,WRAP ENGLISH ROSE,0.41895454545454547,13198,5435.4
22186,RED STAR CARD HOLDER,3.2433526011560696,2004,5431.4
22763,KEY CABINET MA CAMPAGNE,11.09311111111111,662,5430.59
22595,CHRISTMAS GINGHAM HEART,0.9934455958549222,6396,5429.91
85063,CREAM SWEETHEART MAGAZINE RACK,18.89911111111111,308,5426.74
21749,LARGE RED RETROSPOT WINDMILL,2.503675213675214,2712,5426.0599999999995
23135,SMALL ZINC HEART WALL ORGANISER,5.675777777777777,1541,5416.18
23205,CHARLOTTE BAG VINTAGE ALPHABET,1.164375,5457,5405.88
21069,VINTAGE BILLBOARD TEA MUG,1.6897517730496454,5099,5404.36
84937,KASHMIR FOLKART TUMBLERS,4.990161290322581,2542,5394.54
22534,MAGIC DRAWING SLATE SPACEBOY,0.4958754208754209,12603,5393.83
22443,GROW YOUR OWN HERBS SET OF 3,8.465509433962264,683,5393.43
20682,RED RETROSPOT CHILDRENS UMBRELLA,3.9746511627906975,1585,5380.2699999999995
22333,RETRO SPORT PARTY BAG + STICKER SET,1.8630196078431371,3444,5370.08
21491,SET OF THREE VINTAGE GIFT WRAPS,2.124,2878,5367.01
22218,CAKE STAND LACE WHITE,5.398560606060606,1232,5365.66
22350,ILLUSTRATED CAT BOWL,3.1320283018867925,1894,5362.2
23494,VINTAGE DOILY DELUXE SEWING KIT,6.812864077669903,809,5354.01
35832,WOOLLY HAT SOCK GLOVE ADVENT STRING,3.7067368421052636,1737,5341.849999999999
21041,RED RETROSPOT OVEN GLOVE DOUBLE,4.283785310734463,1382,5334.0599999999995
37446,MINI CAKE STAND WITH HANGING CAKES,1.8811084337349397,3691,5332.25
22951,60 CAKE CASES DOLLY GIRL DESIGN,0.6774595469255663,10050,5314.12
21363,HOME SMALL WOOD LETTERS,5.966068796068797,984,5296.48
21155,RED SPOTTY PEG BAG,2.4614246575342467,2662,5282.89
20975,12 PENCILS SMALL TUBE RED SPOTTY,0.7519321148825066,8219,5278.03
22801,ANTIQUE GLASS PEDESTAL BOWL,4.593202614379085,1300,5277.95
22998,TRAVEL CARD WALLET KEEP CALM,0.49730483271375464,12366,5262.82
21718,RED METAL BEACH SPADE,1.6677659574468087,4030,5250.3
22564,ALPHABET STENCIL CRAFT,1.3229360465116278,4570,5221.4
22476,EMPIRE UNION JACK TV DINNER TRAY,6.592851851851852,1332,5218.61
21993,FLORAL FOLK STATIONERY SET,2.2613275862068964,2849,5216.88
22117,METAL SIGN HER DINNER IS SERVED,3.060434782608696,1765,5207.73
22691,DOORMAT WELCOME SUNRISE,8.919128440366974,758,5198.6
22030,SWALLOWS GREETING CARD,0.4647330447330447,12735,5197.84
21587,COSY HOUR GIANT TUBE MATCHES,2.5416974169741695,2071,5173.05
22180,RETRO SPOT LAMP,10.975306122448979,511,5164.42
21872,GLAMOROUS  MUG,1.54105421686747,5092,5163.8
22894,TABLECLOTH RED APPLES DESIGN,9.770309278350515,561,5160.78
22775,PURPLE DRAWERKNOB ACRYLIC EDWARDIAN,1.701896551724138,3609,5160.03
85132A,CHARLIE + LOLA BISCUITS TINS,6.6097600000000005,1348,5152.07
23263,SET OF 3 WOODEN HEART DECORATIONS,1.4479957805907173,3863,5147.19
21713,CITRONELLA CANDLE FLOWERPOT,2.3839393939393942,2733,5145.44
23162,REGENCY TEA STRAINER,4.422272727272728,1412,5143.69
23157,SET OF 6 NATIVITY MAGNETS,2.361597633136095,2557,5143.06
23165,LARGE CERAMIC TOP STORAGE JAR,1.9777738515901062,3114,5141.06
22412,METAL SIGN NEIGHBOURHOOD WITCH,2.5712315270935964,2401,5140.82
23132,SMALL IVORY HEART WALL ORGANISER,6.2221710526315785,1020,5138.6
22571,ROCKING HORSE RED CHRISTMAS,1.044126679462572,5780,5135.24
22426,ENAMEL WASH BOWL CREAM,4.713217158176944,1333,5133.3
22472,TV DINNER TRAY DOLLY GIRL,5.8694779116465865,1093,5130.62
22509,SEWING BOX RETROSPOT DESIGN,15.858031914893617,387,5130.36
22244,3 HOOK HANGER MAGIC GARDEN,2.7399999999999998,2732,5122.76
21498,RED SPOTS  WRAP,0.4171270718232044,12675,5115.5
22595,GINGHAM HEART DECORATION,1.0084761904761905,6139,5114.41
22610,PENS ASSORTED FUNNY FACE,0.5563194444444445,12680,5107.54
22374,AIRLINE BAG VINTAGE JET SET RED,5.329907407407408,1023,5099.84
23397,FOOT STOOL HOME SWEET HOME,11.573870967741934,489,5097.65
21471,STRAWBERRY RAFFIA FOOD COVER,3.9207523510971787,1406,5095.63
22433,WATERING CAN GREEN DINOSAUR,2.2687142857142857,2724,5080.98
23234,BISCUIT TIN VINTAGE CHRISTMAS,3.3792086330935254,1722,5079.78
22842,BISCUIT TIN VINTAGE RED,7.095194805194805,781,5078.03
23295,SET OF 12 MINI LOAF BAKING CASES,1.1117555555555554,6134,5073.45
20977,36 PENCILS TUBE WOODLAND,1.5680981595092023,3792,5069.99
21578,WOODLAND DESIGN  COTTON TOTE BAG,2.6083854166666667,2205,5062.86
23198,PANTRY MAGNETIC  SHOPPING LIST,1.7995876288659793,3342,5062.599999999999
23126,FELTCRAFT GIRL AMELIE KIT,5.402599277978339,1007,5059.14
21544,SKULLS  WATER TRANSFER TATTOOS,1.0451968503937008,6064,5052.21
48189,DOORMAT FRIENDSHIP,10.723684210526315,853,5050.04
22175,PINK OWL SOFT TOY,3.4206318681318684,1728,5033.51
46000S,POLYESTER FILLER PAD 40x40cm,1.45,3471,5032.95
22957,SET 3 PAPER VINTAGE CHICK PAPER EGG,3.115555555555556,1775,5014.65
23314,VINTAGE CHRISTMAS TABLECLOTH,13.607881355932204,407,5012.96
23109,PACK OF SIX LED TEA LIGHTS,3.2622815533980583,1752,5008.26
84796B,BLUE SAVANNAH PICNIC HAMPER FOR 2,9.24565934065934,600,4999.79
21071,VINTAGE BILLBOARD DRINK ME MUG,1.631194968553459,4269,4998.32
23310,BUBBLEGUM RING ASSORTED,0.47804878048780486,12050,4997.28
23543,WALL ART KEEP CALM,8.668470588235293,967,4994.79
22318,FIVE HEART HANGING DECORATION,3.6787786259541986,1583,4983.98
47568,ENGLISH ROSE DESIGN PEG BAG,2.543430656934307,2384,4983.0199999999995
21056,DOCTOR'S BAG SOFT TOY,9.701076923076922,545,4961.33
22583,PACK OF 6 HANDBAG GIFT BOXES,2.978753462603878,1873,4955.75
21896,POTTING SHED TWINE,2.4898293515358363,2387,4944.04
22180,RETROSPOT LAMP,11.550934579439252,464,4938.96
23556,LANDMARK FRAME COVENT GARDEN,12.61811320754717,436,4937.01
23570,TRADITIONAL PICK UP STICKS GAME,1.431118881118881,2772,4931.87
22604,SET OF 4 NAPKIN CHARMS CUTLERY,2.7537499999999997,1999,4911.72
22243,"HOOK, 5 HANGER ,MAGIC TOADSTOOL RED",1.9305649717514124,3152,4908.8
22199,FRYING PAN RED POLKADOT,5.07962962962963,1210,4890.14
22276,WASH BAG VINTAGE ROSE PAISLEY,3.0158556149732623,1889,4884.86
23010,CIRCUS PARADE BABY GIFT SET,16.296576576576577,315,4879.6
22956,36 FOIL HEART CAKE CASES,2.200530303030303,2494,4878.9
22632,HAND WARMER RED POLKA DOT,1.9858695652173914,2592,4876.2
23351,ROLL WRAP 50'S CHRISTMAS,1.5103072625698326,3535,4875.65
23503,PLAYING CARDS KEEP CALM & CARRY ON,1.279298245614035,3643,4860.55
22107,PIZZA PLATE IN BOX,4.6385522788203755,1240,4840.59
84270,ASSTD DESIGN BUBBLE GUM RING,0.2478361344537815,22936,4824.3
22593,CHRISTMAS GINGHAM STAR,1.0660671462829736,5420,4823.9
22027,TEA PARTY BIRTHDAY CARD,0.5224793388429751,11297,4806.49
23554,LANDMARK FRAME OXFORD STREET,13.047017543859647,422,4805.53
22242,"HOOK, 5 HANGER , MAGIC TOADSTOOL",1.9434230769230767,2982,4795.95
20682,RED SPOTTY CHILDS UMBRELLA,3.6955823293172694,1483,4791.04
23555,LANDMARK FRAME NOTTING HILL,12.897450980392156,421,4780.57
21534,DAIRY MAID LARGE MILK JUG,5.3836811594202905,938,4768.64
22442,GROW YOUR OWN FLOWERS SET OF 3,7.467803468208093,866,4765.32
23184,BULL DOG BOTTLE OPENER,6.4533082706766915,874,4764.5
22128,PARTY CONES CANDY ASSORTED,1.5353299492385786,3923,4759.59
22688,DOORMAT PEACE ON EARTH BLUE,8.462688172043011,865,4756.7
21249,WOODLAND  HEIGHT CHART STICKERS,3.6678294573643413,1655,4752.83
21916,SET 12 RETRO WHITE CHALK STICKS,0.5174068965517241,11011,4751.06
23286,BLUE VINTAGE SPOT BEAKER,1.03009009009009,5048,4747.62
22672,FRENCH BATHROOM SIGN BLUE METAL,1.946595744680851,2850,4736.11
22399,MAGNETS PACK OF 4 CHILDHOOD MEMORY,1.3057913669064747,4040,4734.6
22434,BALLOON PUMP WITH 10 BALLOONS,2.0394076655052262,2547,4733.49
84508A,CAMOUFLAGE DESIGN TEDDY,2.49078125,2223,4722.5599999999995
85049G,CHOCOLATE BOX RIBBONS,1.3707633587786259,3829,4718.62
23569,TRADTIONAL ALPHABET STAMP SET,5.3034693877551025,954,4717.66
22474,SPACEBOY TV DINNER TRAY,6.2308627450980385,966,4716.83
21588,RETROSPOT GIANT TUBE MATCHES,2.523243243243243,2056,4713.6
23159,SET OF 5 PANCAKE DAY MAGNETS,2.3199107142857143,2293,4713.52
22305,COFFEE MUG PINK PAISLEY DESIGN,2.7977083333333335,2267,4711.53
23558,LANDMARK FRAME LONDON BRIDGE,13.125384615384615,415,4703.87
23389,SPACEBOY MINI BACKPACK,4.537829787234043,1102,4697.54
23176,ABC TREASURE BOOK BOX,2.663215859030837,2165,4693.08
48197,DOOR MAT BIRD ON THE WIRE,9.640544554455445,667,4691.77
22304,COFFEE MUG BLUE PAISLEY DESIGN,2.8558682634730537,2380,4689.5599999999995
20961,STRAWBERRY BATH SPONGE,1.7074903474903476,3530,4687.65
22562,MONSTERS STENCIL CRAFT,1.3233585858585857,3978,4682.3
21156,RED SPOTTY CHILDS APRON,2.070704697986577,2506,4678.23
20963,APPLE BATH SPONGE,1.7628349514563106,3459,4676.15
22721,SET OF 3 CAKE TINS SKETCHBOOK,5.396275167785235,1020,4671.8099999999995
23241,TREASURE TIN GYMKHANA DESIGN,2.4851092896174864,2165,4669.55
22075,6 RIBBONS ELEGANT CHRISTMAS,1.8114325068870523,3079,4660.6900000000005
82581,TOILET METAL SIGN,0.6903583061889251,8399,4649.0
22348,TEA BAG PLATE RED RETROSPOT,1.0783632734530937,5327,4648.93
72807B,SET/3 OCEAN SCENT CANDLE JEWEL BOX,5.263973799126638,1059,4645.87
21243,PINK  SPOTTY PLATE,1.8960251046025103,2864,4645.09
15044B,BLUE PAPER PARASOL,3.5482539682539684,1670,4644.13
21042,RED SPOTTY APRON,6.717843137254902,794,4638.110000000001
22574,HEART WOODEN CHRISTMAS DECORATION,1.0663095238095237,5074,4629.17
21328,BALLOONS  WRITING SET,2.262357473035439,2441,4612.63
20675,BLUE POLKADOT BOWL,1.56426735218509,3616,4611.889999999999
21878,PACK OF 6 SANDCASTLE FLAGS ASSORTED,1.0591707317073171,5586,4586.48
22800,ANTIQUE TALL SWIRLGLASS TRINKET POT,4.836455223880598,1127,4586.4
23285,PINK VINTAGE SPOT BEAKER,1.06703125,4807,4572.41
10135,COLOURING PENCILS BROWN TUBE,1.3985626911314983,4226,4566.21
23404,HOME SWEET HOME BLACKBOARD,6.0208875739644965,1011,4561.76
15044D,RED PAPER PARASOL,3.438471615720524,1596,4559.65
51014A,"FEATHER PEN,HOT PINK",0.8243882978723404,6671,4556.5
22601,CHRISTMAS RETROSPOT ANGEL WOOD,1.0235071090047392,5250,4547.19
85184D,S/4 BLUE ROUND DECOUPAGE BOXES,3.496818181818182,8311,4546.78
22743,MAKE YOUR OWN FLOWERPOWER CARD KIT,3.5751396648044693,1502,4542.5
37447,CERAMIC CAKE DESIGN SPOTTED PLATE,1.988224043715847,2891,4540.849999999999
21614,SET OF 12 ROSE BOTANICAL T-LIGHTS,3.0643147208121833,1627,4538.17
21506,"FANCY FONT BIRTHDAY CARD,",0.4894152923538231,10878,4534.49
21990,MODERN FLORAL STATIONERY SET,2.26582,2453,4530.54
21564,PINK  HEART SHAPE LOVE BUCKET,3.22935593220339,1951,4524.5
22908,PACK OF 20 NAPKINS RED APPLES,0.955668016194332,5610,4524.0
23275,SET OF 3 HANGING OWLS OLLIE BEAK,1.4738323353293412,3720,4521.72
23163,REGENCY SUGAR TONGS,3.329234449760766,1832,4515.22
23112,PARISIENNE CURIO CABINET,9.16721991701245,546,4507.08
22760,"TRAY, BREAKFAST IN BED",14.2095,356,4506.89
23309,SET OF 60 I LOVE LONDON CAKE CASES,0.7424170616113744,8275,4495.849999999999
22747,POPPY'S PLAYHOUSE BATHROOM,2.4089655172413793,2035,4487.2
84279P,CHERRY BLOSSOM  DECORATIVE FLASK,4.604666666666667,1145,4476.67
23167,SMALL CERAMIC TOP STORAGE JAR,1.0025210084033613,5847,4476.01
22070,SMALL RED RETROSPOT MUG IN BOX,4.056386554621849,1511,4462.95
84968C,SET OF 16 VINTAGE PISTACHIO CUTLERY,15.193507462686568,375,4451.95
23288,GREEN VINTAGE SPOT BEAKER,1.0418817204301074,4625,4444.2300000000005
22736,RIBBON REEL MAKING SNOWMEN,2.2283863080684596,2467,4439.28
21064,BOOM BOX SPEAKER BOYS,5.502183908045977,884,4432.92
21864,UNION JACK FLAG PASSPORT COVER,2.754820143884892,1853,4431.54
22299,PIG KEYRING WITH LIGHT & SOUND,1.629207920792079,3912,4430.82
79341,WILLOW BRANCH LIGHTS.,8.0465,725,4423.69
21244,BLUE POLKADOT PLATE,2.033868312757202,2641,4419.44
22367,CHILDS APRON SPACEBOY DESIGN,2.046121794871795,2325,4412.87
23530,WALL ART ONLY ONE PERSON,5.584883720930232,1050,4406.57
22548,HEADS AND TAILS SPORTING FUN,1.3872499999999999,3526,4404.31
84031A,CHARLIE+LOLA RED HOT WATER BOTTLE,4.696772151898735,1098,4404.0199999999995
22573,STAR WOODEN CHRISTMAS DECORATION,1.0914669926650367,4907,4403.83
21967,PACK OF 12 SKULL TISSUES,0.41983471074380163,15652,4401.44
21535,RETRO SPOT SMALL MILK JUG,2.9730392156862746,1719,4380.61
21523,FANCY FONT HOME SWEET HOME DOORMAT,7.976829268292684,663,4378.65
22594,CHRISTMAS GINGHAM TREE,1.1050847457627118,4791,4377.33
21810,CHRISTMAS HANGING STAR WITH BELL,0.9649166666666666,6959,4374.41
85053,FRENCH ENAMEL CANDLEHOLDER,2.618046875,2032,4363.28
79320,FLAMINGO LIGHTS,5.884066666666667,904,4357.38
22896,PEG BAG APPLES DESIGN,3.1665588235294115,1689,4356.2
84598,BOYS ALPHABET IRON ON PATCHES,0.37119815668202766,20775,4350.14
20677,PINK SPOTTY BOWL,1.5139772727272727,3566,4348.929999999999
85184C,S/4 VALENTINE DECOUPAGE HEART BOX,3.221578947368421,2106,4345.96
15039,SANDALWOOD FAN,1.1448376623376624,5101,4345.62
21844,RETRO SPOT MUG,3.400844155844156,1481,4343.01
23349,ROLL WRAP VINTAGE CHRISTMAS,1.5426530612244898,3221,4342.6
22611,VINTAGE UNION JACK SHOPPING BAG,5.167050000000001,907,4338.63
22353,LUNCH BOX WITH CUTLERY FAIRY CAKES,3.2192333333333334,1588,4320.21
23168,CLASSIC CAFE SUGAR DISPENSER,1.7985757575757575,3075,4311.35
21913,VINTAGE SEASIDE JIGSAW PUZZLES,4.348595317725753,1129,4302.48
47580,TEA TIME DES TEA COSY,3.132997118155619,1662,4298.6
21153,RED SPOTTY TABLECLOTH,11.799856115107914,393,4294.69
21012,ANTIQUE ALL GLASS CANDLESTICK,2.332857142857143,2297,4293.7
23050,RECYCLED ACAPULCO MAT GREEN,9.223268292682926,497,4286.55
20966,SANDWICH BATH SPONGE,1.7994339622641509,3007,4265.24
21243,PINK  POLKADOT PLATE,2.115291666666667,2552,4265.05
22723,SET OF 6 HERB TINS SKETCHBOOK,4.301208053691275,1164,4262.82
72802B,OCEAN SCENT CANDLE IN JEWELLED BOX,4.411596244131455,1559,4258.97
22312,OFFICE MUG WARMER POLKADOT,4.289963235294118,1233,4254.05
20979,36 PENCILS TUBE RED SPOTTY,1.5688086642599277,3395,4252.11
22744,MAKE YOUR OWN MONSOON CARD KIT,3.216754098360656,1515,4245.17
21556,CERAMIC STRAWBERRY MONEY BOX,3.251346801346801,1607,4244.41
20982,12 PENCILS TALL TUBE SKULLS,0.9613333333333334,4851,4243.8
22497,SET OF 2 TINS VINTAGE BATHROOM,5.253928571428571,929,4239.07
21068,VINTAGE BILLBOARD LOVE/HATE MUG,1.5829521276595744,4066,4224.63
21355,TOAST ITS - I LOVE YOU,1.455664739884393,3452,4218.05
23089,GLASS BON BON JAR,2.380175438596491,2354,4215.78
72807A,SET/3 ROSE CANDLE IN JEWELLED BOX,5.681651376146789,924,4213.54
22600,CHRISTMAS RETROSPOT STAR WOOD,1.0088532110091741,4860,4209.9
22797,CHEST OF DRAWERS GINGHAM HEART,18.55292857142857,242,4205.5599999999995
84950,ASSORTED COLOUR T-LIGHT HOLDER,0.9113818181818182,6041,4199.2699999999995
23144,ZINC T-LIGHT HOLDER STARS SMALL,0.9436727272727272,5089,4197.83
23012,GLASS APOTHECARY BOTTLE PERFUME,4.62991935483871,1071,4197.11
22851,SET 20 NAPKINS FAIRY CAKES DESIGN,0.9530827067669172,5167,4193.679999999999
21470,FLOWER VINE RAFFIA FOOD COVER,4.200248447204969,1102,4190.93
21474,SWEETHEART CREAM STEEL FOLDIN BENCH,19.95,210,4189.5
20754,RETROSPOT RED WASHING UP GLOVES,2.500434782608696,1955,4187.43
21609,SET 12 LAVENDER  BOTANICAL T-LIGHTS,3.033287671232877,1499,4186.29
22530,MAGIC DRAWING SLATE DOLLY GIRL,0.4951914893617021,9873,4176.45
21238,RED RETROSPOT CUP,1.0648734177215189,4731,4164.55
22833,HALL CABINET WITH 3 DRAWERS,48.14846153846155,120,4163.54
22127,PARTY CONES CARNIVAL ASSORTED,1.8159119496855347,3468,4153.11
22926,IVORY GIANT GARDEN THERMOMETER,6.306635944700461,680,4150.31
21143,ANTIQUE GLASS HEART DECORATION,2.2852941176470587,2088,4149.15
23110,PARISIENNE KEY CABINET,6.66234375,700,4147.18
23486,ANTIQUE HEART SHELF UNIT,17.8127027027027,275,4145.47
21539,RETRO SPOTS BUTTER DISH,5.650568181818182,867,4142.87
21590,KINGS CHOICE CIGAR BOX MATCHES,1.246135593220339,3448,4141.28
70006,LOVE HEART POCKET WARMER,1.9677364864864864,4438,4139.56
23283,DOORMAT VINTAGE LEAF,9.177535211267607,564,4122.2
23255,CHILDRENS CUTLERY CIRCUS PARADE,4.346962025316456,1014,4097.22
22125,UNION JACK HOT WATER BOTTLE,6.847883597883598,653,4089.09
22807,SET OF 6 T-LIGHTS TOADSTOOLS,3.702675585284281,1375,4086.56
23009,I LOVE LONDON BABY GIFT SET,15.988252427184465,263,4082.52
21911,GARDEN METAL SIGN,2.044550724637681,2546,4080.85
23193,BUFFALO BILL TREASURE BOOK BOX,2.730571428571429,1922,4079.28
21042,RED RETROSPOT APRON,7.108040201005025,679,4079.2000000000003
21472,LADYBIRD + BEE RAFFIA FOOD COVER,4.3950174216027875,1056,4077.82
84596B,SMALL DOLLY MIX DESIGN ORANGE BOWL,0.8488524590163935,6221,4074.67
20981,12 PENCILS TALL TUBE WOODLAND,0.9629126213592233,4718,4069.16
21901,"KEY FOB , BACK DOOR",0.8094908062234796,6158,4061.5099999999998
84580,MOUSE TOY WITH PINK T-SHIRT,3.876792873051225,1057,4051.94
72349B,SET/6 PURPLE BUTTERFLY T-LIGHTS,2.432474226804124,1990,4049.9900000000002
35924,HANGING FAIRY CAKE DECORATION,2.7565104166666665,2164,4049.4
21717,EASTER TIN BUCKET,2.927272727272727,1554,4039.63
21679,SKULLS  STICKERS,1.0574932614555255,4871,4034.5099999999998
23340,VINTAGE CHRISTMAS CAKE FRILL,1.9589473684210525,2500,4034.08
84968A,SET OF 16 VINTAGE ROSE CUTLERY,13.738,339,4026.84
22639,SET OF 4 NAPKIN CHARMS HEARTS,2.7065124555160143,1651,4021.12
22053,EMPIRE DESIGN ROSETTE,1.508390804597701,4551,4020.89
22284,HEN HOUSE DECORATION,1.9993770491803278,2465,4017.7400000000002
22057,CERAMIC PLATE STRAWBERRY DESIGN,2.046153846153846,3060,4011.73
21349,IVY HEART WREATH,8.393837209302326,553,4010.73
23129,HEART SHAPED HOLLY WREATH,4.576279069767442,950,3999.5
21238,RED SPOTTY CUP,0.9722323462414578,4746,3999.45
20967,GREY FLORAL FELTCRAFT SHOULDER BAG,3.9911999999999996,1055,3997.34
22245,"HOOK, 1 HANGER ,MAGIC GARDEN",1.1102870813397128,4633,3988.85
21987,PACK OF 6 SKULL PAPER CUPS,0.7309923664122138,6417,3988.06
21955,UNION JACK GUNS & ROSES  DOORMAT,7.410294117647059,765,3987.11
22612,TEA COSY VINTAGE UNION JACK,4.2005405405405405,1001,3984.99
23306,SET OF 36 DOILIES PANTRY DESIGN,1.7355510204081632,2741,3983.6
85206A,CREAM FELT EASTER EGG BASKET,1.8081055900621115,2327,3982.91
22244,"HOOK, 3 HANGER ,MAGIC GARDEN",2.638894230769231,2028,3979.2
21524,SPOTTY  HOME SWEET HOME DOORMAT,7.139504132231405,666,3978.34
22959,WRAP CHRISTMAS VILLAGE,0.41809859154929574,9713,3971.46
22356,CHARLOTTE BAG PINK WITH WHITE SPOTS,1.0442633228840126,4343,3959.52
21648,ASSORTED TUTTI FRUTTI SMALL PURSE,1.8345493562231758,2940,3956.48
22788,BROCANTE COAT RACK,11.650238095238095,476,3942.62
23526,WALL ART DOG LICENCE,8.880260869565218,604,3939.76
23557,LANDMARK FRAME BAKER STREET,13.181875,350,3930.27
22359,GLASS JAR KINGS CHOICE,3.652164948453608,1236,3928.2799999999997
18097C,WHITE TALL PORCELAIN T-LIGHT HOLDER,2.8269339622641505,1763,3924.92
21812,GARLAND WITH HEARTS AND BELLS,5.597766990291262,805,3917.49
22980,PANTRY SCRUBBING BRUSH,1.9236734693877549,2363,3910.01
22179,SET 10 NIGHT OWL LIGHTS,8.948604651162789,505,3908.73
23081,GREEN METAL BOX ARMY SUPPLIES,9.44148148148148,467,3906.25
46000M,POLYESTER FILLER PAD 45x45cm,1.55,2517,3901.3500000000004
23049,RECYCLED ACAPULCO MAT RED,8.921505376344086,456,3896.84
22314,OFFICE MUG WARMER CHOC+BLUE,4.341181102362205,1110,3888.48
21192,WHITE BELL HONEYCOMB PAPER,2.3542792792792793,2167,3885.64
22790,"MIRROR, ARCHED GEORGIAN",19.42,200,3884.0
23552,BICYCLE PUNCTURE REPAIR KIT,2.2640650406504066,1863,3881.91
37340,MULTICOLOUR SPRING FLOWER MUG,3.3486341463414635,13665,3881.33
21181,PLEASE ONE PERSON  METAL SIGN,2.421564245810056,1867,3868.0699999999997
21244,BLUE  SPOTTY PLATE,1.8492718446601941,2404,3859.6299999999997
22475,SKULL DESIGN TV DINNER TRAY,6.003552123552124,769,3856.7999999999997
22591,CARDHOLDER GINGHAM CHRISTMAS TREE,3.4746411483253583,1347,3854.15
22843,BISCUIT TIN VINTAGE GREEN,7.18123595505618,594,3851.76
22478,BIRDHOUSE GARDEN MARKER,1.6139747634069401,2772,3848.41
22272,FELTCRAFT DOLL MARIA,3.1599342105263157,1371,3848.34
22445,PENCIL CASE LIFE IS BEAUTIFUL,3.474483985765125,1251,3842.66
21447,12 IVORY ROSE PEG PLACE SETTINGS,1.6250146627565982,2776,3842.63
22118,JOY WOODEN BLOCK LETTERS,5.403333333333333,799,3842.07
23111,PARISIENNE SEWING BOX,13.468920863309354,312,3839.2400000000002
21055,TOOL BOX SOFT TOY,10.465964125560538,386,3839.0899999999997
22892,SET OF SALT AND PEPPER TOADSTOOLS,1.3115471698113208,3123,3835.71
21067,VINTAGE RED TEATIME MUG,1.505805243445693,4763,3830.67
22778,GLASS CLOCHE SMALL,4.9195,968,3828.66
22777,GLASS CLOCHE LARGE,10.184545454545454,453,3821.8199999999997
23194,GYMKHANA TREASURE BOOK BOX,2.7494581280788175,1715,3815.5299999999997
85040B,SET/4 BLUE FLOWER CANDLES IN BOWL,1.7399999999999998,2451,3813.7799999999997
21846,PINK DIAMANTE PEN IN GIFT BOX,3.9122641509433964,1601,3803.4
21034,REX CASH+CARRY JUMBO SHOPPER,0.95,4002,3801.9
22355,"CHARLOTTE BAG , SUKI DESIGN",1.0933333333333333,4406,3796.59
21100,CHARLIE AND LOLA CHARLOTTE BAG,2.230259259259259,2540,3795.0
84016,FLAG OF ST GEORGE CAR FLAG,53.19758064516129,1004,3791.67
22458,CAST IRON HOOK GARDEN FORK,2.86393063583815,1523,3790.47
72802A,ROSE SCENT CANDLE IN JEWELLED BOX,4.502459016393443,914,3789.9
71038,WHITE HANGING BEADS CANDLE HOLDER,5.411379310344827,717,3789.25
23253,16 PIECE CUTLERY SET PANTRY DESIGN,17.16623188405797,254,3785.06
21154,RED SPOTTY OVEN GLOVE,1.5846397694524497,2816,3778.37
84356,POMPOM CURTAIN,6.5449624060150375,750,3771.04
21743,STAR PORTABLE TABLE LIGHT,3.553675675675676,1288,3767.08
21627,ELEPHANT CARNIVAL POUFFE,22.700782608695654,195,3766.35
23299,FOOD COVER WITH BEADS SET 2,4.374758620689655,1009,3761.63
21813,GARLAND WITH STARS AND BELLS,5.46010752688172,815,3761.41
22830,UTILTY CABINET WITH HOOKS,26.23611111111111,181,3760.71
21329,DINOSAURS  WRITING SET,2.1119964349376112,2082,3760.66
21845,DAIRY MAID STRIPE MUG,2.1685443037974683,2521,3758.41
23092,LARGE ANTIQUE WHITE PHOTO FRAME,8.100962962962964,523,3757.78
21899,"KEY FOB , GARAGE DESIGN",0.7801863354037267,5899,3756.66
22544,MINI JIGSAW SPACEBOY,0.5107894736842106,9382,3756.52
22425,ENAMEL COLANDER CREAM,5.648817204301075,732,3754.4
85049C,ROMANTIC PINKS RIBBONS,1.3419056974459724,2981,3746.29
22356,"CHARLOTTE BAG , PINK/WHITE SPOTS",1.0619220055710306,4453,3740.38
22162,HEART GARLAND RUSTIC PADDED,3.383735849056604,1218,3737.9
21795,SET OF 3 BLUE STRIPE BASKET,13.154124999999999,441,3734.9399999999996
22732,3D VINTAGE CHRISTMAS STICKERS,1.577467105263158,2713,3733.84
22494,EMERGENCY FIRST AID TIN,1.7174734607218682,2765,3730.92
23064,CINDERELLA CHANDELIER,45.48739130434783,221,3717.56
22579,WOODEN TREE CHRISTMAS SCANDINAVIAN,0.6896672504378284,7056,3715.68
21041,RED SPOTTY OVEN GLOVE DOUBLE,3.6568181818181817,1284,3715.23
22782,SET 3 WICKER STORAGE BASKETS,19.985714285714284,254,3712.2999999999997
23236,STORAGE TIN VINTAGE DOILY,3.4103125,1272,3704.78
21351,CINAMMON & ORANGE WREATH,5.481508379888268,1099,3702.75
21495,SKULLS AND CROSSBONES WRAP,0.41797752808988764,9065,3695.3
23182,TOILET SIGN OCCUPIED OR VACANT,1.5304347826086955,3741,3688.21
22398,MAGNETS PACK OF 4 SWALLOWS,1.0138812785388127,4239,3687.48
20692,FLORAL ELEPHANT SOFT TOY,4.892127659574468,908,3682.76
23130,MISTLETOE HEART WREATH GREEN,4.532011173184357,882,3676.18
23013,GLASS APOTHECARY BOTTLE TONIC,4.672946428571429,924,3674.16
20785,FUSCHIA RETRO BAR STOOL,37.55945945945946,102,3672.35
22080,RIBBON REEL SPOTS DESIGN,1.8497491039426521,2211,3668.58
21240,BLUE POLKADOT CUP,1.1093516209476308,4191,3658.27
22769,CHALKBOARD KITCHEN ORGANISER,29.071555555555555,174,3656.86
22823,CHEST NATURAL WOOD 20 DRAWERS,117.5,32,3655.0
21592,RETRO SPOT  CIGAR BOX MATCHES,1.2430729166666665,3104,3652.0
22962,JAM JAR WITH PINK LID,1.051380281690141,4366,3640.93
85040A,S/4 PINK FLOWER CANDLES IN BOWL,1.9779518072289157,2065,3639.89
21486,PINK HEART DOTS HOT WATER BOTTLE,3.903737373737374,1116,3638.67
85232D,SET/3 DECOUPAGE STACKING TINS,5.95372197309417,701,3636.66
84558A,3D DOG PICTURE PLAYING CARDS,3.133529411764706,1259,3628.11
22589,CARDHOLDER GINGHAM STAR,3.0943153526970955,1317,3626.78
85114B,IVORY ENCHANTED FOREST PLACEMAT,2.122767857142857,2017,3618.05
23294,SET OF 6 SNACK LOAF BAKING CASES,1.089776536312849,4392,3607.81
22461,SAVOY ART DECO CLOCK,12.368561643835616,410,3607.81
22353,LUNCHBOX WITH CUTLERY FAIRY CAKES,3.0384848484848486,1451,3597.68
23032,DRAWER KNOB CRACKLE GLAZE IVORY,1.7784848484848483,2154,3595.38
21787,RAIN PONCHO WITH RED SPOTS,1.0345061728395062,4727,3592.97
21866,UNION JACK FLAG LUGGAGE TAG,1.7704347826086957,2168,3591.5
22774,RED DRAWER KNOB ACRYLIC EDWARDIAN,1.5565405405405404,2791,3591.06
21509,COWBOYS AND INDIANS BIRTHDAY CARD,0.5027344992050874,8696,3587.2200000000003
23085,ANTIQUE SILVER BAUBLE LAMP,10.834999999999999,376,3583.23
71477,COLOURED GLASS STAR T-LIGHT HOLDER,4.481132075471698,1012,3580.96
23497,CLASSIC CHROME BICYCLE BELL,1.6264141414141413,2498,3578.62
22944,CHRISTMAS METAL POSTCARD WITH BELLS,1.3859509202453988,4870,3577.99
20784,RED RETRO BAR STOOL,36.42621621621622,101,3570.87
21112,"SWISS ROLL TOWEL, PINK  SPOTS",3.2843708609271522,1516,3570.57
22704,WRAP RED APPLES,0.41891525423728815,8678,3564.76
22334,DINOSAUR PARTY BAG + STICKER SET,1.7397014925373133,2230,3552.3599999999997
22603,CHRISTMAS RETROSPOT TREE WOOD,1.0315656565656566,4143,3552.09
21794,CLASSIC FRENCH STYLE BASKET NATURAL,6.00247191011236,713,3552.09
23210,WHITE ROCKING HORSE HAND PAINTED,1.4668316831683168,2849,3551.53
22320,BIRDS MOBILE VINTAGE DESIGN,6.202333333333334,598,3545.02
23332,IVORY WICKER HEART LARGE,1.7616891891891888,2059,3542.71
20886,BOX OF 9 PEBBLE CANDLES,2.387220447284345,1777,3540.22
21784,SHOE SHINE BOX,12.688595505617975,290,3538.2799999999997
21054,NURSE'S BAG SOFT TOY,9.614863387978142,382,3538.0
20786,BLACK RETRO BAR STOOL,36.876875,99,3533.9
23191,BUNDLE OF 3 RETRO NOTE BOOKS,1.8762411347517731,2141,3529.89
22602,CHRISTMAS RETROSPOT HEART WOOD,0.9706397306397305,4307,3529.31
47505,MINATURE COLOURED GARDENING SET,5.334722222222222,737,3527.42
21179,NO JUNK MAIL METAL SIGN,1.328307392996109,4284,3517.9
23091,ZINC HERB GARDEN CONTAINER,6.744,556,3516.64
23353,6 GIFT TAGS VINTAGE CHRISTMAS,0.9988519637462235,4007,3510.05
22765,NEWSPAPER STAND,17.09075471698113,311,3508.2999999999997
23189,SET OF 12 FORK CANDLES,3.3956338028169015,1249,3507.5099999999998
22902,TOTE BAG I LOVE LONDON,2.593283582089552,1716,3506.56
84352,SILVER CHRISTMAS TREE BAUBLE STAND,17.837936507936508,206,3505.58
21499,BLUE POLKADOT WRAP,0.41628787878787876,8702,3504.84
22076,6 RIBBONS EMPIRE,1.7291556728232191,2353,3490.19
21469,POLKA DOT RAFFIA FOOD COVER,3.972095238095238,1165,3482.01
22352,LUNCHBOX WITH CUTLERY RETROSPOT,2.9080769230769232,1412,3481.89
21466,RED FLOWER CROCHET FOOD COVER,3.984782608695652,927,3479.79
22764,"RUSTIC WOODEN CABINET, GLASS DOORS",24.5848,183,3462.49
22309,TEA COSY RED  STRIPE,3.446516853932584,1331,3459.08
20675,BLUE SPOTTY BOWL,1.4349838187702264,2849,3455.94
21559,STRAWBERRY LUNCHBOX WITH CUTLERY,2.910752688172043,1448,3454.09
22172,METAL SHELF WITH RAIL,9.579301075268818,378,3451.82
23350,ROLL WRAP VINTAGE SPOT,1.4612861736334404,2712,3445.08
23426,METAL SIGN DROP YOUR PANTS,3.3344711538461542,1275,3444.43
85123a,WHITE HANGING HEART T-LIGHT HOLDER,6.543333333333333,516,3444.02
23354,6 GIFT TAGS 50'S CHRISTMAS,0.9722121212121212,3740,3429.4
22531,MAGIC DRAWING SLATE CIRCUS PARADE,0.486019656019656,7944,3427.12
23156,SET OF 5 MINI GROCERY MAGNETS,2.261497584541063,1665,3423.29
23127,FELTCRAFT GIRL NICOLE KIT,5.279782608695652,668,3422.4
48189,DOOR MAT FRIENDSHIP,8.162513966480446,468,3420.2400000000002
23014,GLASS APOTHECARY BOTTLE ELIXIR,4.863838862559241,856,3419.58
23388,WOODLAND MINI BACKPACK,4.640657894736842,816,3411.34
21191,LARGE WHITE HONEYCOMB PAPER BELL,2.8894554455445545,1479,3408.61
21902,"KEY FOB , FRONT  DOOR",0.7798367346938776,5359,3408.0299999999997
21364,PEACE SMALL WOOD LETTERS,7.620658682634731,468,3407.7200000000003
84472,PINK AND LILAC QUILTED THROW,46.424,87,3402.32
37501,TEA TIME TEA SET IN GIFT BOX,7.300000000000001,481,3401.15
22440,BALLOON WATER BOMB PACK OF 35,0.4507333333333333,8523,3399.41
20983,12 PENCILS TALL TUBE RED RETROSPOT,0.9333080808080807,3922,3395.02
22059,CERAMIC STRWBERRY DESIGN MUG,1.8904017857142856,2347,3393.1
22459,CAST IRON HOOK GARDEN TROWEL,2.887586206896551,1378,3389.74
44230,SQUARE MIRROR CURTAIN,9.157547169811322,347,3381.62
22428,ENAMEL FIRE BUCKET CREAM,7.964375,459,3379.67
21327,SKULLS WRITING SET,2.00214,1926,3378.51
23188,VINTAGE  2 METRE FOLDING RULER,1.9993506493506492,1627,3374.05
22862,LOVE HEART NAPKIN BOX,4.877876106194691,758,3373.22
22776,SWEETHEART 3 TIER CAKE STAND,12.072264150943397,284,3371.58
84508A,CAMOFLAGE DESIGN TEDDY,2.541555555555555,1586,3368.9199999999996
22822,CREAM WALL PLANTER HEART SHAPED,6.362445652173913,581,3367.35
22366,DOOR MAT AIRMAIL,8.424676258992806,455,3366.71
21211,SET OF 72 SKULL PAPER  DOILIES,1.6702521008403362,2405,3365.64
84797A,PINK HAWAIIAN PICNIC HAMPER FOR 4,11.095227272727273,481,3361.25
22223,CAKE PLATE LOVEBIRD PINK,5.410338983050847,726,3359.66
22477,WATERING CAN GARDEN MARKER,1.6487364620938627,2414,3356.74
23239,SET OF 4 KNICK KNACK TINS POPPIES,4.393646408839779,842,3353.84
22047,EMPIRE GIFT WRAP,0.4179310344827586,8250,3351.0
84968D,S/16 VINTAGE RED CUTLERY,14.493684210526316,287,3349.76
22167,"WALL MIRROR , DIAMANTE OVAL SHAPE",11.791846153846153,425,3331.91
21917,SET 12 KIDS  WHITE CHALK STICKS,0.4968577494692144,8010,3324.22
22136,LOVE HEART SOCK HANGER,2.0905555555555555,1989,3322.22
22536,MAGIC DRAWING SLATE PURDEY,0.45702777777777776,8443,3314.08
23065,LARGE DECO JEWELLERY STAND,12.99621052631579,263,3302.44
84813,SET OF 4 DIAMOND NAPKIN RINGS,11.604747474747473,422,3300.7599999999998
21500,PINK POLKADOT WRAP,0.4165384615384615,8125,3298.5
22176,BLUE OWL SOFT TOY,3.3631660231660234,1088,3297.93
22183,CAKE STAND VICTORIAN FILIGREE MED,6.313157894736842,586,3297.25
20702,PINK PADDED MOBILE,4.303225806451613,782,3296.7
21239,PINK  POLKADOT CUP,1.1207012987012985,3685,3292.9
20681,PINK SPOTTY CHILDS UMBRELLA,3.6892270531400966,1000,3292.86
22122,SET OF 2 FANCY FONT TEA TOWELS,3.4707142857142856,1095,3290.08
37410,BLACK AND WHITE PAISLEY FLOWER MUG,7.556969696969697,25707,3288.65
22281,EASTER TREE YELLOW BIRDS,8.12261744966443,511,3285.86
22762,CUPBOARD 3 DRAWER MA CAMPAGNE,17.33932330827068,204,3276.62
23308,SET OF 60 VINTAGE LEAF CAKE CASES,0.6942159383033419,6139,3272.6099999999997
22967,SET 3 SONG BIRD PAPER EGGS ASSORTED,3.0120289855072464,1171,3271.41
22794,SWEETHEART WIRE MAGAZINE RACK,8.881196172248805,389,3271.35
84975,HEART SHAPED MIRROR,2.0309345794392524,1990,3266.4
21467,CHERRY CROCHET FOOD COVER,4.033984375,1025,3263.75
84031B,CHARLIE LOLA BLUE HOT WATER BOTTLE,4.701090909090909,839,3263.0299999999997
23395,BELLE JARDINIERE CUSHION COVER,4.915592417061611,748,3257.08
23053,RECYCLED ACAPULCO MAT PINK,9.819390243902438,364,3254.32
84510A,SET OF 4 ENGLISH ROSE COASTERS,1.6820964360587003,2402,3254.14
21477,STRING OF 20 ROSE LIGHTS,14.872666666666666,273,3248.94
22059,CERAMIC STRAWBERRY DESIGN MUG,1.668893280632411,2593,3245.93
84849B,FAIRY SOAP SOAP HOLDER,2.0241496598639457,1936,3244.14
22419,LIPSTICK PEN RED,0.5990366088631984,6847,3242.59
21829,DINOSAUR KEYRINGS ASSORTED,0.264126213592233,15035,3242.18
22792,FLUTED ANTIQUE CANDLE HOLDER,1.124885496183206,3489,3241.13
22733,3D TRADITIONAL CHRISTMAS STICKERS,1.5417532467532469,2461,3238.49
18098C,PORCELAIN BUTTERFLY OIL BURNER,3.2679012345679013,1223,3231.13
23051,RECYCLED ACAPULCO MAT BLUE,9.636790123456791,365,3223.49
20992,JAZZ HEARTS PURSE NOTEBOOK,0.6853215077605321,6151,3220.3999999999996
23230,WRAP ALPHABET DESIGN,0.41736170212765955,7976,3217.92
21732,RED HANGING METAL STAR TLIGHT HLDR,3.8156666666666665,925,3214.57
21473,SWEETHEART CREAM STEEL TABLE RECT,20.839,157,3212.16
22194,BLACK DINER WALL CLOCK,9.188625,373,3212.1
84837,WHITE SWEETHEARTS CABINET 4 DRAWERS,13.428888888888888,251,3210.04
79323GR,GREEN CHERRY LIGHTS,7.097469879518073,532,3209.36
23393,HOME SWEET HOME CUSHION COVER,4.481428571428571,801,3207.91
84596F,SMALL MARSHMALLOWS PINK BOWL,0.8523645320197045,4720,3196.43
79164,BLACK WINE GLASS,6.560434782608695,3653,3196.0099999999998
21986,PACK OF 12 PINK SPOT TISSUES,0.40386934673366837,8317,3194.19
21333,CLASSIC WHITE FRAME,3.225765765765766,1057,3192.09
21111,"SWISS ROLL TOWEL, CHOCOLATE  SPOTS",3.501898148148148,1379,3187.16
21830,ASSORTED CREEPY CRAWLIES,0.46162790697674416,7658,3185.6
21628,TRIANGULAR POUFFE VINTAGE,22.65022988505747,164,3185.2799999999997
21584,RETRO SPOT SMALL TUBE MATCHES,1.647037037037037,2005,3183.45
22503,CABIN BAG VINTAGE PAISLEY,25.080925925925925,141,3178.02
84968C,S/16 VINTAGE PISTACHIO CUTLERY,14.377758620689654,262,3177.2999999999997
21557,SET OF 6 FUNKY BEAKERS,4.149375,932,3169.39
22863,SOAP DISH BROCANTE,3.2187058823529417,1107,3166.61
21936,RED/WHITE SPOT PICNIC BAG,3.6107964601769913,1125,3164.59
21949,SET OF 6 STRAWBERRY CHOPSTICKS,1.7667777777777778,2598,3164.18
22965,3 TRADITIONAl BISCUIT CUTTERS  SET,2.342896825396825,1488,3162.64
23342,MINT DINER WALL CLOCK,8.835555555555555,371,3159.41
22702,BLACK AND WHITE CAT BOWL,2.176842105263158,1589,3156.3199999999997
82494l,WOODEN FRAME ANTIQUE WHITE,8.21860465116279,378,3155.93
22700,BLACK AND WHITE DOG BOWL,2.8379591836734694,1384,3155.4
84944,SET OF 6 KASHMIR FOLKART BAUBLES,3.8585204081632654,1135,3153.88
21519,GIN & TONIC DIET GREETING CARD,0.5015342960288808,7356,3149.93
23035,DRAWER KNOB CERAMIC IVORY,1.646020942408377,2155,3147.79
23323,WHITE WICKER STAR,2.251291390728477,1469,3146.7799999999997
22313,OFFICE MUG WARMER PINK,4.273453237410072,985,3146.07
21705,BAG 500g SWIRLY MARBLES,1.8070175438596492,2534,3145.71
21239,PINK  SPOTTY CUP,0.9951612903225806,3684,3145.4900000000002
21500,PINK SPOTS  WRAP,0.41620689655172416,7825,3144.5
22773,GREEN DRAWER KNOB ACRYLIC EDWARDIAN,1.5384782608695653,2368,3141.11
22325,MOBILE VINTAGE HEARTS,5.006,699,3139.99
21820,GLITTER HEART GARLAND WITH BELLS,4.692065217391304,795,3132.39
82578,KITCHEN METAL SIGN,0.7130898876404494,5595,3129.24
22095,LADS ONLY TISSUE BOX,1.3891780821917807,2978,3123.0299999999997
23346,SPACEBOY BEAKER,1.5186559139784948,2628,3112.34
21352,EUCALYPTUS & PINECONE  WREATH,5.293647798742139,880,3110.2799999999997
21272,SALLE DE BAIN HOOK,1.6387209302325583,2348,3109.83
22406,MONEY BOX KINGS CHOICE DESIGN,1.467685185185185,2451,3104.35
22891,TEA FOR ONE POLKADOT,5.596608695652174,644,3103.7
22177,5 HOOK BLACKBOARD ORGANISER,11.89312,325,3101.46
22972,CHILDREN'S SPACEBOY MUG,1.995774058577406,1810,3100.94
47504K,ENGLISH ROSE GARDEN SECATEURS,1.8726498422712934,2654,3096.08
22572,ROCKING HORSE GREEN CHRISTMAS,1.0399731903485254,3439,3087.18
20956,PORCELAIN T-LIGHT HOLDERS ASSORTED,1.7566390041493773,2338,3083.82
79072,TEATIME CAKE TIN WITH HANDLE,12.714485981308412,284,3083.2
21707,"FOLDING UMBRELLA , BLACK/BLUE  SPOT",5.066811594202899,775,3077.01
84279B,CHERRY BLOSSOM DECORATIVE FLASK,4.296511627906977,808,3076.92
21765,HANGING METAL BIRD BATH,9.029794520547947,371,3076.3900000000003
22347,PIZZA SLICE DISH,1.6698230088495576,2680,3074.18
23188,VINTAGE  2 METER FOLDING RULER,1.8808196721311474,1844,3073.7200000000003
22372,AIRLINE BAG VINTAGE WORLD CHAMPION,5.338298611111111,604,3073.43
22154,ANGEL DECORATION 3 BUTTONS,0.5343768996960486,7114,3073.32
84912B,GREEN ROSE WASHBAG,3.5072030651340995,1125,3072.64
22473,TV DINNER TRAY VINTAGE PAISLEY,5.201387559808612,811,3070.92
22757,LARGE RED BABUSHKA NOTEBOOK,1.519105431309904,2696,3070.18
21206,STRAWBERRY HONEYCOMB  GARLAND,1.8592916666666666,2155,3067.9
21537,RED RETROSPOT PUDDING BOWL,4.668387096774194,711,3065.45
22963,JAM JAR WITH GREEN LID,1.073625,3670,3060.43
20985,HEART CALCULATOR,1.5422333333333333,2370,3047.99
84969,BOX OF 6 ASSORTED COLOUR TEASPOONS,4.753529411764706,701,3047.91
21408,SPOTTY PINK DUCK DOORSTOP,5.908458333333333,703,3045.31
22754,SMALL RED BABUSHKA NOTEBOOK,0.994507042253521,3924,3044.8599999999997
23461,SWEETHEART BIRD HOUSE,4.551500000000001,847,3041.21
23329,DECORATIVE WICKER HEART LARGE,1.7691199999999998,1767,3038.19
22208,WOOD STAMP SET THANK YOU,1.5570748299319728,2366,3036.9500000000003
22037,ROBOT BIRTHDAY CARD,0.521748031496063,7054,3035.7
21588,RETRO SPOT GIANT  TUBE MATCHES,2.5240384615384617,1295,3034.9500000000003
15044C,PURPLE PAPER PARASOL,3.820387931034483,967,3027.2599999999998
23242,TREASURE TIN BUFFALO BILL,2.2825345622119815,1470,3024.63
23237,SET OF 4 KNICK KNACK TINS LEAF,4.271626016260163,747,3020.61
22067,CHOC TRUFFLE GOLD TRINKET POT,2.096968503937008,1855,3019.32
21626,VINTAGE UNION JACK PENNANT,2.3283009708737863,1496,3017.0699999999997
22349,"DOG BOWL , CHASING BALL DESIGN",4.172205882352941,754,3014.3
22402,MAGNETS PACK OF 4 VINTAGE COLLAGE,0.9221259842519685,3431,3012.78
22202,MILK PAN PINK RETROSPOT,5.120486486486486,743,3011.2400000000002
22805,BLUE DRAWER KNOB ACRYLIC EDWARDIAN,1.664025974025974,2207,3008.82
23236,DOILEY STORAGE TIN,3.103008130081301,1094,3004.46
22712,CARD DOLLY GIRL,0.5518664047151277,7295,3002.42
22755,SMALL PURPLE BABUSHKA NOTEBOOK,0.9772189349112426,3776,2997.63
84912A,PINK ROSE WASHBAG,3.620258620689655,1094,2996.44
23390,DOLLY GIRL MINI BACKPACK,4.392682926829269,739,2992.3900000000003
22132,RED LOVE HEART SHAPE CUP,1.149254498714653,3345,2989.81
22925,BLUE GIANT GARDEN THERMOMETER,6.48421875,488,2989.52
21507,"ELEPHANT, BIRTHDAY CARD,",0.49518367346938774,7113,2980.63
21354,TOAST ITS - BEST MUM,1.4986238532110092,2476,2979.46
22375,AIRLINE BAG VINTAGE JET SET BROWN,5.488701754385965,590,2969.29
22519,CHILDS GARDEN BRUSH PINK,2.477846153846154,1425,2968.77
21706,"FOLDING UMBRELLA , RED/WHITE SPOT",5.286153846153846,916,2962.82
22905,CALENDAR IN SEASON DESIGN,2.9630769230769234,1077,2957.17
22674,FRENCH TOILET SIGN BLUE METAL,1.4519666666666666,2377,2956.33
22664,TOY TIDY DOLLY GIRL DESIGN,2.761428571428571,1429,2954.19
22816,CARD MOTORBIKE SANTA,0.4823006833712984,6856,2950.93
22927,GREEN GIANT GARDEN THERMOMETER,6.695493827160495,468,2948.57
23211,RED ROCKING HORSE HAND PAINTED,1.5651851851851852,2329,2930.57
22071,SMALL WHITE RETROSPOT MUG IN BOX,3.8278531073446325,1147,2929.75
22277,COSMETIC BAG VINTAGE ROSE PAISLEY,2.475277777777778,1400,2927.49
85049D,BRIGHT BLUES RIBBONS,1.320909090909091,2330,2922.96
21948,SET OF 6 CAKE CHOPSTICKS,1.8755762081784386,2293,2921.36
21214,SET OF 72 IVORY PAPER DOILIES,1.9927722772277228,2006,2920.8199999999997
22990,COTTON APRON PANTRY DESIGN,5.315301204819277,633,2917.43
21592,RETROSPOT CIGAR BOX MATCHES,1.1606101694915254,2772,2900.46
22518,CHILDS GARDEN BRUSH BLUE,2.545430711610487,1398,2899.7999999999997
23290,SPACEBOY CHILDRENS BOWL,1.4357009345794394,2430,2890.35
22184,CAKE STAND VICTORIAN FILIGREE LARGE,9.19986301369863,389,2887.07
21584,RETROSPOT SMALL TUBE MATCHES,1.6482905982905982,1764,2886.6
23345,DOLLY GIRL BEAKER,1.5064204545454545,2451,2886.25
22955,36 FOIL STAR CAKE CASES,2.2595312499999998,1448,2885.2599999999998
22811,SET OF 6 T-LIGHTS CACTI,4.010921985815602,1021,2884.13
23283,DOORMAT VINTAGE LEAVES DESIGN,7.847912087912087,430,2881.18
23056,FLOWERS CHANDELIER T-LIGHT HOLDER,6.182564102564102,960,2879.37
21240,BLUE  SPOTTY CUP,0.9885714285714285,3390,2877.47
21465,PINK FLOWER CROCHET FOOD COVER,4.030588235294117,793,2875.64
21821,GLITTER STAR GARLAND WITH BELLS,4.836602564102564,713,2866.6
22072,TEA CUP AND SAUCER RETRO SPOT,4.624892086330935,700,2866.34
22480,RED TEA TOWEL CLASSIC DESIGN,1.2736704119850186,2368,2863.06
21424,WOODLAND STORAGE BOX LARGE,4.811619718309859,955,2861.64
23427,STOOL HOME SWEET HOME,12.967478260869566,237,2860.58
22073,RETRO SPOT STORAGE JAR,4.591075949367089,729,2853.29
22581,WOOD STOCKING CHRISTMAS SCANDISPOT,0.9357179487179488,3565,2852.63
23504,PLAYING CARDS JUBILEE UNION JACK,1.3483410138248846,1927,2848.89
22930,BAKING MOULD HEART MILK CHOCOLATE,3.073350785340314,1108,2846.8
23212,HEART WREATH DECORATION WITH BELL,1.4963157894736843,2284,2845.89
21324,HANGING MEDINA LANTERN SMALL,3.7048022598870056,1014,2845.71
21688,SILVER PLATE CANDLE BOWL SMALL,3.6079577464788737,912,2845.65
22080,RIBBON REEL POLKADOTS,2.0024489795918368,1676,2843.86
22449,SILK PURSE BABUSHKA PINK,3.3467272727272728,863,2843.8300000000004
21439,BASKET OF TOADSTOOLS,1.5492181069958846,2259,2837.54
22576,SWALLOW WOODEN CHRISTMAS DECORATION,1.0617867435158501,3132,2835.08
22285,"DECORATION HEN ON NEST, HANGING",1.868157894736842,1877,2829.19
22731,3D CHRISTMAS STAMPS STICKERS,1.5429361702127657,2018,2828.62
22710,WRAP I LOVE LONDON,0.4159537572254335,7184,2821.28
22217,T-LIGHT HOLDER HANGING LACE,1.405925925925926,2374,2814.81
22671,FRENCH LAUNDRY SIGN BLUE METAL,2.044412955465587,1688,2811.34
21508,VINTAGE KID DOLLY CARD,0.517097966728281,6716,2808.62
35001W,HAND OPEN SHAPE DECO.WHITE,4.085520833333334,883,2806.69
22452,MEASURING TAPE BABUSHKA PINK,2.5631578947368423,1089,2806.4
84909A,PINK PAISLEY QUILT,17.176666666666666,209,2797.55
22974,CHILDRENS DOLLY GIRL MUG,2.039433962264151,1636,2795.81
22696,WICKER WREATH LARGE,2.258406779661017,1415,2790.83
21360,JOY LARGE WOOD LETTERS,10.0931,441,2790.41
22101,MIRROR MOSAIC VOTIVE HOLDER,2.3282905982905984,1909,2790.27
85199S,SMALL HANGING IVORY/RED WOOD BIRD,0.5843775100401606,6022,2789.28
22949,36 DOILIES DOLLY GIRL,1.736604938271605,1965,2788.5299999999997
84519A,TOMATO CHARLIE+LOLA COASTER SET,2.9695566502463056,1200,2788.45
21796,SET OF 3 RED STRIPE BASKETS,12.662089552238806,324,2782.19
21728,METAL MEDINA LANTERN,13.710249999999998,298,2773.11
21188,3D HEARTS  HONEYCOMB PAPER GARLAND,3.576212121212121,912,2771.34
21682,LARGE MEDINA STAMPED METAL BOWL,5.280526315789474,559,2767.59
85132B,CHARLIE AND LOLA TABLE TINS,4.942682926829268,919,2767.5299999999997
22365,DOOR MAT RESPECTABLE HOUSE,8.27260162601626,379,2765.69
22242,5 HOOK HANGER MAGIC TOADSTOOL,1.8511711711711711,1774,2763.96
23190,BUNDLE OF 3 SCHOOL EXERCISE BOOKS,1.7966009852216749,1702,2761.9
22081,RIBBON REEL FLORA + FAUNA,2.1825986842105265,1559,2761.04
21683,MEDIUM MEDINA STAMPED METAL BOWL,3.308627450980392,936,2757.47
23542,WALL ART 70'S ALPHABET,10.14864864864865,356,2757.06
22675,FRENCH KITCHEN SIGN BLUE METAL,1.4426373626373625,2227,2754.95
15058C,ICE CREAM DESIGN GARDEN PARASOL,9.667049180327869,470,2753.72
22145,CHRISTMAS CRAFT HEART STOCKING,2.3686069651741297,1306,2752.66
84795C,OCEAN STRIPE HAMMOCK,9.477954545454544,325,2752.59
23147,SINGLE ANTIQUE ROSE HOOK IVORY,1.5256226415094338,1868,2752.2
51014C,"FEATHER PEN,COAL BLACK",0.8284586466165413,4268,2751.5
85015,SET OF 12  VINTAGE POSTCARD SET,1.8354724409448817,2908,2750.0
22315,200 RED + WHITE BENDY STRAWS,1.448560411311054,2136,2749.51
22525,CHILDRENS GARDEN GLOVES PINK,1.6535258358662615,1946,2748.79
23266,SET OF 3 WOODEN STOCKING DECORATION,1.454005934718101,2053,2743.82
23341,PINK DINER WALL CLOCK,9.943057851239669,307,2741.35
22482,BLUE TEA TOWEL CLASSIC DESIGN,1.2477064220183487,2319,2739.43
23100,SILVER BELLS TABLE DECORATION,1.426235741444867,2166,2739.38
22161,HEART DECORATION RUSTIC HANGING,0.6999212598425197,6726,2738.2799999999997
85183B,CHARLIE & LOLA WASTEPAPER BIN FLORA,2.454418604651163,1725,2731.7599999999998
22066,LOVE HEART TRINKET POT,1.1550714285714285,3435,2729.16
21788,KIDS RAIN MAC BLUE,0.9104225352112676,3375,2725.0899999999997
22167,OVAL WALL MIRROR DIAMANTE,10.95528735632184,265,2724.42
16161U,WRAP SUKI AND FRIENDS,0.4185576923076923,6676,2721.92
22818,CARD CHRISTMAS VILLAGE,0.47586633663366334,6290,2720.86
22651,GENTLEMAN SHIRT REPAIR KIT,1.1600367647058822,3175,2720.86
22914,BLUE COAT RACK PARIS FASHION,5.446140350877193,570,2720.66
23164,REGENCY CAKE SLICE,5.579673913043479,578,2718.65
22650,CERAMIC PIRATE CHEST MONEY BANK,1.8469473684210527,1786,2717.8799999999997
21808,"CHRISTMAS GARLAND STARS,TREES",3.6015753424657535,1001,2715.53
47480,HANGING PHOTO CLIP ROPE LADDER,2.285066666666667,1638,2713.98
22524,CHILDRENS GARDEN GLOVES BLUE,1.5784067796610168,1925,2713.23
22231,JIGSAW TREE WITH BIRDHOUSE,1.5546843853820598,2135,2712.48
21096,SET/6 FRUIT SALAD  PAPER PLATES,0.6567832167832168,15919,2711.71
23407,SET OF 2 TRAYS HOME SWEET HOME,10.68142857142857,265,2709.43
47503J,SET/3 FLORAL GARDEN TOOLS IN BAG,10.901891891891893,343,2703.25
21744,SNOWFLAKE PORTABLE TABLE LIGHT,3.179144144144144,898,2697.16
23333,IVORY WICKER HEART MEDIUM,1.3329218106995884,2089,2695.45
22667,RECIPE BOX RETRO SPOT DESIGN,2.9388268156424586,959,2694.65
85035C,ROSE 3 WICK MORRIS BOX CANDLE,3.203793103448276,1356,2693.85
21224,SET/4 SKULL BADGES,1.2506645569620252,2171,2691.91
22479,DAISY GARDEN MARKER,1.5787441860465117,1939,2691.19
23264,SET OF 3 WOODEN SLEIGH DECORATIONS,1.496592356687898,1963,2690.81
22436,12 COLOURED PARTY BALLOONS,0.6843537414965987,4215,2687.05
21204,DAISIES  HONEYCOMB GARLAND,1.9919806763285024,1608,2682.9900000000002
22495,SET OF 2 ROUND TINS CAMEMBERT,3.4214644351464436,940,2682.3199999999997
90057,DIAMANTE RING ASSORTED IN BOX.,1.7997297297297299,1804,2675.88
22155,STAR DECORATION RUSTIC,0.5615774647887324,5925,2671.81
21980,PACK OF 12 RED RETROSPOT TISSUES,0.39127764127764125,8616,2668.33
22028,PENNY FARTHING BIRTHDAY CARD,0.5311811023622047,6344,2665.13
21923,RED/CREAM STRIPE FRINGE HAMMOCK,8.58436974789916,337,2662.64
21109,LARGE CAKE TOWEL CHOCOLATE SPOTS,5.374259259259259,925,2661.67
85049B,LUSH GREENS RIBBONS,1.3162941176470588,2126,2653.3
21693,SMALL HAMMERED SILVER CANDLEPOT,3.3857500000000003,871,2648.62
22500,SET OF 2 TINS JARDIN DE PROVENCE,5.186834170854271,580,2647.31
21742,LARGE ROUND WICKER PLATTER,6.052820512820513,437,2647.28
23146,TRIPLE HOOK ANTIQUE IVORY ROSE,3.5144155844155844,798,2645.2599999999998
22152,PLACE SETTING WHITE STAR,0.5179919678714859,6241,2642.28
21897,POTTING SHED CANDLE CITRONELLA,3.107037037037037,866,2641.3599999999997
82600,N0 SINGING METAL SIGN,2.673673469387755,1225,2639.42
22270,HAPPY EASTER HANGING DECORATION,4.247405063291139,685,2638.67
84754,S/15 SILVER GLASS BAUBLES IN BAG,1.5527232142857144,2083,2634.59
85049F,BABY BOOM RIBBONS,1.3125078369905956,2110,2634.0
22146,EASTER CRAFT IVY WREATH WITH CHICK,2.0039449541284404,1413,2633.13
22376,AIRLINE BAG VINTAGE JET SET WHITE,5.216546184738956,529,2632.18
84012,MAGIC SHEEP WOOL GROWING FROM PAPER,1.7253333333333334,1838,2628.47
21422,PORCELAIN ROSE SMALL,1.0762837837837838,3160,2619.17
22758,LARGE PURPLE BABUSHKA NOTEBOOK,1.5309119496855346,2437,2618.35
84849D,HOT BATHS SOAP HOLDER,1.8957088122605363,1558,2618.27
22713,CARD I LOVE LONDON,0.5608648648648649,6084,2616.12
72800E,4 IVORY DINNER CANDLES SILVER FLOCK,2.49421768707483,1388,2613.82
22046,TEA PARTY  WRAPPING PAPER,0.41846153846153844,6375,2613.5
47585A,PINK FAIRY CAKE CUSHION COVER,4.460067567567568,1084,2612.88
85034B,3 WHITE CHOC MORRIS BOXED CANDLES,3.2954545454545454,1183,2606.64
85227,SET OF 6 3D KIT CARDS FOR KIDS,1.106153846153846,2848,2605.75
23054,RECYCLED ACAPULCO MAT LAVENDER,9.533076923076923,295,2604.93
85034C,3 ROSE MORRIS BOXED CANDLES,2.908627450980392,1314,2604.15
23196,VINTAGE LEAF MAGNETIC NOTEPAD,1.822230215827338,1707,2601.15
72799E,IVORY PILLAR CANDLE SILVER FLOCK,2.9414525139664804,1232,2600.64
37502,TEA TIME MUG IN GIFT BOX,3.311387283236994,868,2599.79
22439,6 ROCKET BALLOONS,0.7315945945945946,3891,2599.0099999999998
22190,LOCAL CAFE MUG,2.361469387755102,1400,2591.67
90062,CARNIVAL BRACELET,12.660181818181817,204,2591.42
22199,FRYING PAN RED RETROSPOT,5.282626728110599,617,2590.21
22933,BAKING MOULD EASTER EGG MILK CHOC,3.48869918699187,940,2585.92
84968E,S/16 VINTAGE BLACK CUTLERY,12.53875,225,2585.45
21589,SWALLOW GIANT TUBE MATCHES,2.5044943820224717,1119,2583.45
21171,BATHROOM METAL SIGN,1.6744444444444444,1845,2578.27
21642,ASSORTED TUTTI FRUTTI PEN,0.8806896551724137,4413,2575.18
23534,STOP FOR TEA WALL ART,5.775853658536586,518,2572.7
82597,BOMBS AWAY METAL SIGN,2.577926267281106,1210,2569.66
22471,TV DINNER TRAY AIR HOSTESS,5.779318181818182,627,2568.7599999999998
21653,GLASS ETCHED T-LIGHT HOLDER LARGE,2.266086956521739,1246,2565.67
22828,REGENCY MIRROR WITH SHUTTERS,154.0909090909091,17,2565.0
23292,SPACEBOY CHILDRENS CUP,1.5344239631336405,2050,2557.57
21288,STRIPEY CHOCOLATE NESTING BOXES,3.34125,982,2557.47
22939,APRON APPLE DELIGHT,5.724705882352942,516,2556.66
21499,BLUE SPOTS  WRAP,0.41673469387755097,6350,2555.0
20960,WATERMELON BATH SPONGE,1.6572018348623851,1900,2550.84
22735,RIBBON REEL SOCKS AND MITTENS,2.3392340425531915,1434,2541.38
85035B,CHOCOLATE 3 WICK MORRIS BOX CANDLE,3.890381679389313,986,2539.29
21898,POTTING SHED ROSE CANDLE,3.0016239316239317,827,2538.8100000000004
23131,MISTLETOE HEART WREATH CREAM,4.21018018018018,624,2535.48
20787,BLUE RETRO BAR STOOL,38.021875,69,2535.1
21215,IVORY PAPER CUP CAKE CASES,0.8702372881355933,4349,2533.88
22197,"POPCORN HOLDER , SMALL",1.04,3189,2531.64
21203,BUTTERFLIES  HONEYCOMB GARLAND,2.0413513513513513,1539,2527.0
23681,LUNCH BAG RED VINTAGE DOILY,1.8662406015037591,1576,2525.04
22451,SILK PURSE BABUSHKA RED,3.9706535947712416,734,2521.7200000000003
22342,HOME GARLAND PAINTED ZINC,2.0389565217391303,1817,2521.25
22350,CAT BOWL,2.9835245901639342,946,2521.2400000000002
22415,WHITE TISSUE REAM,7.95,317,2520.15
21792,CLASSIC FRENCH STYLE BASKET GREEN,5.968297872340425,494,2517.88
21431,GREEN GINGHAM FLOWER JEWELLERY BOX,1.9398924731182796,1483,2511.3599999999997
84968A,S/16 VINTAGE ROSE CUTLERY,14.674,190,2511.24
23424,GINGHAM RECIPE BOOK BOX,6.186740740740741,462,2509.62
21323,HANGING MEDINA LANTERN LARGE,5.57325,740,2506.89
22937,BAKING MOULD CHOCOLATE CUPCAKES,2.928509316770186,948,2502.04
23316,RED REFECTORY CLOCK,11.109454545454545,250,2501.64
22291,"SPRING DEC , HANGING CHICK CREAM",1.6448965517241378,1900,2499.58
82567,"AIRLINE LOUNGE,METAL SIGN",2.17200408997955,1207,2498.98
85054,FRENCH ENAMEL POT W LID,3.4911538461538467,916,2495.02
23367,SET 12 COLOUR PENCILS SPACEBOY,0.7566666666666667,3278,2491.2
85041,SET/4 PINK ORCHID CANDLES IN BOWL,1.7864210526315787,1853,2489.87
21924,BLUE/CREAM STRIPE FRINGE HAMMOCK,8.614596774193549,315,2486.6600000000003
22091,EMPIRE TISSUE BOX,1.2600925925925925,3179,2485.86
21680,WOODLAND  STICKERS,1.141003717472119,2858,2483.68
84968F,SET OF 16 VINTAGE SKY BLUE CUTLERY,13.198374999999999,214,2479.35
85206B,PINK FELT EASTER EGG BASKET,1.8157065217391304,1538,2477.3
22742,MAKE YOUR OWN PLAYTIME CARD KIT,3.091758241758242,1002,2475.3
22129,PARTY CONES CANDY TREE DECORATION,1.197314814814815,2792,2473.16
22153,ANGEL DECORATION STARS ON DRESS,0.5477133105802048,5705,2469.16
21686,MEDINA STAMPED METAL STOOL,39.29515151515152,65,2460.1400000000003
23352,ROLL WRAP 50'S RED CHRISTMAS,1.511643192488263,1800,2459.2
22829,SWEETHEART WIRE WALL TIDY,11.002478632478633,240,2458.62
21616,4 PEAR BOTANICAL DINNER CANDLES,2.465969387755102,1152,2458.58
20668,DISCO BALL CHRISTMAS DECORATION,0.16567204301075267,20951,2454.88
22911,PAPER CHAIN KIT LONDON,3.219818181818182,853,2454.35
21330,WOODLAND ANIMAL  WRITING SET,2.2783251231527095,1452,2454.07
21747,SMALL SKULL WINDMILL,1.4423376623376625,2049,2452.35
21823,PAINTED METAL HEART WITH HOLLY BELL,1.3124778761061948,2468,2447.72
23489,VINTAGE BELLS GARLAND,3.24283870967742,821,2443.35
21789,KIDS RAIN MAC PINK,0.9376923076923076,2920,2437.0699999999997
84840,SWEETHEART CARRY-ALL BASKET,9.002642857142858,282,2430.82
22021,BLUE FELT EASTER EGG BASKET,1.7891176470588235,1413,2430.31
21809,CHRISTMAS HANGING TREE WITH BELL,1.2378301886792453,3015,2427.89
21462,"NURSERY A,B,C PAINTED LETTERS",6.878888888888889,413,2425.41
23406,HOME SWEET HOME KEY HOLDER,7.10990990990991,456,2422.66
21274,EMBOSSED HEART 3 DRAWER SHELF,14.656037735849056,175,2420.69
21973,SET OF 36 MUSHROOM PAPER DOILIES,1.7956190476190474,1670,2420.0299999999997
22613,PACK OF 20 SPACEBOY NAPKINS,0.9653571428571429,3051,2419.7599999999998
21106,CREAM SLICE FLANNEL CHOCOLATE SPOT,3.7038823529411764,790,2419.68
22789,T-LIGHT HOLDER SWEETHEART HANGING,2.1268000000000002,1238,2419.54
22609,PENS ASSORTED SPACEBALL,0.565,7087,2414.54
22362,GLASS JAR PEACOCK BATH SALTS,3.8228853754940713,747,2410.53
22540,MINI JIGSAW CIRCUS PARADE,0.4966315789473684,6162,2410.29
22897,OVEN MITT APPLES DESIGN,1.7822264150943394,1613,2409.75
23400,SHELF WITH 4 HOOKS HOME SWEET HOME,6.854074074074074,461,2409.34
23265,SET OF 3 WOODEN TREE DECORATIONS,1.4839016393442621,1769,2404.79
85059,FRENCH ENAMEL WATER BASIN,4.293896713615023,701,2399.89
85036A,GARDENIA 1 WICK MORRIS BOXED CANDLE,4.130116959064328,619,2389.21
20674,GREEN POLKADOT BOWL,1.5461111111111112,1848,2385.08
84818,DANISH ROSE PHOTO FRAME,2.0407943925233645,1788,2382.25
21531,RETRO SPOT SUGAR JAM BOWL,3.2413197969543144,921,2382.24
84795B,SUNSET CHECK HAMMOCK,8.963333333333333,298,2379.09
21811,HANGING HEART WITH BELL,0.9162995594713657,4619,2374.7999999999997
10133,COLOURING PENCILS BROWN TUBE,0.7457093425605537,3837,2373.26
47570,ENGLISH ROSE TABLE CLOTH,12.235696202531646,220,2373.01
23498,CLASSIC BICYCLE CLIPS,1.657941176470588,1640,2372.68
84997d,CHILDRENS CUTLERY POLKADOT PINK,8.434477611940297,285,2372.33
23535,BICYCLE SAFTEY WALL ART,5.782307692307692,458,2371.94
23048,SET OF 10 LANTERNS FAIRY LIGHT STAR,4.6737254901960785,577,2368.37
21262,WHITE GOOSE FEATHER CHRISTMAS TREE,6.068484848484848,606,2366.02
85034A,3 GARDENIA MORRIS BOXED CANDLES,3.896338028169014,846,2364.82
21468,BUTTERFLY CROCHET FOOD COVER,4.018827586206896,669,2361.39
22537,MAGIC DRAWING SLATE DINOSAUR,0.48890449438202244,5717,2360.43
21873,IF YOU CAN'T STAND THE HEAT MUG,1.6709547738693467,2010,2360.0099999999998
23401,RUSTIC MIRROR WITH LACE HEART,7.090361445783133,459,2354.87
23412,HEART MIRROR ANTIQUE WHITE,7.724415584415584,358,2354.8
22421,LIPSTICK PEN FUSCHIA,0.5895913461538461,4721,2351.86
21824,PAINTED METAL STAR WITH HOLLY BELLS,1.1228636363636364,2782,2351.46
21437,24 HANGING EASTER EGGS FLORAL TUB,3.9735964912280703,677,2350.92
21126,SET OF 6 GIRLS CELEBRATION CANDLES,1.3368166089965396,2325,2349.22
22642,SET OF 4 NAPKIN CHARMS STARS,2.5832876712328763,989,2348.4700000000003
23396,LE JARDIN BOTANIQUE CUSHION COVER,4.7814035087719295,559,2345.0
85035A,GARDENIA 3 WICK MORRIS BOXED CANDLE,4.322417582417582,646,2344.9
23437,50'S CHRISTMAS GIFT BAG LARGE,1.4265891472868217,1915,2343.63
84459B,YELLOW METAL CHICKEN HEART,2.115852534562212,1475,2341.77
84509F,SET OF 4 NEW ENGLAND PLACEMATS,3.989166666666667,2749,2336.1
ADJUST,Adjustment by john on 26/01/2010 16,116.72149999999999,20,2334.43
21826,EIGHT PIECE DINOSAUR SET,1.461726907630522,1800,2326.87
22251,BIRDHOUSE DECORATION MAGIC GARDEN,1.5625913621262457,1871,2317.64
22306,SILVER MUG BONE CHINA TREE OF LIFE,2.025333333333333,1621,2316.2
21615,4 LAVENDER BOTANICAL DINNER CANDLES,2.350348837209302,1168,2308.67
23371,SET 36 COLOUR PENCILS SPACEBOY,1.5179032258064515,1705,2304.78
22363,GLASS JAR MARMALADE,3.641860465116279,781,2303.39
21947,SET OF 6 HEART CHOPSTICKS,1.7194078947368419,1675,2302.81
22983,CARD BILLBOARD FONT,0.5278713968957871,5395,2300.21
71459,HANGING JAM JAR T-LIGHT HOLDERS,1.0443478260869565,2813,2298.05
21482,MUSHROOM BLUE HOT WATER BOTTLE,3.6295135135135137,740,2296.7599999999998
21741,COSY SLIPPER SHOES LARGE GREEN,3.830260416666667,701,2293.75
85176,SEWING SUSAN 21 NEEDLE SET,1.137843137254902,2748,2293.0
22566,FELTCRAFT HAIRBAND PINK AND PURPLE,0.9920068027210883,2740,2292.22
84536A,ENGLISH ROSE NOTEBOOK A7 SIZE,0.533872,5077,2289.73
84997b,CHILDRENS CUTLERY RETROSPOT RED,8.623793103448275,273,2287.37
23330,DECORATIVE WICKER HEART MEDIUM,1.3630044843049327,1794,2286.97
21464,DISCO BALL ROTATOR BATTERY OPERATED,4.2453917050691246,539,2286.75
22831,WHITE BROCANTE SOAP DISH,3.337714285714286,776,2286.2799999999997
85199L,LARGE HANGING IVORY & RED WOOD BIRD,0.836,3455,2285.02
23029,DRAWER KNOB CRACKLE GLAZE GREEN,1.8390909090909089,1340,2284.12
20665,RED SPOTTY PURSE,3.578525641025641,736,2278.17
21655,HANGING RIDGE GLASS T-LIGHT HOLDER,1.9567415730337079,1396,2277.5
85183A,CHARLIE & LOLA WASTEPAPER BIN BLUE,2.3574825174825174,1512,2275.75
85107,CUT GLASS T-LIGHT HOLDER OCTAGON,2.426944444444444,1203,2274.79
85172,HYACINTH BULB T-LIGHT CANDLES,1.2240522875816993,4271,2274.56
85106,CUT GLASS HEXAGON T-LIGHT HOLDER,2.4219999999999997,1190,2271.24
85014C,BLUE/BROWN DOTS RUFFLED UMBRELLA,6.527916666666666,547,2270.73
22539,MINI JIGSAW DOLLY GIRL,0.5402811244979919,5654,2268.13
85114C,RED ENCHANTED FOREST PLACEMAT,1.976867469879518,1179,2263.06
35001G,HAND OPEN SHAPE GOLD,4.204857142857143,715,2259.47
22133,PINK LOVE HEART SHAPE CUP,1.233079268292683,2464,2258.61
22024,RAINY LADIES BIRTHDAY CARD,0.5579271070615034,5391,2257.0
22973,CHILDREN'S CIRCUS PARADE MUG,2.0245098039215685,1325,2254.93
23197,SKETCHBOOK MAGNETIC SHOPPING LIST,1.95914979757085,1442,2253.7
21696,SMALL SILVER TRELLIS CANDLEPOT,3.2544859813084113,749,2251.14
84469,ROSE DES PADDED FLOOR CUSHION,5.513863636363637,664,2249.41
21819,GLITTER CHRISTMAS STAR,0.7114396887159533,3847,2247.14
21187,WHITE BELL HONEYCOMB PAPER GARLAND,2.020945945945946,1344,2243.78
21804,WHITE CHRISTMAS GARLAND STARS TREES,3.843380281690141,597,2240.99
85045,GREEN CHRISTMAS TREE STRING 20LIGHT,5.623176470588236,471,2239.34
23093,SMALL PARISIENNE HEART PHOTO FRAME,2.7882394366197185,939,2239.2400000000002
20931,BLUE POT PLANT CANDLE,4.795632911392405,673,2238.07
22803,IVORY EMBROIDERED QUILT,39.10861111111112,59,2237.84
23326,HANGING MINI COLOURED BOTTLES,2.638026315789473,3442,2237.08
22163,HEART STRING MEMO HOLDER HANGING,2.3265841584158418,1269,2235.12
22336,DOVE DECORATION PAINTED ZINC,0.7334684684684685,4661,2234.96
21681,GIANT MEDINA STAMPED METAL BOWL,10.156375,233,2234.81
16237,SLEEPING CAT ERASERS,0.2964957264957265,10385,2233.15
23252,VINTAGE RED ENAMEL TRIM JUG,4.0433088235294115,595,2231.61
22409,MONEY BOX BISCUITS DESIGN,1.5593167701863353,1638,2230.46
84691,PACK 20 DOLLY PEGS,1.0269491525423728,2747,2225.5
23079,TOADSTOOL BEDSIDE LIGHT,8.936915887850466,251,2225.45
51014L,"FEATHER PEN,LIGHT PINK",0.7759471365638766,3445,2222.35
21638,ASSORTED TUTTI FRUTTI NOTEBOOK,2.437448275862069,1020,2220.94
21476,STEEL SWEETHEART ROUND TABLE CREAM,16.436,142,2219.5099999999998
23501,KEY RING BASEBALL BOOT UNION JACK,1.4955263157894738,1821,2217.87
22074,6 RIBBONS SHIMMERING PINKS,1.5195876288659793,2156,2216.34
84997c,CHILDRENS CUTLERY POLKADOT BLUE,8.612666666666666,265,2216.21
84913A,SOFT PINK ROSE TOWEL,3.6103759398496242,608,2211.54
22716,CARD CIRCUS PARADE,0.5158836689038031,5218,2211.41
21125,SET 6 FOOTBALL CELEBRATION CANDLES,1.3050592885375494,2123,2211.38
22711,WRAP CIRCUS PARADE,0.41911602209944754,5377,2210.34
85116,BLACK CANDELABRA T-LIGHT HOLDER,1.560054945054945,1817,2206.24
17091J,VANILLA INCENSE IN TIN,0.8962295081967213,3964,2204.35
23403,LETTER HOLDER HOME SWEET HOME,4.374,625,2204.11
22514,CHILDS GARDEN SPADE BLUE,2.351802575107296,1082,2202.92
21811,CHRISTMAS HANGING HEART WITH BELL,1.4714035087719297,1721,2202.38
21651,HANGING GLASS ETCHED TEALIGHT,1.84456,1361,2200.36
22920,HERB MARKER BASIL,0.8639763779527558,3478,2199.19
20770,ABSTRACT CIRCLE JOURNAL,2.4737623762376235,1045,2190.59
22227,HANGING HEART MIRROR DECORATION,0.8839678284182306,3038,2183.17
23436,VINTAGE CHRISTMAS GIFT BAG LARGE,1.460952380952381,1831,2182.39
21611,SET OF 12 LILY BOTANICAL T-LIGHTS,3.1227814569536427,750,2182.19
23302,KNEELING MAT HOUSEWORK  DESIGN,1.8876394849785407,1536,2181.42
85039B,S/4 IVORY MINI ROSE CANDLE IN BOWL,1.6629477611940298,1653,2178.52
22952,72 CAKE CASES VINTAGE CHRISTMAS,0.5397029702970297,4346,2178.14
15056n,EDWARDIAN PARASOL NATURAL,12.549655172413793,173,2170.4
22292,"SPRING DEC , HANGING CHICK  YELLOW",1.6096363636363638,1640,2164.88
22948,METAL DECORATION NAUGHTY CHILDREN,1.8312903225806452,2155,2164.69
22069,BROWN  PIRATE TREASURE CHEST,2.9639405204460965,968,2164.63
23445,ICE CREAM BUBBLES,0.8659803921568627,2668,2161.2400000000002
22227,"DECORATION, HANGING HEART+MIRROR",0.9008591065292098,2983,2161.0
22714,CARD BIRTHDAY COWBOY,0.5378830083565459,5277,2157.91
22182,CAKE STAND VICTORIAN FILIGREE SMALL,4.562325581395349,561,2156.45
21245,GREEN  SPOTTY PLATE,1.8419594594594595,1308,2155.17
85216,ASSORTED CAKES FRIDGE MAGNETS,2.02281914893617,2849,2154.22
22824,3 TIER SWEETHEART GARDEN SHELF,35.7,61,2153.9500000000003
85103,SILVER T-LIGHT SETTING,7.735057471264368,317,2153.4300000000003
22338,STAR DECORATION PAINTED ZINC,0.5545387453874538,6087,2151.99
21246,RED SPOTTY BIG BOWL,5.613663366336634,423,2150.85
23161,REGENCY CAKE FORK,1.593061224489796,1715,2145.3
21421,PORCELAIN ROSE LARGE,1.5691666666666666,1792,2144.48
21905,MORE BUTTER METAL SIGN,1.688403041825095,1615,2141.07
22708,WRAP DOLLY GIRL,0.4184905660377358,5325,2140.5
22310,IVORY KNITTED MUG COSY,2.5177976190476192,1142,2140.35
23028,DRAWER KNOB CRACKLE GLAZE BLUE,1.9329629629629628,1207,2138.63
23213,STAR WREATH DECORATION WITH BELL,1.4865806451612902,1682,2138.42
22454,MEASURING TAPE BABUSHKA RED,3.077863247863248,751,2137.21
21617,4 LILY  BOTANICAL DINNER CANDLES,2.94546511627907,834,2135.01
20764,ABSTRACT CIRCLES SKETCHBOOK,4.1788659793814436,685,2134.76
22852,DOG BOWL VINTAGE CREAM,4.558709677419355,481,2132.63
23031,DRAWER KNOB CRACKLE GLAZE PINK,1.8296078431372549,1266,2132.5
21232,STRAWBERRY CERAMIC TRINKET POT,1.7832539682539683,1369,2131.22
21774,DECORATIVE CATS BATHROOM BOTTLE,2.008216216216216,1711,2129.81
22515,CHILDS GARDEN SPADE PINK,2.451238095238095,1046,2129.74
84670,JAPANESE CROCHETED ANIMAL,0.4957671957671958,5196,2128.72
21643,ASSORTED TUTTI FRUTTI MIRROR,1.8602941176470589,1521,2127.94
23005,TRAVEL CARD WALLET I LOVE LONDON,0.5217213114754098,4733,2126.55
21195,PINK  HONEYCOMB PAPER BALL,2.97841059602649,997,2122.66
21359,RELAX LARGE WOOD LETTERS,14.575066666666665,208,2116.48
21709,FOLDING UMBRELLA  CHOC/WHITE  SPOT,5.658571428571429,533,2115.77
21245,GREEN POLKADOT PLATE,2.0075,1259,2113.19
85099b,JUMBO BAG RED RETROSPOT,4.89,419,2111.64
23046,PAPER LANTERN 9 POINT DELUXE STAR,6.809444444444445,349,2111.49
85114A,BLACK ENCHANTED FOREST PLACEMAT,1.9424271844660193,1270,2110.9
23232,WRAP VINTAGE LEAF DESIGN,0.4173333333333333,5251,2109.42
22913,RED COAT RACK PARIS FASHION,5.491229508196722,450,2107.85
23233,WRAP POPPIES  DESIGN,0.41861635220125787,5175,2105.5
22279,POCKET BAG BLUE PAISLEY RED SPOT,1.625299539170507,1440,2104.62
84676,BATH DUCK WATERING CAN,3.1355454545454546,848,2102.46
40018F,CHERRY DESIGN PAPERLANTERNS,2.2838655462184874,1092,2100.33
22996,TRAVEL CARD WALLET VINTAGE TICKET,0.5296385542168675,4801,2094.93
23315,IVORY REFECTORY CLOCK,10.776511627906977,213,2094.24
23251,VINTAGE RED ENAMEL TRIM MUG,1.4140336134453781,1700,2090.75
23438,RED SPOT GIFT BAG LARGE,1.3771844660194175,1713,2089.92
22859,EASTER TIN BUNNY BOUQUET,1.93251497005988,1250,2085.75
21865,PINK UNION JACK  PASSPORT COVER,2.605766666666667,896,2085.64
22308,TEA COSY BLUE STRIPE,3.9256074766355136,677,2085.05
79323S,SILVER CHERRY LIGHTS,7.9071428571428575,334,2084.32
21070,VINTAGE BILLBOARD MUG,1.584655172413793,2034,2083.46
72799F,IVORY PILLAR CANDLE GOLD FLOCK,3.1107547169811323,1125,2082.74
23526,DOG LICENCE WALL ART,5.745172413793104,408,2081.64
23152,IVORY SWEETHEART WIRE LETTER RACK,3.9519374999999997,554,2080.65
84854,GIRLY PINK TOOL SET,6.568198198198199,381,2079.4700000000003
22023,EMPIRE BIRTHDAY CARD,0.5302320185614849,4975,2076.77
20983,12 PENCILS TALL TUBE RED SPOTTY,0.9929457364341086,2358,2074.06
84796A,PINK HAWAIIAN PICNIC HAMPER FOR 2,9.56162162162162,284,2072.95
23536,VILLAGE SHOW WALL ART,5.735555555555556,386,2072.42
23370,SET 36 COLOURING PENCILS DOILY,1.5463758389261746,1485,2070.35
22695,WICKER WREATH SMALL,1.709304347826087,1457,2070.15
23360,SET 8 CANDLES VINTAGE DOILY,2.0720183486238533,1060,2070.1
23227,FILIGREE HEART BUTTERFLY WHITE,1.5737606837606837,1642,2070.06
21619,4 VANILLA BOTANICAL CANDLES,2.4028169014084506,1131,2069.02
22191,EAU DE NIL DINER WALL CLOCK,8.471428571428572,248,2067.2
85049H,URBAN BLACK RIBBONS,1.1540828402366863,2066,2067.18
22935,BAKING MOULD ROSE MILK CHOCOLATE,3.8047692307692307,690,2066.82
21200,MULTICOLOUR HONEYCOMB PAPER GARLAND,2.0235433070866145,1421,2065.16
23020,GLASS  SONGBIRD STORAGE JAR,13.034794520547944,169,2065.14
21706,FOLDING UMBRELLA RED/WHITE POLKADOT,5.127066666666667,432,2063.39
84990,60 GOLD AND SILVER FAIRY CAKE CASES,0.6447738693467336,4248,2062.19
23291,DOLLY GIRL CHILDRENS CUP,1.5237244897959183,1634,2059.03
21077,SET/20 WOODLAND PAPER NAPKINS,0.9245641025641025,2790,2058.1
21058,PARTY INVITES WOODLAND,0.9954838709677419,2396,2055.59
22400,MAGNETS PACK OF 4 HOME SWEET HOME,0.8937974683544304,2450,2049.56
21640,ASSORTED TUTTI FRUTTI  FOB NOTEBOOK,1.0971962616822428,2225,2049.4
84968D,SET OF 16 VINTAGE RED CUTLERY,12.676764705882352,185,2043.95
84509B,SET OF 4 FAIRY CAKE PLACEMATS,4.211705882352941,542,2042.73
84459A,PINK METAL CHICKEN HEART,2.3394117647058823,1263,2041.69
22928,YELLOW GIANT GARDEN THERMOMETER,7.738050847457627,296,2041.3500000000001
23500,KEY RING BASEBALL BOOT ASSORTED,1.3861764705882351,1626,2038.33
85016,SET OF 6 VINTAGE NOTELETS KIT,2.36,1679,2033.33
23490,T-LIGHT HOLDER HANGING LOVE BIRD,3.961287128712871,542,2032.77
21348,PINK SPOTS CHOCOLATE NESTING BOXES,3.147611940298508,842,2030.8400000000001
21612,SET 12 WILDFLOWER BOTANICAL T-LIGHT,3.2462280701754387,698,2025.77
22261,FELT EGG COSY WHITE RABBIT,1.1506299212598425,2105,2024.35
22211,WOOD STAMP SET FLOWERS,1.5166329966329966,1531,2022.3500000000001
22799,SWEETHEART WIRE FRUIT BOWL,8.828148148148149,253,2020.84
23268,SET OF 2 CERAMIC CHRISTMAS REINDEER,1.6910112359550562,1447,2018.1399999999999
23543,KEEP CALM WALL ART,7.9465,269,2015.97
21356,TOAST ITS - FAIRY FLOWER,1.497909604519774,1592,2014.16
23289,DOLLY GIRL CHILDRENS BOWL,1.5367708333333334,1622,2013.7
22201,FRYING PAN BLUE POLKADOT,4.533374233128834,505,2013.18
22520,CHILDS GARDEN TROWEL BLUE,0.9263829787234042,2294,2011.28
37476,CONDIMENT TRAY 4 BOWLS AND 4 SPOONS,11.156538461538462,209,2010.6
22853,CAT BOWL VINTAGE CREAM,3.6078723404255317,581,2008.77
23358,HOT STUFF HOT WATER BOTTLE,4.198539325842697,594,2008.38
21389,IVORY HANGING DECORATION  BIRD,0.9979850746268656,2299,2008.09
79323G,GOLD  CHERRY LIGHTS,7.712295081967213,314,2007.88
35953,FOLKART STAR CHRISTMAS DECORATIONS,0.7825316455696203,3868,2007.22
23066,SMALL DECO JEWELLERY STAND,8.972278481012658,243,2005.81
21504,SKULLS GREETING CARD,0.46684848484848485,4913,2005.02
23274,STAR T-LIGHT HOLDER WILLIE WINKIE,2.0156666666666667,1180,2005.0
47591C,BLUE FAIRY CAKE CHILD'S APRON,2.0950967741935482,1047,2004.6299999999999
20686,DOLLY MIXTURE CHILDREN'S UMBRELLA,3.713978494623656,590,2002.84
22496,SET OF 2 ROUND TINS DUTCH CHEESE,3.1207216494845365,731,1996.09
22903,CALENDAR FAMILY FAVOURITES,3.0410256410256413,725,1994.96
20703,BLUE PADDED SOFT MOBILE,4.2601775147928995,471,1993.47
22521,CHILDS GARDEN TROWEL PINK,0.935,2288,1987.9299999999998
22932,BAKING MOULD TOFFEE CUP CHOCOLATE,2.7107042253521123,878,1985.58
84872A,TEATIME FUNKY FLOWER BACKPACK FOR 2,11.30343137254902,177,1983.54
23357,HOT WATER BOTTLE SEX BOMB,5.005242718446602,450,1982.05
85217,ASSORTED ICE CREAM FRIDGE MAGNETS,1.7262424242424241,2869,1981.85
22068,BLACK PIRATE TREASURE CHEST,2.2503597122302157,1112,1979.82
22466,FAIRY TALE COTTAGE NIGHT LIGHT,2.5624137931034485,976,1979.34
20665,RED RETROSPOT PURSE,4.005233160621762,599,1978.17
20871,OPULENT VELVET SET/3 CANDLES,2.688372093023256,1273,1978.05
22599,CHRISTMAS MUSICAL ZINC STAR,0.7351832460732983,3119,1976.88
84828,JUNGLE POPSICLES ICE LOLLY HOLDERS,1.6291499999999999,1543,1976.31
22451,SILK PURSE RUSSIAN DOLL RED,3.5667032967032966,605,1975.27
21630,FLOOR CUSHION ELEPHANT CARNIVAL,13.734105263157895,162,1973.3899999999999
79160,HEART SHAPE WIRELESS DOORBELL,2.515767441860465,944,1973.07
17084R,ASSORTED INCENSE PACK,0.20318181818181819,10625,1968.45
21657,MILK BOTTLE WITH GLASS STOPPER,8.511949152542373,257,1967.38
20674,GREEN SPOTTY BOWL,1.4592056074766355,1564,1963.44
22405,MONEY BOX POCKET MONEY DESIGN,1.3506849315068494,1618,1963.38
22931,BAKING MOULD HEART WHITE CHOCOLATE,2.8299999999999996,813,1963.3
22719,GUMBALL MONOCHROME COAT RACK,1.8944635193133046,1447,1962.83
23374,RED SPOT PAPER GIFT BAG,0.867175572519084,2456,1962.83
21082,SET/20 FRUIT SALAD PAPER NAPKINS,1.0707272727272727,7183,1960.45
23228,FILIGREE HEART BIRD WHITE,1.7907142857142857,1492,1960.0
20846,ZINC HEART LATTICE T-LIGHT HOLDER,1.5538728323699422,1453,1956.81
23145,ZINC T-LIGHT HOLDER STAR LARGE,1.0807142857142857,2060,1956.68
22614,PACK OF 12 SPACEBOY TISSUES,0.41798927613941017,5726,1954.3
21695,SMALL SILVER FLOWER CANDLE POT,3.627549019607843,630,1952.1799999999998
22098,BOUDOIR SQUARE TISSUE BOX,1.2482131661442006,2865,1952.04
22262,FELT EGG COSY CHICKEN,1.1506583072100314,2026,1947.82
35971,ROSE FOLKART HEART DECORATIONS,1.7866222222222223,1963,1947.74
20984,12 PENCILS TALL TUBE POSY,0.5354581673306773,5867,1940.96
21803,CHRISTMAS TREE STAR DECORATION,0.4677089783281734,4463,1938.96
46775D,SUNSET COLOUR CHUNKY KNITTED THROW,12.674,153,1938.19
22802,FAUX FUR CHOCOLATE THROW,18.994032258064514,110,1933.59
15058B,PINK POLKADOT GARDEN PARASOL,9.832699999999999,234,1932.97
21991,BOHEMIAN COLLAGE STATIONERY SET,2.241917808219178,1103,1927.54
23231,WRAP DOILEY DESIGN,0.41853658536585364,4703,1927.26
20716,PARTY FOOD SHOPPER BAG,1.4443373493975904,1533,1925.04
23094,LE GRAND TRAY CHIC SET,12.815443037974683,152,1924.92
21538,DAIRY MAID  PUDDING BOWL,4.00764705882353,1308,1924.51
21043,APRON MODERN VINTAGE COTTON,4.285602836879432,677,1921.03
84581,DOG TOY WITH PINK CROCHET SKIRT,3.8482627118644066,506,1920.02
21802,CHRISTMAS TREE HEART DECORATION,0.4897538461538461,4377,1917.2
22753,SMALL YELLOW BABUSHKA NOTEBOOK,0.9516585365853659,2332,1915.2099999999998
21112,SWISS ROLL TOWEL PINK  SPOTS,3.641282051282051,706,1913.69
22291,HANGING CHICK CREAM DECORATION,1.6429032258064515,1293,1913.35
22438,BALLOON ART MAKE YOUR OWN FLOWERS,1.9240112994350282,1459,1913.22
40001,WHITE BAMBOO RIBS LAMPSHADE,1.0641322314049586,2484,1911.6499999999999
22832,BROCANTE SHELF WITH HOOKS,11.603658536585366,173,1910.55
20684,STRAWBERRY DREAM CHILDS UMBRELLA,3.5827683615819206,580,1910.06
21692,SILVER LATTICE VANILLA CANDLE POT,4.022333333333333,502,1906.62
22453,MEASURING TAPE BABUSHKA BLUE,2.837179487179487,698,1906.11
22522,CHILDS GARDEN FORK BLUE,0.9080530973451327,2239,1905.81
85162B,BLACK RETRODISC LAMPSHADE,1.9499999999999997,977,1905.15
84968E,SET OF 16 VINTAGE BLACK CUTLERY,12.62103448275862,162,1905.03
23155,KNICKERBOCKERGLORY MAGNET ASSORTED,1.472074074074074,2221,1904.7700000000002
84763,ZINC FINISH 15CM PLANTER POTS,1.4076608187134503,1517,1903.0
21773,DECORATIVE ROSE BATHROOM BOTTLE,1.9163870967741934,1642,1899.4
21647,ASSORTED TUTTI FRUTTI LARGE PURSE,2.5659459459459457,848,1899.28
22210,WOOD STAMP SET BEST WISHES,1.3789491525423727,1586,1898.42
23491,VINTAGE JINGLE BELLS HEART,8.462151898734177,228,1897.76
84519B,CARROT CHARLIE+LOLA COASTER SET,2.900372093023256,867,1895.37
22513,DOORSTOP FOOTBALL DESIGN,4.337426900584796,585,1894.7
16169E,WRAP 50'S  CHRISTMAS,0.41919999999999996,4563,1892.46
23068,ALUMINIUM STAMPED HEART,2.589848484848485,779,1892.23
21659,GLASS CAKE STAND,17.163636363636364,120,1891.7
21581,SKULLS  DESIGN  COTTON TOTE BAG,2.6458333333333335,1172,1890.74
21445,12 PINK ROSE PEG PLACE SETTINGS,1.5165068493150684,1519,1887.23
22602,RETROSPOT WOODEN HEART DECORATION,1.1022619047619047,2076,1886.28
23235,STORAGE TIN VINTAGE LEAF,2.9892156862745103,712,1886.1
21540,DAIRY MAID BUTTER DISH,4.472051282051282,1209,1885.33
23128,FELTCRAFT BOY JEAN-PAUL KIT,5.303149606299213,366,1884.76
23434,3 RAFFIA RIBBONS 50'S CHRISTMAS,0.8802,2095,1884.17
22523,CHILDS GARDEN FORK PINK,0.9272067039106145,2183,1882.29
85231B,CINAMMON SET OF 9 T-LIGHTS,1.0465809768637533,2054,1877.84
23394,POSTE FRANCE CUSHION COVER,4.954210526315789,435,1877.65
22858,EASTER TIN KEEPSAKE,1.9493571428571426,1135,1877.34
84856S,SMALL TAHITI BEACH BAG,4.978787878787879,467,1877.21
21983,PACK OF 12 BLUE PAISLEY TISSUES,0.4161162079510703,6118,1875.02
21085,SET/6 WOODLAND PAPER CUPS,0.7726470588235294,13731,1872.68
21687,SILVER PLATE CANDLE BOWL LARGE,4.647358490566038,477,1871.23
16016,LARGE CHINESE STYLE SCISSOR,0.8401886792452831,2314,1870.7
23090,VINTAGE GLASS T-LIGHT HOLDER,0.9790131578947369,2237,1870.0300000000002
23075,PARLOUR CERAMIC WALL HOOK,4.255066666666667,450,1869.0
21091,SET/6 WOODLAND PAPER PLATES,1.0289583333333334,13700,1868.7
21613,S/12 VANILLA  BOTANICAL T-LIGHTS,3.078445945945946,632,1861.45
21287,SCENTED VELVET LOUNGE CANDLE,0.8480645161290323,4107,1860.0
21677,HEARTS  STICKERS,0.9985304659498206,2125,1859.3799999999999
21841,BABY MOUSE RED GINGHAM DRESS,4.4216417910447765,437,1857.47
20772,GARDEN PATH JOURNAL,2.5111111111111106,970,1848.73
21547,CERAMIC BIRDHOUSE CRESTED TIT SMALL,3.5872727272727274,719,1848.47
84797B,BLUE SAVANNAH PICNIC HAMPER FOR 4,10.58848484848485,323,1845.2
85162C,WHITE RETRODISC LAMPSHADE,3.1149999999999998,904,1841.7
22565,FELTCRAFT HAIRBANDS PINK AND WHITE,1.036231884057971,2014,1840.9899999999998
23378,PACK OF 12 50'S CHRISTMAS TISSUES,0.46322404371584697,3997,1840.08
21894,POTTING SHED SEED ENVELOPES,1.7396787148594377,1320,1836.14
21357,TOAST ITS - DINOSAUR,1.5208796296296296,1388,1827.76
22317,FIVE CATS HANGING DECORATION,3.675357142857143,587,1827.6399999999999
23109,LED TEA LIGHTS,3.2733333333333334,634,1826.76
85173,SET/6 FROG PRINCE T-LIGHT CANDLES,2.905894039735099,1018,1826.07
85164B,BLACK BAROQUE CUCKOO CLOCK,16.834,140,1825.1799999999998
21618,4 WILDFLOWER BOTANICAL CANDLES,2.9126027397260277,698,1823.74
84327A,PINK JUMPER LARRY THE LAMB,2.0976422764227642,959,1820.27
21088,SET/6 FRUIT SALAD PAPER CUPS,0.47226277372262776,16615,1816.73
22586,FELTCRAFT HAIRBAND PINK AND BLUE,1.0022666666666666,2087,1815.1399999999999
21109,"LARGE CAKE TOWEL, CHOCOLATE SPOTS",7.833865546218488,248,1814.82
21761,WOOD AND GLASS MEDICINE CABINET,29.575,65,1814.75
21123,SET/10 IVORY POLKADOT PARTY CANDLES,1.1925142857142856,1490,1814.59
21384,IVORY HANGING DECORATION  BUTTERFLY,1.048157894736842,1917,1810.1899999999998
21161,KEEP OUT BOYS DOOR HANGER,1.675781990521327,2360,1806.05
22307,GOLD MUG BONE CHINA TREE OF LIFE,2.3484873949579828,1199,1804.11
90167,BEADED LOVE HEART JEWELLERY SET,1.088198198198198,2197,1801.17
21280,VINTAGE KITCHEN PRINT VEGETABLES,2.9934285714285713,3333,1800.44
22770,MIRROR CORNICE,16.329718309859153,112,1799.62
21039,RED SPOTTY SHOPPING BAG,2.9305172413793104,686,1798.04
22454,MEASURING TAPE RUSSIAN DOLL RED,3.2675,654,1796.42
23160,REGENCY TEA SPOON,1.4881578947368421,1450,1794.48
21158,MOODY GIRL DOOR HANGER,1.2604672897196263,2587,1792.6599999999999
22254,FELT TOADSTOOL LARGE,1.5208,1398,1792.21
22922,FRIDGE MAGNETS US DINER ASSORTED,1.6745132743362832,2073,1789.2
22166,WALL MIRROR RECTANGLE DIAMANTE PINK,11.912755102040817,221,1781.97
84748,FOLK FELT HANGING MULTICOL GARLAND,3.4468085106382977,1170,1781.12
20729,RED SPOTTY CANDY BAG,1.4020661157024794,5262,1778.12
23317,BLUE REFECTORY CLOCK,11.226951219512195,173,1777.4599999999998
21548,CERAMIC BIRDHOUSE FINCH BLUE ROOF,3.7270370370370376,682,1776.12
23148,MINIATURE ANTIQUE ROSE HOOK IVORY,0.9144,2091,1775.5100000000002
21241,GREEN SPOTTY CUP,0.9869721115537848,2102,1774.72
79302M,"ART LIGHTS,FUNK MONKEY",3.6983333333333337,624,1774.18
84507B,STRIPES DESIGN MONKEY DOLL,2.9207758620689654,1349,1764.03
22533,MAGIC DRAWING SLATE BAKE A CAKE,0.4756595744680851,4471,1763.2
47566b,TEA TIME PARTY BUNTING,8.317079646017698,212,1761.26
22422,TOOTHPASTE TUBE PEN,0.9879944289693593,2743,1760.94
22103,MIRROR MOSAIC T-LIGHT HOLDER ROUND,2.047042253521127,1746,1760.64
21163,DO NOT TOUCH MY STUFF DOOR HANGER,1.3365530303030302,2800,1757.9199999999998
22209,WOOD STAMP SET HAPPY BIRTHDAY,1.4162934362934363,1415,1753.94
23372,SET 36 COLOUR PENCILS DOLLY GIRL,1.6135761589403974,1389,1750.29
21652,GLASS ETCHED T-LIGHT HOLDER MEDIUM,2.098860759493671,896,1747.9399999999998
84535B,FAIRY CAKES NOTEBOOK A6 SIZE,0.8490090090090091,2686,1747.76
23359,SET OF 12 T-LIGHTS VINTAGE DOILY,1.9891780821917808,929,1747.51
21205,MULTICOLOUR 3D BALLS GARLAND,2.9221476510067115,669,1746.97
22166,"WALL MIRROR , RECT DIAMANTE, PINK/",12.508524590163933,219,1746.78
21780,MA CAMPAGNE 4 DRAWER WALL SHELF,10.9125,203,1745.8500000000001
85060,WOOD FAN WITH FLOWER DESIGN,1.405909090909091,1448,1745.62
23399,HOME SWEET HOME HANGING HEART,1.1070085470085471,1914,1745.55
21000,ROSE DU SUD COSMETICS BAG,3.76,690,1744.98
21637,ASSORTED SANSKRIT MINI NOTEBOOK,1.8408602150537634,1358,1741.72
20767,BLUE PAISLEY JOURNAL,2.6804469273743012,812,1741.61
22535,MAGIC DRAWING SLATE BUNNIES,0.4714237288135593,4166,1741.53
21760,FRENCH STYLE WALL DRESSER,116.92307692307692,15,1740.0
23101,SILVER STARS TABLE DECORATION,0.9744859813084111,2031,1739.63
84006,MAGIC TREE -PAPER FLOWERS,1.1082075471698114,1856,1738.07
23096,PETIT TRAY CHIC,2.027808219178082,1033,1736.69
21662,VINTAGE GLASS COFFEE CADDY,7.421028037383177,269,1735.0500000000002
23181,BULL DOG BOTTLE TOP WALL CLOCK,9.421463414634145,201,1733.57
22035,VINTAGE CARAVAN GREETING CARD,0.5541274238227146,4083,1731.24
84843,WHITE SOAP RACK WITH 2 BOTTLES,7.07972972972973,280,1731.06
84509G,SET OF 4 FAIRY CAKE PLACEMATS,3.6071969696969695,720,1729.9
21620,SET OF 4 ROSE BOTANICAL CANDLES,2.2531550802139035,960,1729.61
21090,SET/6 COLLAGE PAPER PLATES,0.7291397849462365,3107,1729.09
21927,BLUE/CREAM STRIPE CUSHION COVER,1.6878238341968912,1260,1728.24
23122,PARTY CHARMS 50 PIECES,1.0386029411764706,2251,1726.09
22676,FRENCH BLUE METAL DOOR SIGN 1,1.6498678414096914,1253,1722.31
85185B,PINK HORSE SOCK PUPPET,3.5200588235294124,551,1719.56
22354,RETRO SPOT PADDED SEAT CUSHION,3.952142857142857,475,1718.93
21895,POTTING SHED SOW 'N' GROW SET,4.853139534883721,555,1718.63
22026,BANQUET BIRTHDAY  CARD,0.5348360655737705,4029,1717.47
21281,VINTAGE KITCHEN PRINT SEAFOOD,3.4729850746268656,3680,1716.8
10125,MINI FUNKY DESIGN TAPES,0.930635838150289,2103,1715.78
21275,ZINC TOP  2 DOOR WOODEN SHELF,14.021454545454544,249,1714.48
85127,SMALL SQUARE CUT GLASS CANDLESTICK,6.974634146341464,276,1710.67
22934,BAKING MOULD EASTER EGG WHITE CHOC,3.2253846153846157,589,1707.47
23073,GEORGIAN TRINKET BOX,12.411475409836067,143,1706.5
20990,SPRING FLOWER CHOPSTICKS SET/5,2.2476415094339623,895,1706.1399999999999
22516,CHILDS GARDEN RAKE BLUE,2.4978048780487803,839,1700.6
22123,PING MICROWAVE APRON,3.7334730538922156,655,1700.1399999999999
21394,RED POLKADOT BEAKER,0.6504477611940298,3920,1698.8799999999999
21189,WHITE HONEYCOMB PAPER GARLAND,2.4475000000000002,797,1698.8799999999999
22319,HAIRCLIPS FORTIES FABRIC ASSORTED,0.80816091954023,2987,1698.04
22286,"DECORATION , WOBBLY RABBIT , METAL",2.01140625,1107,1696.29
22198,"POPCORN HOLDER , LARGE",2.099565217391304,1008,1696.21
84795A,PASTEL STRIPE HAMMOCK,9.646056338028169,208,1696.02
22706,WRAP COWBOYS,0.41744,4222,1693.24
21629,SQUARE FLOOR CUSHION VINTAGE RED,11.56120879120879,158,1690.8999999999999
21786,RAIN HAT WITH RED SPOTS,0.5820754716981132,4457,1688.2
20996,JAZZ HEARTS ADDRESS BOOK,0.37842261904761904,6311,1686.79
22587,FELTCRAFT HAIRBAND RED AND BLUE,1.0082903225806452,1908,1686.51
21576,LETS GO SHOPPING COTTON TOTE BAG,2.513381642512077,732,1686.19
85221,ASSORTED COLOUR SILK COIN PURSE,1.0245833333333334,3558,1685.46
70007,HI TEC ALPINE HAND WARMER,2.123381642512077,1306,1684.58
21251,DINOSAUR HEIGHT CHART STICKER SET,3.519545454545455,595,1683.93
22416,SET OF 36 DOILIES SPACEBOY DESIGN,1.582767857142857,1210,1682.57
22975,SPACEBOY CHILDRENS EGG CUP,1.5469743589743588,1245,1679.66
23368,SET 12 COLOUR PENCILS DOLLY GIRL,0.784322033898305,2379,1679.55
46776F,WOVEN ROSE GARDEN CUSHION COVER,4.206687898089172,487,1675.73
72816,SET/3 CHRISTMAS DECOUPAGE CANDLES,1.9589705882352941,1344,1671.52
23214,JINGLE BELL HEART ANTIQUE GOLD,2.395631067961165,777,1670.0800000000002
21446,12 RED ROSE PEG PLACE SETTINGS,1.4849166666666667,1258,1669.83
15058A,BLUE POLKADOT GARDEN PARASOL,9.208988764044944,200,1668.49
22673,FRENCH GARDEN SIGN BLUE METAL,1.4474999999999998,1320,1667.5
35809A,ENAMEL PINK TEA CONTAINER,2.4808426966292134,1137,1666.78
21382,SET/4 SPRING FLOWER DECORATION,2.2237254901960783,1238,1665.66
22804,PINK HANGING HEART T-LIGHT HOLDER,3.3044736842105267,880,1664.16
21633,SUNFLOWER DECORATIVE PARASOL,13.04888888888889,175,1663.11
85039A,SET/4 RED MINI ROSE CANDLE IN BOWL,1.6358964143426293,1448,1661.37
21162,TOXIC AREA  DOOR HANGER,1.274808362369338,2402,1655.8799999999999
20752,RETRO BLUE SPOTTY WASHING UP GLOVES,2.31474358974359,965,1655.74
21278,VINTAGE KITCHEN PRINT PUDDINGS,3.509159663865546,2758,1654.45
21294,ETCHED GLASS COASTER,1.1270921985815603,2246,1653.75
23505,PLAYING CARDS I LOVE LONDON,1.3546153846153848,1200,1651.29
23273,HEART T-LIGHT HOLDER WILLIE WINKIE,1.8786725663716815,969,1649.05
21426,WOODLAND STORAGE BOX SMALL,3.2193069306930693,1028,1647.07
23270,SET OF 2 CERAMIC PAINTED HEARTS,1.501171875,1174,1646.32
21332,MOROCCAN BEATEN METAL MIRROR,11.9834,270,1644.17
21645,ASSORTED TUTTI FRUTTI ROUND BOX,1.844148148148148,969,1642.65
22025,RING OF ROSES BIRTHDAY CARD,0.5371280276816609,3970,1641.64
21448,12 DAISY PEGS IN WOOD BOX,1.8780465116279068,955,1640.17
21545,CERAMIC BIRDHOUSE BUTTERFLY SMALL,3.555542168674699,697,1640.12
37441,ASSORTED WHITE EMBOSSED CHINA MUGS,5.037777777777778,700,1639.8
22410,MONEY BOX HOUSEKEEPING DESIGN,1.3945408163265305,1339,1637.46
85180A,RED HEARTS LIGHT CHAIN,3.9513,629,1636.42
23483,HANGING  BUTTERFLY T-LIGHT HOLDER,2.409054054054054,1328,1636.36
21541,DINOSAURS WATER TRANSFER TATTOOS,1.0449261083743842,1907,1636.24
23366,SET 12 COLOURING PENCILS DOILY,0.8190721649484536,2200,1636.1
23348,CHILDRENS TOY COOKING UTENSIL SET,2.5796470588235296,746,1633.81
35241,ENAMEL BLUE RIM BISCUIT BIN,6.062538461538462,309,1631.42
21593,SWALLOW CIGAR BOX MATCHES,1.2480208333333334,1391,1629.31
21283,NATURAL BARK CANDLE SMALL,3.6758536585365857,512,1629.2
85036C,ROSE 1 WICK MORRIS BOXED CANDLE,3.032748091603054,878,1629.02
21793,CLASSIC FRENCH STYLE BASKET BROWN,5.173203883495146,353,1627.3600000000001
21039,RED RETROSPOT SHOPPING BAG,3.0420535714285712,627,1625.6100000000001
23391,I LOVE LONDON MINI BACKPACK,4.616666666666667,388,1624.02
84619,BLUE GINGHAM ROSE QUILT,35.91413793103448,72,1622.96
21837,CROSS STITCH ALPHABET CUSHION COVER,7.640989010989012,244,1622.64
21279,VINTAGE KITCHEN PRINT FRUITS,3.595346534653465,3527,1621.83
72817,SET OF 2 CHRISTMAS DECOUPAGE CANDLE,1.2854761904761904,1513,1621.28
84997b,RED 3 PIECE RETROSPOT CUTLERY SET,8.42304347826087,192,1621.02
85131A,BEADED PEARL HEART WHITE ON STICK,0.97595,2025,1619.23
22559,SEASIDE FLYING DISC,1.5184269662921346,1275,1616.33
21656,RIDGED GLASS POSY VASE,2.0507142857142853,985,1614.54
23217,LAUREL HEART ANTIQUE SILVER,1.5415151515151517,1309,1613.82
48195,DOOR MAT GREEN PAISLEY,8.110813953488371,268,1613.56
22292,HANGING CHICK  YELLOW DECORATION,1.5933333333333333,1139,1608.86
35810A,ENAMEL PINK COFFEE CONTAINER,2.3456976744186044,1205,1604.74
82615,PINK MARSHMALLOW SCARF KNITTING KIT,3.277444444444445,582,1603.97
23287,RED VINTAGE SPOT BEAKER,1.03395,1879,1603.3899999999999
21542,WOODLAND WATER TRANSFER TATTOOS,1.016020942408377,1877,1600.75
20802,SMALL GLASS SUNDAE DISH CLEAR,2.104051724137931,1051,1596.81
23226,FILIGREE HEART DAISY WHITE,1.5736363636363635,1247,1596.67
22260,FELT EGG COSY BLUE RABBIT,1.2850813008130082,1557,1594.77
23244,ROUND STORAGE TIN VINTAGE LEAF,2.1018446601941747,864,1593.58
84913B,MINT GREEN ROSE TOWEL,3.6969,420,1593.29
21694,SMALL REGAL  SILVER CANDLEPOT,3.2754285714285714,556,1593.16
21986,PACK OF 12 PINK POLKADOT TISSUES,0.41952554744525544,5159,1591.94
35471D,SET OF 3 BIRD LIGHT PINK FEATHER,1.2320786516853932,2241,1591.86
35160,BUDDHA INCENSE HOLDER ASSORTED,0.8171428571428571,2180,1590.64
21383,PACK OF 12 STICKY BUNNIES,0.9649240121580547,2204,1590.43
22106,MIRROR MOSAIC HURRICANE LAMP,5.470759493670886,509,1589.98
22517,CHILDS GARDEN RAKE PINK,2.3930263157894736,806,1589.4099999999999
22597,CHRISTMAS MUSICAL ZINC HEART,0.982051282051282,1850,1586.49
22099,CARAVAN SQUARE TISSUE BOX,1.2789666666666666,2123,1585.46
85170A,SET/6 IVORY BIRD T-LIGHT CANDLES,2.5583333333333336,848,1585.06
23369,SET 36 COLOUR PENCILS LOVE LONDON,1.4970542635658914,1105,1581.06
85222,ASSORTED COLOUR SILK COSMETIC PURSE,2.2184615384615385,1406,1579.68
21123,SET/10 IVORY SPOTTY PARTY CANDLES,1.3386419753086418,1261,1578.47
37342,POLKADOT COFFEE CUP & SAUCER PINK,1.8004237288135592,1589,1577.6200000000001
21675,BUTTERFLIES STICKERS,1.0479553903345724,1782,1576.84
22608,PENS ASSORTED FUNKY JEWELED,0.462235294117647,5735,1573.81
21631,HIPPY CHIC DECORATIVE PARASOL,10.77962962962963,221,1571.75
21092,SET/6 STRAWBERRY PAPER PLATES,1.1092857142857142,12846,1571.5
22705,WRAP GREEN PEARS,0.42,3733,1567.86
23462,ROCOCO WALL MIRROR WHITE,20.713555555555555,78,1567.1399999999999
15059A,ENGLISH ROSE EDWARDIAN PARASOL,10.5,509,1567.0
79323B,BLACK CHERRY LIGHTS,7.727241379310345,242,1565.7
21550,CERAMIC BIRDHOUSE CRESTED TIT LARGE,6.715223880597015,295,1565.51
21867,PINK UNION JACK  LUGGAGE TAG,1.5381727574750832,1144,1562.87
21925,UNION STRIPE CUSHION COVER,1.5775147928994084,1201,1562.33
84536B,FAIRY CAKES NOTEBOOK A7 SIZE,0.5752357320099255,3504,1561.49
21579,LOLITA  DESIGN  COTTON TOTE BAG,2.5860583941605837,1029,1560.85
21972,SET OF 36 DINOSAUR PAPER DOILIES,1.644502923976608,1055,1560.82
85194L,HANGING SPRING FLOWER EGG LARGE,1.0477551020408162,1818,1560.6299999999999
21276,TWO EMBOSSED HEART MINI DRAWERS,4.253103448275862,677,1558.94
84789,ENCHANTED BIRD PLANT CAGE,4.017177419354839,445,1558.39
72803A,ROSE SCENT CANDLE JEWELLED DRAWER,4.382680412371134,724,1553.5
22450,SILK PURSE BABUSHKA BLUE,3.497787610619469,459,1552.3500000000001
21710,FOLDING UMBRELLA  PINK/WHITE  SPOT,4.8208,584,1549.34
21289,LARGE STRIPES CHOCOLATE GIFT BAG,1.3087254901960785,1413,1549.31
20766,GARDEN PATH SKETCHBOOK,3.951910828025478,518,1548.47
84919,BLUE CUSHION COVER WITH FLOWER,6.487435897435897,283,1545.53
16033,MINI HIGHLIGHTER PENS,0.11639999999999999,15121,1544.52
22982,PANTRY PASTRY BRUSH,1.6372169811320754,1154,1543.77
21610,SET 12 PEAR BOTANICAL T-LIGHTS,3.043571428571429,542,1543.67
75131,METAL TUBE CHIME ON BAMBOO,1.700735294117647,1217,1543.03
22343,PARTY PIZZA DISH RED RETROSPOT,0.7627450980392158,2797,1541.47
20735,BLACK MINI TAPE MEASURE,1.20519801980198,1515,1540.29
84795D,SEASIDE STRIPE HAMMOCK,8.78421686746988,189,1538.79
21246,RED RETROSPOT BIG BOWL,4.595185185185185,326,1534.78
20768,GREEN FERN JOURNAL,2.557046979865772,767,1534.19
23267,SET OF 4 SANTA PLACE SETTINGS,1.4116216216216215,1202,1531.95
72008,FROSTED BOX 9 WHITE T-LIGHT CANDLES,0.441,3819,1531.4
20986,BLUE CALCULATOR RULER,1.554354066985646,1217,1530.95
22449,SILK PURSE RUSSIAN DOLL PINK,3.7502173913043477,460,1530.6200000000001
85036B,CHOCOLATE 1 WICK MORRIS BOX CANDLE,3.0740229885057473,598,1530.1599999999999
20902,VINTAGE KEEPSAKE BOX PARIS DAYS,9.306034482758621,206,1525.22
22337,ANGEL DECORATION PAINTED ZINC,0.7340939597315437,2473,1522.52
21282,NATURAL BARK CANDLE LARGE,4.772028985507246,356,1522.28
22293,"SPRING DEC , HANGING CHICK  GREEN",1.8652941176470588,1128,1516.9199999999998
21099,SET/6 STRAWBERRY PAPER CUPS,0.755,13290,1516.64
85177,BASKET OF FLOWERS SEWING KIT,0.9903496503496504,1820,1514.78
21785,RAIN PONCHO,0.9908910891089109,2005,1514.6299999999999
21146,ANTIQUE GLASS RIDGED HANGING BALL,2.179655172413793,789,1513.67
21661,VINTAGE GLASS TEA CADDY,7.073838383838384,239,1511.3100000000002
22340,NOEL GARLAND PAINTED ZINC,1.242391304347826,1799,1511.05
22137,BATHROOM SET LOVE HEART DESIGN,3.616046511627907,606,1508.28
21634,ASSORTED MINI MADRAS NOTEBOOK,1.363768115942029,1771,1507.74
21002,ROSE DU SUD DRAWSTRING BAG,3.536141304347826,417,1507.22
84526,GIANT BLACK SUNGLASSES,2.112058823529412,538,1503.6399999999999
85159B,"WHITE TEA,COFFEE,SUGAR JARS",4.945227272727273,659,1503.5
23250,VINTAGE RED TRIM ENAMEL BOWL,1.4721296296296298,1155,1501.03
21199,PINK  HEART CONFETTI IN TUBE,1.8689999999999998,1305,1495.7
23280,FOLDING BUTTERFLY MIRROR HOT PINK,1.0685620915032679,1867,1495.24
21009,ETCHED GLASS STAR TREE DECORATION,1.4825714285714284,1047,1494.99
21066,VINTAGE RED MUG,1.2776335877862597,2284,1494.67
85160A,WHITE BIRD GARDEN DESIGN MUG,5.4087499999999995,8816,1493.75
84856L,LARGE TAHITI BEACH BAG,7.748271604938272,238,1492.28
23334,IVORY WICKER HEART SMALL,0.7883823529411764,2271,1491.75
22677,FRENCH BLUE METAL DOOR SIGN 2,1.7172058823529412,1074,1486.62
21051,RIBBONS PURSE,2.1744615384615384,754,1486.16
15058A,BLUE WHITE SPOTS GARDEN PARASOL,7.573833333333334,276,1485.24
23271,CHRISTMAS TABLE SILVER CANDLE SPIKE,1.055904761904762,1715,1483.61
21849,SILVER DIAMANTE PEN IN GIFT BOX,3.7198529411764705,633,1483.51
23559,WOODLAND BUNNIES LOLLY MAKERS,2.8688709677419357,649,1482.41
84510B,SET OF 4 FAIRY CAKES COASTERS,1.673157894736842,1171,1481.05
18098c,PORCELAIN BUTTERFLY OIL BURNER,5.067333333333333,292,1479.61
85125,SMALL ROUND CUT GLASS CANDLESTICK,5.313709677419355,309,1479.51
22546,MINI JIGSAW PURDEY,0.5223837209302326,3703,1478.56
23392,SPACEBOY ROCKET LOLLY MAKERS,2.7042982456140354,662,1475.03
22915,ASSORTED BOTTLE TOP  MAGNETS,1.1767692307692308,3281,1474.52
21851,LILAC DIAMANTE PEN IN GIFT BOX,3.9557718120805365,628,1473.56
84616,SILVER ROCCOCO CHANDELIER,27.726799999999997,72,1472.62
21198,WHITE HEART CONFETTI IN TUBE,1.7450420168067227,1282,1472.3
22912,YELLOW COAT RACK PARIS FASHION,5.261192660550459,313,1471.09
20734,SILVER MINI TAPE MEASURE,1.3161016949152542,1592,1470.6200000000001
21869,POTTING SHED COFFEE MUG,1.348125,1264,1469.58
84659A,WHITE TRAVEL ALARM CLOCK,2.5639555555555553,588,1469.51
85198,ASSORTED FARMYARD ANIMALS IN BUCKET,1.0133962264150944,3859,1469.5
22815,CARD PSYCHEDELIC APPLES,0.5004117647058823,3433,1468.53
21801,CHRISTMAS TREE DECORATION WITH BELL,0.45776061776061777,3398,1467.6599999999999
22976,CIRCUS PARADE CHILDRENS EGG CUP,1.5033999999999998,1127,1465.26
20681,PINK POLKADOT CHILDRENS UMBRELLA,4.0942647058823525,405,1464.29
23365,SET 12 COLOUR PENCILS LOVE LONDON,0.7943930635838151,1857,1463.08
21644,ASSORTED TUTTI FRUTTI HEART BOX,1.4383916083916084,1087,1461.47
21818,GLITTER CHRISTMAS HEART,0.8863461538461538,1727,1460.86
23470,CARD HOLDER LOVE BIRD LARGE,6.810714285714286,232,1460.5
22052,VINTAGE CARAVAN GIFT WRAP,0.41812499999999997,3525,1460.5
22929,SCHOOL DESK AND CHAIR,64.17058823529412,23,1459.75
22393,PAPERWEIGHT VINTAGE COLLAGE,2.8713333333333333,834,1459.3700000000001
21410,COUNTRY COTTAGE  DOORSTOP GREEN,5.5142,312,1458.28
85098B,BLUE FLYING SINGING CANARY,4.695043478260869,366,1456.94
22228,BUNNY WOODEN PAINTED WITH BIRD,1.0154676258992805,1727,1456.6
15056bl,EDWARDIAN PARASOL BLACK,12.562068965517243,116,1456.3200000000002
21065,BOOM BOX SPEAKER GIRLS,4.923114754098361,608,1455.3600000000001
84637,KITCHEN FLOWER POTS WALL PLAQUE,5.804122807017544,585,1454.49
21317,GLASS SPHERE CANDLE STAND MEDIUM,5.967763157894737,357,1453.4
20733,GOLD MINI TAPE MEASURE,0.8517627118644067,1927,1452.2
21739,COSY SLIPPER SHOES SMALL GREEN,3.0525280898876406,494,1451.85
85136C,RED SHARK HELICOPTER,8.129180327868852,179,1451.69
22157,ANGEL DECORATION WITH LACE PADDED,0.894296875,1698,1451.3999999999999
85049a,TRADITIONAL CHRISTMAS RIBBONS,3.3160784313725493,434,1451.24
23034,DRAWER KNOB CERAMIC BLACK,1.6273333333333335,979,1448.6699999999998
22390,PAPERWEIGHT CHILDHOOD MEMORIES,2.6522891566265057,813,1448.52
22986,GINGHAM ROSE WRAP,0.4193442622950819,3519,1445.98
37343,SPOTS DESIGN MUG W PINK INSIDE,2.097972972972973,917,1445.78
21159,MOODY BOY  DOOR HANGER,1.3357768924302789,2105,1445.37
35637A,IVORY STRING CURTAIN WITH POLE,6.165849056603774,551,1445.05
85055,FRENCH ENAMEL UTENSIL HOLDER,4.6967592592592595,359,1442.94
84313C,ORANGE TV TRAY TABLE,5.152739726027397,548,1442.3899999999999
23086,ZINC  STAR T-LIGHT HOLDER,1.5256521739130435,1217,1441.43
84596G,SMALL CHOCOLATES PINK BOWL,0.8623011363636363,2226,1440.76
22817,CARD SUKI BIRTHDAY,0.49591549295774645,3392,1434.9
22249,DECORATION WHITE CHICK MAGIC GARDEN,1.0390725806451613,1636,1434.6599999999999
22316,200 BENDY SKULL STRAWS,1.4029411764705881,1257,1432.82
21561,DINOSAUR LUNCHBOX WITH CUTLERY,2.832654867256637,570,1429.9
22093,MOTORING TISSUE BOX,0.9597122302158274,2346,1429.87
21292,SMALL STRIPES CHOCOLATE GIFT BAG,0.8146153846153845,2449,1427.11
22396,MAGNETS PACK OF 4 RETRO PHOTO,0.9205945945945946,1895,1427.08
85167B,BLACK GRAND BAROQUE PHOTO FRAME,4.181,692,1426.34
22071,SMALL RETRO SPOT MUG IN BOX  WHITE,3.936024096385542,383,1426.13
22094,RED RETROSPOT TISSUE BOX,1.1035744680851063,2554,1424.1599999999999
21495,SKULLS WRAP,0.41853211009174307,3400,1424.0
35965,FOLKART HEART NAPKIN RINGS,3.2986781609195406,629,1423.63
20761,BLUE PAISLEY SKETCHBOOK,4.008979591836735,458,1422.46
21807,WHITE CHRISTMAS STAR DECORATION,0.5124719101123596,3225,1422.45
20801,LARGE PINK GLASS SUNDAE DISH,2.2076521739130435,1092,1422.0
23057,BEADED CHANDELIER T-LIGHT HOLDER,4.771578947368421,695,1420.97
21532,DAIRY MAID SUGAR JAM BOWL,2.386413043478261,1387,1419.71
35004G,SET OF 3 GOLD FLYING DUCKS,6.24974025974026,359,1419.51
20840,FRENCH FLORAL CUSHION COVER,2.1470212765957446,885,1419.09
22285,HANGING HEN ON NEST DECORATION,2.0156410256410253,828,1418.82
22819,"BIRTHDAY CARD, RETRO SPOT",0.4827190332326284,3351,1418.1200000000001
15034,PAPER POCKET TRAVELING FAN,0.357265625,10153,1416.26
85071A,BLUE CHARLIE+LOLA PERSONAL DOORSIGN,1.2626845637583894,1907,1415.69
22333,RETRO SPOT PARTY BAG + STICKER SET,1.7891176470588235,938,1412.25
23249,VINTAGE RED ENAMEL TRIM PLATE,1.891,830,1406.3
47503A,ASS FLORAL PRINT MULTI SCREWDRIVER,0.63315,2853,1405.51
23119,PACK OF 6 LARGE FRUIT STRAWS,0.7791390728476821,2282,1401.7
21358,TOAST ITS - HAPPY BIRTHDAY,1.2818918918918918,1129,1398.71
21910,WAY OUT METAL SIGN,1.7615315315315316,1066,1398.18
21828,EIGHT PIECE SNAKE  SET,1.4790163934426228,1105,1396.6200000000001
23055,IVORY CHANDELIER T-LIGHT HOLDER,5.62125,657,1395.18
15058B,PINK WHITE SPOTS GARDEN PARASOL,9.42125,204,1394.7
23040,PAPER LANTERN 9 POINT SNOW STAR,6.278372093023257,253,1394.03
22756,LARGE YELLOW BABUSHKA NOTEBOOK,1.4032870370370372,1204,1393.45
85087,CANDY SPOT CUSHION COVER,3.6293150684931508,420,1392.64
85017B,ENVELOPE 50 BLOSSOM IMAGES,0.7516981132075471,2231,1390.3899999999999
47503K,ASSORTED FLORAL SECATEURS,2.262325581395349,3177,1389.44
22324,BLUE POLKADOT KIDS BAG,3.31625,568,1389.06
22686,FRENCH BLUE METAL DOOR SIGN No,1.8880924855491328,1050,1388.45
22917,HERB MARKER ROSEMARY,0.8575889328063241,1996,1386.65
85169A,IVORY LOVE BIRD CANDLE,1.3951612903225807,1252,1385.82
22339,CHRISTMAS TREE PAINTED ZINC,0.5729139072847682,3521,1385.46
20658,RED SPOTTY LUGGAGE TAG,1.6824489795918367,1000,1385.3
23376,PACK OF 12 VINTAGE CHRISTMAS TISSUE,0.5079245283018868,3039,1384.9099999999999
22250,DECORATION  BUTTERFLY  MAGIC GARDEN,1.1350950570342204,1521,1382.96
84396,6 HOOK JEWELLERY STAND BLACK DRESS,5.774400000000001,552,1380.52
23104,IVORY CAFE HANGING LAMP,12.867111111111111,116,1380.42
23414,ZINC BOX SIGN HOME,10.073749999999999,141,1378.75
84562A,PINK/WHITE RIBBED MELAMINE JUG,9.355443037974684,169,1378.26
21011,GLITTER SNOW PEAR TREE DECORATION,1.2534920634920634,1840,1373.8
90200D,PINK SWEETHEART BRACELET,4.221866666666666,327,1372.26
20704,MR ROBOT SOFT TOY,6.370875,361,1371.42
23536,WALL ART VILLAGE SHOW,7.079253731343283,240,1369.71
46776B,WOVEN BERRIES CUSHION COVER,4.262352941176471,428,1369.23
20866,BLUE ROSE FABRIC MIRROR,1.4857591623036648,1280,1368.91
23000,TRAVEL CARD WALLET TRANSPORT,0.5197132616487455,3169,1368.28
84819,DANISH ROSE ROUND SEWING BOX,2.969368421052631,908,1368.26
21209,MULTICOLOUR HONEYCOMB FAN,1.7460583941605838,1476,1368.04
21398,RED  SPOTTY COFFEE  MUG,2.3773584905660377,710,1367.79
35599D,PINK AND WHITE CHRISTMAS TREE 120CM,4.735631067961165,406,1366.48
84685,BEACH HUT KEY CABINET,5.732,435,1366.17
23546,WRAP PAISLEY PARK,0.42,3250,1365.0
84665,SQUARE CHERRY BLOSSOM CABINET,6.375531914893617,226,1364.7
22916,HERB MARKER THYME,0.8606299212598425,1962,1363.3799999999999
23221,REINDEER HEART DECORATION SILVER,1.0762416107382549,1536,1363.04
16161U,"WRAP,SUKI AND FRIENDS",0.41709090909090907,3350,1363.0
35649,VINTAGE BEAD COSMETIC BAG,3.0605555555555557,1826,1362.8999999999999
21786,POLKADOT RAIN HAT,0.6476490066225166,3014,1360.83
84965B,BLUE KASHMIRI COFFEE TABLE,62.4875,27,1359.95
22269,EGG CUP NATURAL CHICKEN,1.2078155339805825,1521,1357.7
21684,SMALL MEDINA STAMPED METAL BOWL,1.1099999999999999,1696,1357.61
23469,CARD HOLDER LOVE BIRD SMALL,4.643611111111111,332,1355.24
22050,PINK PAISLEY ROSE GIFT WRAP,0.4186086956521739,3300,1354.0
17129D,CLEAR COLOUR GLASS GEMS IN BAG,1.2087179487179487,1125,1351.18
21059,PARTY INVITES DINOSAURS,0.9007692307692308,1596,1348.56
84466,TOP SECRET PEN SET,1.6404109589041096,1256,1348.3600000000001
21529,RETRO SPOT CERAMIC TOASTRACK,3.9699029126213596,383,1346.08
20762,GREEN FERN SKETCHBOOK,3.836102941176471,458,1343.79
21822,GLITTER CHRISTMAS TREE WITH BELLS,1.58013698630137,1010,1343.7
22293,HANGING CHICK GREEN DECORATION,1.739921875,906,1343.28
84828,JUNGLE POPSICLES ICE LOLLY MOULDS,1.6098064516129034,960,1338.8700000000001
21397,BLUE  SPOTTY EGG CUP,1.9963636363636361,994,1338.36
21190,PINK HEARTS PAPER GARLAND,1.9798260869565216,806,1337.59
20993,JAZZ HEARTS MEMO PAD,0.8425,10967,1334.1100000000001
20780,BLACK EAR MUFF HEADPHONES,6.895445544554456,231,1333.96
16235,RECYCLED PENCIL WITH RABBIT ERASER,0.3089808917197452,5827,1333.95
22246,"GARLAND, MAGIC GARDEN 1.8M",2.565208333333333,656,1332.36
21580,RABBIT  DESIGN  COTTON TOTE BAG,2.855639534883721,542,1329.6299999999999
23538,WALL ART VINTAGE HEART,5.7790625,331,1329.54
20933,YELLOW POT PLANT CANDLE,4.1007547169811325,505,1329.49
22446,PIN CUSHION BABUSHKA PINK,2.87974358974359,497,1329.48
85032D,YULETIDE IMAGES GIFT WRAP SET,1.3986567164179105,1148,1327.68
23232,WRAP VINTAGE PETALS  DESIGN,0.4176923076923077,3275,1327.5
21775,DECORATIVE FLORE BATHROOM BOTTLE,2.009496402877698,874,1326.29
21926,RED/CREAM STRIPE CUSHION COVER,1.5961224489795918,1009,1325.27
22202,MILK PAN PINK POLKADOT,5.54825,331,1325.01
85032A,ROMANTIC IMAGES GIFT WRAP SET,1.273726708074534,1441,1323.51
22924,FRIDGE MAGNETS LA VIE EN ROSE,1.4349999999999998,1500,1323.42
22918,HERB MARKER PARSLEY,0.8578968253968254,1925,1322.86
21738,COSY SLIPPER SHOES SMALL  RED,3.5006617647058826,422,1322.63
22701,PINK DOG BOWL,2.842075471698113,675,1320.57
21157,RED SPOTTY WASHBAG,2.740300751879699,586,1319.96
85200,BUNNY EGG BOX,1.3532075471698113,1045,1319.09
85135C,RED DRAGONFLY HELICOPTER,8.16232142857143,162,1317.92
22051,BLUE SCANDINAVIAN PAISLEY WRAP,0.4193103448275862,3175,1317.5
85071B,RED CHARLIE+LOLA PERSONAL DOORSIGN,1.3026347305389223,2340,1316.48
22923,FRIDGE MAGNETS LES ENFANTS ASSORTED,1.0913333333333333,1583,1314.8899999999999
22977,DOLLY GIRL CHILDRENS EGG CUP,1.4704964539007093,999,1313.86
20760,GARDEN PATH POCKET BOOK,0.7926829268292683,5550,1313.66
84688,BEACH HUT DESIGN BLACKBOARD,5.835432098765432,422,1313.52
23373,VINTAGE CHRISTMAS PAPER GIFT BAG,0.9070999999999999,1608,1313.3899999999999
35598D,PINK/WHITE CHRISTMAS TREE 60CM,1.6382524271844658,1727,1312.2
23405,HOME SWEET HOME 2 DRAWER CABINET,5.985492957746479,252,1311.48
85232A,SET/3 POLKA DOT STACKING TINS,5.2723157894736845,262,1311.42
22481,BLACK TEA TOWEL CLASSIC DESIGN,1.1607142857142858,1272,1309.81
21277,FRENCH STYLE EMBOSSED HEART CABINET,24.660208333333333,54,1309.3899999999999
21842,PINK HEART CANDY BUTTON CALCULATOR,3.0110638297872336,551,1308.74
20893,HANGING BAUBLE T-LIGHT HOLDER SMALL,2.886455696202532,559,1308.59
20798,CLEAR MILKSHAKE GLASS,3.106117647058823,551,1308.15
21945,STRAWBERRIES  DESIGN FLANNEL,1.2565289256198346,1862,1307.1
22893,MINI CAKE STAND T-LIGHT HOLDER,0.6159016393442622,2721,1306.09
21219,SET/4 BADGES BALLOON GIRL,1.5539325842696627,1013,1303.27
20738,GREEN MINI TAPE MEASURE,0.9545945945945946,1610,1301.72
21248,DOOR HANGER  MUM + DADS ROOM,1.6889240506329115,1043,1299.55
85170D,SET/6 PINK BIRD T-LIGHT CANDLES,2.8456953642384106,723,1296.36
22105,MIRROR MOSAIC GOBLET CANDLE HOLDER,4.25,692,1294.7
79191C,RETRO PLASTIC ELEPHANT TRAY,0.9820253164556961,1619,1293.76
22232,JIGSAW TOADSTOOLS 3 PIECE,1.5590384615384614,1093,1292.59
22267,EASTER DECORATION EGG BUNNY,1.1747107438016529,1472,1291.47
22181,SNOWSTORM PHOTO FRAME FRIDGE MAGNET,1.0202142857142855,1538,1291.3799999999999
22258,FELT FARM ANIMAL RABBIT,1.4597744360902256,1342,1291.05
85006,SET 4 NURSERY DES ROUND BOXES,2.546756756756757,3049,1289.31
84609,TALL ROCOCO CANDLE HOLDER,10.889473684210527,143,1289.24
84569D,PACK 6 HEART/ICE-CREAM PATCHES,1.4511049723756906,1023,1287.54
85141,JARDIN ETCHED GLASS FRUITBOWL,8.083424657534247,182,1286.44
85025C,PINK HEART SHAPE PHOTO FRAME,2.0527777777777776,720,1285.91
17091A,LAVENDER INCENSE IN TIN,1.029059829059829,2085,1285.8899999999999
46776A,WOVEN BUBBLE GUM CUSHION COVER,4.361487603305785,406,1283.23
72818,CHRISTMAS DECOUPAGE CANDLE,0.8364661654135338,2394,1283.1299999999999
46775E,CANDY POP CHUNKY KNITTED THROW,13.26686274509804,101,1282.9
82613D,METAL SIGN CUPCAKE SINGLE HOOK,1.688450184501845,1186,1281.86
22097,SWALLOW SQUARE TISSUE BOX,0.98532,2064,1281.75
22543,MINI JIGSAW BAKE A CAKE,0.5087288135593221,3247,1281.49
85231G,ORANGE SCENTED SET/9 T-LIGHTS,0.9882101167315175,1474,1281.31
22214,CANDLE PLATE LACE WHITE,2.7232608695652174,549,1279.79
84816,DANISH ROSE BEDSIDE CABINET,39.45,33,1278.3500000000001
22323,PINK POLKADOT KIDS BAG,3.181896551724138,539,1275.31
21425,SKULLS STORAGE BOX LARGE,4.1706315789473685,505,1274.93
21759,METAL WALL SHELF UNIT WITH HOOKS,54.18692307692308,30,1274.47
47591d,PINK FAIRY CAKE CHILDRENS APRON,4.989166666666666,253,1274.3799999999999
23072,MARIE ANTOINETTE TRINKET BOX SILVER,13.725333333333333,334,1273.76
21537,RETRO SPOTS PUDDING BOWL,4.794415584415584,294,1273.26
16225,RATTLE SNAKE EGGS,1.5598192771084338,1520,1271.66
35648,VINTAGE BEAD PINK PURSE,1.7656849315068495,1041,1270.93
21549,CERAMIC BIRDHOUSE RED ROOF SMALL,3.3067307692307697,547,1270.39
85163B,BLACK BAROQUE WALL CLOCK,14.094090909090909,115,1268.66
21689,SILVER VANILLA  FLOWER CANDLE POT,4.104516129032258,342,1268.12
22732,3D STICKERS VINTAGE CHRISTMAS,1.24,1060,1268.0
20765,CHRYSANTHEMUM SKETCHBOOK,3.9039455782312924,442,1265.06
20777,CHRYSANTHEMUM NOTEBOOK,1.7810588235294116,3660,1262.7
21708,FOLDING UMBRELLA  CREAM/MULTI  SPOT,5.058679245283019,379,1260.25
23061,VINTAGE EMBOSSED HEART,1.5479646017699114,955,1257.68
40003,WHITE BAMBOO RIBS LAMPSHADE,1.5241666666666667,1150,1257.02
21063,PARTY INVITES JAZZ HEARTS,0.9412605042016806,1456,1256.27
21145,ANTIQUE GLASS PLACE SETTING,3.406734693877551,869,1256.21
77101A,UNION FLAG WINDSOCK,1.5012359550561796,1082,1255.97
22919,HERB MARKER MINT,0.8432669322709163,1800,1255.44
20825,GOLD WINE GLASS,6.831428571428572,361,1255.08
35957,SMALLFOLKART BAUBLE CHRISTMAS DEC,1.2358108108108108,3565,1254.8999999999999
23237,SET OF 4 KNICK KNACK TINS LEAVES,4.204444444444444,306,1253.78
20731,POSY CANDY BAG,1.4024657534246574,4142,1252.92
23511,EMBROIDERED RIBBON REEL EMILY,2.3309090909090906,571,1252.01
84967B,BLUE KASHMIRI OCCASIONAL TABLE,65.87272727272727,24,1249.45
85159A,"BLACK TEA,COFFEE,SUGAR JARS",6.344390243902439,492,1248.98
22280,POCKET BAG PINK PAISELY BROWN SPOT,1.5551234567901235,877,1248.74
22062,CERAMIC BOWL WITH LOVE HEART DESIGN,2.398106060606061,761,1248.15
22450,SILK PURSE RUSSIAN DOLL BLUE,3.5370422535211268,375,1245.93
22389,PAPERWEIGHT SAVE THE PLANET,2.5418478260869564,647,1245.52
21752,GLASS CAKE STAND MIRRORED BASE,17.717027027027026,77,1244.81
22808,SET OF 6 T-LIGHTS EASTER CHICKS,3.5695180722891573,420,1243.8799999999999
20707,CRAZY DAISY HEART DECORATION,1.22405,1613,1243.68
79163,BLACK CHAMPAGNE GLASS,2.532769230769231,1833,1240.83
22827,GIANT SEVENTEEN DRAWER SIDEBOARD,158.33333333333334,8,1240.0
22545,MINI JIGSAW BUNNIES,0.5390909090909091,3019,1239.6200000000001
22070,SMALL RETRO SPOT MUG IN BOX  RED,3.978720930232558,324,1238.54
21175,GIN AND TONIC DIET METAL SIGN,3.1483999999999996,498,1237.5
23067,HANGING ENGRAVED METAL HEART,4.351951219512196,294,1236.66
85162A,SILVER RETRODISC LAMPSHADE,3.6155,607,1234.27
84969,ASSORTED COLOUR SET 6 TEASPOONS,5.184418604651163,268,1232.02
23138,SINGLE WIRE HOOK IVORY HEART,1.5985714285714285,879,1231.51
22448,PIN CUSHION RUSSIAN DOLL RED,3.4316216216216215,395,1230.67
84910A,PINK PAISLEY CUSHION COVER,6.489433962264151,432,1230.39
22678,FRENCH BLUE METAL DOOR SIGN 3,1.6733898305084747,899,1230.38
21438,TUB 24 HANGING EASTER EGGS SPOTTY,3.8329729729729727,373,1229.8200000000002
22921,HERB MARKER CHIVES,0.8519004524886878,1771,1226.72
85135B,BLUE DRAGONFLY HELICOPTER,8.113275862068965,151,1226.51
21253,SET OF PICTURE FRAME  STICKERS,4.6036065573770495,332,1225.17
22094,RED POLKA DOT TISSUE BOX,1.7572897196261683,1003,1224.89
16046,TEATIME PEN CASE & PENS,0.9443548387096774,10056,1223.5
22290,STANDING METAL RABBIT WITH EGG,2.35620253164557,670,1223.02
23142,IVORY WIRE KITCHEN ORGANISER,11.11675,121,1220.82
22216,T-LIGHT HOLDER WHITE LACE,1.0712396694214876,1396,1215.83
23598,PAPER BUNTING VINTAGE PARTY,3.2351063829787234,427,1215.53
48197,DOORMAT BIRD ON THE WIRE,9.351304347826087,231,1213.8700000000001
20752,BLUE POLKADOT WASHING UP GLOVES,2.426435643564356,535,1212.46
21490,SET OF THREE 50'S GIFT WRAPS,2.594642857142857,637,1210.6
22680,FRENCH BLUE METAL DOOR SIGN 5,1.6607185628742513,879,1210.34
22233,JIGSAW RABBIT AND BIRDHOUSE,1.5111377245508981,949,1210.1100000000001
84823,DANISH ROSE FOLDING CHAIR,12.363793103448277,120,1210.0
84687,BEACH HUT SHELF W 3 DRAWERS,6.919315068493151,314,1208.06
22265,EASTER DECORATION NATURAL CHICK,0.764406779661017,1843,1207.8
21396,RED SPOTTY EGG CUP,1.7088461538461537,948,1205.25
20771,CHRYSANTHEMUM  JOURNAL,2.5679285714285713,606,1201.68
21904,HOUSE WRECKING METAL SIGN,2.090205479452055,757,1201.52
21130,COLOURFUL STANDING GNOME,3.9899999999999998,721,1200.93
79066K,RETRO MOD TRAY,1.0829460580912864,1377,1200.25
22256,FELT FARM ANIMAL CHICKEN,1.5713934426229508,933,1200.07
23444,Next Day Carriage,15.189873417721518,79,1200.0
84658,WHITE STITCHED CUSHION COVER,6.96723076923077,214,1199.66
21883,STARS GIFT TAPE,0.7366371681415929,2348,1199.48
23026,DRAWER KNOB VINTAGE GLASS STAR,2.3271875,556,1198.96
22448,PIN CUSHION BABUSHKA RED,3.801294117647059,358,1196.0600000000002
22403,MAGNETS PACK OF 4 VINTAGE LABELS,1.1050943396226416,1715,1195.8899999999999
47591B,SCOTTIES CHILDRENS APRON,1.65,754,1195.22
84830,LARGE ENGLISH ARBORETUM,15.357142857142858,113,1195.15
85129D,BEADED CRYSTAL HEART PINK SMALL,1.8964285714285711,793,1193.56
84625A,PINK NEW BAROQUECANDLESTICK CANDLE,2.842345679012346,838,1193.0
23071,MARIE ANTOINETTE TRINKET BOX GOLD,10.428947368421053,314,1192.6
22204,MILK PAN BLUE RETROSPOT,4.754675324675325,311,1192.13
22102,MIRROR MOSAIC T-LIGHT HOLDER,1.9952542372881357,1842,1191.69
72232,FENG SHUI PILLAR CANDLE,0.19,6268,1190.9199999999998
84559A,3D SHEET OF DOG STICKERS,1.0671428571428572,1321,1190.17
84750A,PINK SMALL GLASS CAKE STAND,3.0715238095238093,544,1189.23
22733,3D STICKERS TRADITIONAL CHRISTMAS,1.2394444444444443,980,1187.0
47503E,ASS FLORAL PRINT SCISSORS,1.206,6842,1186.9
20934,SET/3 POT PLANT CANDLES,7.268000000000001,197,1185.07
84815,SET OF 3 DANISH ROSE PLANTERS,5.385094339622642,926,1183.8200000000002
22761,CHEST 7 DRAWER MA CAMPAGNE,25.308235294117647,48,1182.78
23539,WALL ART LOVES' SECRET,6.626250000000001,239,1180.35
22597,MUSICAL ZINC HEART DECORATION,0.6557777777777777,2763,1179.59
21806,WHITE CHRISTMAS HEART DECORATION,0.4993939393939394,2707,1179.4299999999998
21312,LARGE CHUNKY GLASS ROMAN BOWL,6.8161538461538465,299,1179.1699999999998
21530,DAIRY MAID TOASTRACK,2.1233793103448275,900,1178.5
85130A,BEADED PEARL HEART WHITE LARGE,1.8654545454545455,685,1176.29
23225,CHERUB HEART DECORATION SILVER,1.0939772727272727,1355,1176.17
84674,FLYING PIG WATERING CAN,3.208691588785047,460,1175.93
21395,BLUE POLKADOT BEAKER,0.5721739130434783,2856,1174.1599999999999
72819,CUPID DESIGN SCENTED CANDLES,2.9731914893617017,694,1174.01
23431,NATURAL HANGING QUILTED HEARTS,1.363918918918919,1449,1171.23
22321,BIRD DECORATION RED RETROSPOT,1.2772560975609757,1261,1170.3999999999999
22321,BIRD DECORATION RED SPOT,1.1719148936170212,1267,1169.55
22048,BIRTHDAY BANQUET GIFT WRAP,0.4192156862745098,2815,1166.3
23418,LAVENDER TOILETTE BOTTLE,2.562025316455696,557,1166.0
23515,EMBROIDERED RIBBON REEL DAISY,2.3925,579,1164.98
84313B,BLUE TV TRAY TABLE,6.966024096385543,227,1164.04
21650,ASSORTED TUTTI FRUTTI BRACELET,0.6638647342995169,3204,1163.8
23508,MINI PLAYING CARDS DOLLY GIRL,0.4665625,2627,1163.45
21649,ASSORTED TUTTI FRUTTI PHOTO FRAME,3.3486206896551725,421,1162.8899999999999
37475,SET/4 COLOURFUL MIXING BOWLS,10.565833333333332,116,1160.56
21291,SMALL POLKADOT CHOCOLATE GIFT BAG,1.0063157894736843,1338,1159.44
22253,6 CROCHET STRAWBERRIES,1.4741573033707864,964,1158.28
21763,VINTAGE WOODEN BAR STOOL,27.95294117647059,43,1157.8999999999999
23566,EGG CUP MILKMAID HEIDI,1.769759036144578,881,1156.93
23507,MINI PLAYING CARDS BUFFALO BILL,0.4734645669291338,2882,1155.67
23269,SET OF 2 CERAMIC CHRISTMAS TREES,1.7109473684210526,779,1152.98
22264,FELT FARM ANIMAL WHITE BUNNY,1.0628235294117647,2014,1152.22
84847,FLORAL BATHROOM SET,4.466122448979592,2330,1149.73
22806,SET OF 6 T-LIGHTS WEDDING CAKE,3.376551724137931,430,1149.02
35962,12 ASS ZINC CHRISTMAS DECORATIONS,2.950759493670886,487,1148.05
22814,CARD PARTY GAMES,0.504135593220339,2728,1147.77
21261,GREEN GOOSE FEATHER CHRISTMAS TREE,6.386233766233766,283,1146.12
21316,SMALL CHUNKY GLASS ROMAN  BOWL,3.0117021276595746,693,1146.1100000000001
22615,PACK OF 12 CIRCUS PARADE TISSUES,0.45116402116402116,3718,1145.8799999999999
72598,SET/12 TAPER CANDLES,1.1791304347826088,1244,1145.76
22040,BOTANICAL ROSE GIFT WRAP,0.41659574468085103,2815,1144.3
20932,PINK POT PLANT CANDLE,4.717530864197531,333,1143.97
84750B,BLACK SMALL GLASS CAKE STAND,2.445128205128205,609,1142.02
22718,CARD CAT AND TREE,0.5665530303030303,2605,1141.36
22786,CUSHION COVER PINK UNION JACK,7.323055555555555,181,1140.27
21366,MIRRORED WALL ART PHOTO FRAMES,6.046153846153847,238,1140.0
85110,BLACK SILVER FLOWER T-LIGHT HOLDER,0.6665217391304348,11520,1138.04
84596E,SMALL LICORICE DES PINK BOWL,1.2426600985221674,1127,1137.84
22731,3D STICKERS CHRISTMAS STAMPS,1.2388235294117647,940,1137.0
21942,SKULLS DESIGN FLANNEL,1.2536651583710408,1672,1136.28
37424,WHITE WITH BLACK CATS MUG,1.2837037037037036,5249,1134.68
22230,JIGSAW TREE WITH WATERING CAN,0.944795918367347,1657,1134.6399999999999
22715,CARD WEDDING DAY,0.5086697247706422,2717,1133.93
85118,HEART T-LIGHT HOLDER,1.2466666666666666,2054,1133.68
22598,CHRISTMAS MUSICAL ZINC TREE,0.7666438356164383,1790,1131.85
21555,CERAMIC STRAWBERRY TRINKET TRAY,3.057462686567164,425,1131.3700000000001
21413,PERIWINKLE T-LIGHT HOLDER,1.6411538461538462,3162,1131.14
22739,"RIBBON REEL, XMAS SOCK/BAUBLE",1.6456521739130436,700,1131.0
23506,MINI PLAYING CARDS SPACEBOY,0.46264900662251657,2723,1129.1200000000001
37482B,CUBIC MUG BLUE POLKA DOT,5.19,1251,1127.9099999999999
22255,FELT TOADSTOOL  SMALL,1.1459310344827587,1185,1127.11
22985,"WRAP, BILLBOARD FONTS DESIGN",0.41777777777777775,2891,1126.22
21040,MODERN VINTAGE COTTON SHOPPING BAG,2.4344927536231884,894,1125.85
20700,GREEN CAT FLORAL CUSHION COVER,5.4233980582524275,420,1125.05
85124C,GREEN JUICY FRUIT PHOTO FRAME,3.018099173553719,426,1123.8899999999999
20832,RED FLOCK LOVE HEART PHOTO FRAME,0.9326415094339622,1681,1122.6499999999999
22252,BIRDCAGE DECORATION TEALIGHT HOLDER,1.2398214285714286,935,1122.01
22984,CARD GINGHAM ROSE,0.4780239520958084,2753,1121.29
85136A,YELLOW SHARK HELICOPTER,8.127196261682244,138,1121.28
85224,ASSORTED COLOUR SILK GLASSES CASE,1.9365625,2004,1120.96
23510,MINI PLAYING CARDS GYMKHANA,0.4972,2521,1118.8
23411,TRELLIS COAT RACK,5.844035087719298,227,1118.61
17096,ASSORTED LAQUERED INCENSE HOLDERS,0.3223684210526316,6240,1117.09
22287,"DECORATION , WOBBLY CHICKEN, METAL",1.9717105263157895,780,1116.6100000000001
21746,SMALL RED SPOT  WINDMILL,1.6123076923076922,852,1116.44
21010,ETCHED GLASS BIRD TREE DECORATION,1.478705882352941,850,1114.76
23513,EMBROIDERED RIBBON REEL SUSIE,2.306,566,1114.26
47504H,ENGLISH ROSE SPIRIT LEVEL,2.128857142857143,1028,1113.07
20669,RED HEART LUGGAGE TAG,1.595590909090909,797,1111.89
47593B,SCOTTIE DOGS BABY BIB,0.7474675324675325,2147,1108.93
23433,HANGING QUILTED PATCHWORK APPLES,1.5002247191011233,1258,1108.5800000000002
84678,CLASSICAL ROSE SMALL VASE,2.8865476190476187,565,1108.28
21707,FOLDING UMBRELLA BLACKBLUE POLKADOT,4.879126213592233,230,1107.94
84631,FRUIT TREE AND BIRDS WALL PLAQUE,9.515999999999998,288,1106.16
21944,KITTENS DESIGN FLANNEL,1.1505853658536584,1789,1106.01
21666,RIDGED GLASS T-LIGHT HOLDER,0.819186046511628,1760,1105.1499999999999
22116,METAL SIGN HIS DINNER IS SERVED,1.8223737373737372,823,1103.88
21202,DOLLY HONEYCOMB GARLAND,1.780151515151515,854,1103.48
84638,SMALL KITCHEN FLOWER POTS PLAQUE,7.495652173913044,400,1101.55
23375,50'S CHRISTMAS PAPER GIFT BAG,0.9369902912621358,1342,1100.6899999999998
47587A,PINK FAIRY CAKE COASTER,1.231153846153846,2706,1099.88
22709,WRAP WEDDING DAY,0.415064935064935,2799,1099.58
22679,FRENCH BLUE METAL DOOR SIGN 4,1.7167857142857144,795,1099.34
21131,GOLD STANDING GNOME,5.765599999999999,276,1098.86
21779,MA CAMPAGNE MINI WOODEN CHEST,4.612272727272727,301,1097.8000000000002
84358,FLOOR LAMP SHADE WOOD BASE,12.642413793103447,121,1097.48
85212,MINI PAINTED GARDEN DECORATION,0.7305785123966941,2831,1096.56
37479B,CUBIC MUG FLOCK BLUE ON BROWN,3.110625,1253,1095.8500000000001
20892,SET/3 TALL GLASS CANDLE HOLDER PINK,16.152894736842104,102,1095.35
22997,TRAVEL CARD WALLET UNION JACK,0.49327354260089684,2545,1094.93
84989A,75 GREEN FAIRY CAKE CASES,0.6855483870967742,2120,1093.42
20867,PINK ROSE FABRIC MIRROR,1.3800645161290321,1098,1093.14
84968F,S/16 VINTAGE SKY BLUE CUTLERY,13.50450980392157,84,1092.42
85093,CANDY SPOT EGG WARMER HARE,1.192549019607843,1361,1091.21
23087,ZINC  HEART T-LIGHT HOLDER,1.5915942028985506,868,1090.66
20755,BLUE PAISLEY POCKET BOOK,0.9081147540983606,5145,1089.73
21818,GLITTER HEART DECORATION,0.5535064935064935,2469,1088.59
23432,PRETTY HANGING QUILTED HEARTS,1.3654054054054052,1276,1088.3600000000001
84791,GINGHAM HEART DECORATION,3.791320754716981,334,1086.1299999999999
21839,MUMMY MOUSE RED GINGHAM RIBBON,5.499036144578313,201,1085.59
72815,3 WICK CHRISTMAS BRIAR CANDLE,3.9998591549295774,282,1083.36
23347,I LOVE LONDON BEAKER,1.5569387755102042,860,1077.3
21817,GLITTER CHRISTMAS TREE,0.733037037037037,1687,1077.19
21708,FOLDING UMBRELLA CREAM POLKADOT,4.491168831168831,232,1076.23
21632,VINTAGE PINK DECORATIVE PARASOL,11.170377358490565,132,1076.22
23102,SILVER HEARTS TABLE DECORATION,0.970754716981132,1274,1075.03
21850,BLUE  DIAMANTE PEN IN GIFT BOX,3.891981132075472,447,1072.98
23041,PAPER LANTERN 9 POINT SNOW STAR,4.6675,246,1070.58
21391,FRENCH LAVENDER SCENT HEART,1.521181818181818,1076,1070.29
21758,VINTAGE SHELLS PRINT,9.013417721518987,135,1069.76
85126,LARGE ROUND CUTGLASS CANDLESTICK,7.093999999999999,156,1069.16
21827,EIGHT PIECE CREEPY CRAWLIE SET,1.3648251748251747,835,1068.89
82001S,SILVER RECORD COVER FRAME,5.2226923076923075,287,1067.76
84559B,3D SHEET OF CAT STICKERS,1.0304060913705584,1199,1065.55
23331,DECORATIVE WICKER HEART SMALL,0.781578947368421,1596,1062.28
85131D,BEADED CRYSTAL HEART PINK ON STICK,0.8424999999999999,1423,1061.41
22860,EASTER TIN CHICKS PINK DAISY,1.9756756756756755,612,1060.8500000000001
22740,POLKA DOT PEN,0.85,1248,1060.8
22532,MAGIC DRAWING SLATE LEAP FROG,0.45499999999999996,2766,1060.78
21815,STAR  T-LIGHT HOLDER,1.8554255319148936,679,1060.24
72800F,4 IVORY DINNER CANDLES GOLD FLOCK,2.497391304347826,822,1060.19
22856,ASSORTED EASTER DECORATIONS  BELLS,3.520625,877,1059.85
23033,DRAWER KNOB CERAMIC RED,1.814864864864865,714,1058.8999999999999
85008,SET OF 3 CONEY ISLAND OVAL BOXES,5.2247,269,1058.72
22995,TRAVEL CARD WALLET SUKI,0.5419402985074626,2381,1058.64
23516,EMBROIDERED RIBBON REEL SOPHIE,3.848181818181818,296,1058.6
85163A,WHITE BAROQUE WALL CLOCK,12.29877192982456,103,1058.17
35651,VINTAGE BEAD PINK SCARF,3.42234375,459,1057.6200000000001
85179B,WHITE BITTY LIGHT CHAIN,5.192666666666667,246,1056.6
23529,DOLLY GIRL WALL ART,3.6090909090909093,318,1055.94
16047,POP ART PEN CASE & PENS,0.9583870967741934,10612,1054.7
21399,BLUE POLKADOT COFFEE MUG,1.0873493975903614,2137,1054.46
23402,HOME SWEET HOME 3 PEG HANGER,4.49640625,271,1053.53
21825,PAINTED METAL TREE WITH HOLLY BELLS,1.546875,733,1053.1899999999998
84908B,BLUE 5 PATCH FLOWER CUSHION COVER,5.516857142857143,435,1052.29
85078,SCANDINAVIAN 3 HEARTS NAPKIN RING,1.4968902439024392,2258,1052.02
37327,ASSTD MULTICOLOUR CIRCLES MUG,1.642197802197802,1739,1051.69
20783,HEART EAR MUFF HEADPHONES,7.64509090909091,165,1051.4
23327,HANGING CLEAR MINI BOTTLE,0.7871428571428571,1734,1051.1399999999999
84965A,PINK KASHMIRI COFFEE TABLE,40.0,20,1050.0
22857,ASSORTED EASTER GIFT TAGS,1.4554545454545456,1230,1048.28
22821,GIFT BAG PSYCHEDELIC APPLES,0.7250537634408603,1660,1047.45
21061,PARTY INVITES FOOTBALL,0.9699999999999999,1396,1046.56
84707A,SILVER JEWELLED MIRROR TRINKET TRAY,10.487656249999999,125,1045.8799999999999
84908A,PINK 5 PATCH FLOWER CUSHION COVER,5.822222222222222,432,1045.16
46775A,BUBBLE GUM CHUNKY KNITTED THROW,14.045,83,1044.23
23419,HOME SWEET HOME BOTTLE,2.6725581395348836,473,1043.72
35646,VINTAGE BEAD PINK EVENING BAG,2.324245283018868,642,1043.44
18007,ESSENTIAL BALM 3.5g TIN IN ENVELOPE,0.242972972972973,11396,1043.22
23542,70'S ALPHABET WALL ART,7.986,150,1043.1
84405A,S/3 PINK COL METAL BASKET W HANDLE,11.7106,129,1042.16
22266,EASTER DECORATION HANGING BUNNY,0.6852352941176472,2542,1040.11
23231,WRAP  VINTAGE DOILY,0.42,2474,1039.08
20671,BLUE TEATIME PRINT BOWL,1.5767832167832168,786,1038.72
85124A,PINK JUICY FRUIT PHOTO FRAME,3.2044210526315786,377,1037.1299999999999
21269,ANTIQUE CREAM CUTLERY SHELF,9.41323076923077,114,1036.84
21725,SWEETIES  STICKERS,1.1497701149425288,1135,1036.43
20622,VIPPASSPORT COVER,2.674144144144144,539,1033.55
23088,ZINC HEART FLOWER T-LIGHT HOLDER,1.627594936708861,795,1033.28
85160B,BLACK BIRD GARDEN DESIGN MUG,3.282162162162162,6155,1032.7
21664,RIDGED GLASS STORAGE JAR CREAM LID,4.253970588235294,258,1031.07
84686,BEACH HUT MIRROR,5.956842105263158,389,1027.79
85104,SILVER GLASS T-LIGHT SET,3.1303389830508475,351,1024.49
84625C,BLUE NEW BAROQUE CANDLESTICK CANDLE,2.6590140845070422,770,1024.1499999999999
82616C,MIDNIGHT GLAMOUR SCARF KNITTING KIT,2.1964084507042254,632,1024.1
21417,COCKLE SHELL DISH,3.0267796610169495,502,1023.9
35923,CANDY HEART HANGING DECORATION,1.2692920353982302,1545,1023.77
22247,BUNNY DECORATION MAGIC GARDEN,1.0458288770053477,1184,1022.79
22382,LUNCHBAG SPACEBOY DESIGN,1.641111111111111,644,1022.6
85180B,PINK HEARTS LIGHT CHAIN,4.16695652173913,364,1022.16
23452,HEART MINI PORTRAIT FRAME,2.07183908045977,518,1021.76
23153,ZINC SWEETHEART WIRE LETTER RACK,4.236666666666666,263,1020.69
22717,CARD DOG AND BALL,0.5398139534883721,2405,1018.42
84985A,SET OF 72 GREEN PAPER DOILIES,1.7670322580645161,644,1018.13
20839,FRENCH PAISLEY CUSHION COVER,2.5029661016949154,633,1018.11
84923,PINK BUTTERFLY HANDBAG W BOBBLES,4.34,234,1017.64
85031C,CURIOUS IMAGES SCRAP BOOK SET,3.508317757009346,481,1017.48
21814,HEART T-LIGHT HOLDER,1.8188888888888888,670,1016.53
85099f,JUMBO BAG STRAWBERRY,5.056,201,1016.36
23544,WALL ART MID CENTURY MODERN,7.523000000000001,164,1015.78
22049,WRAP CHRISTMAS SCREEN PRINT,0.296,3500,1015.75
22420,LIPSTICK PEN BABY PINK,0.5855416666666666,2111,1014.75
84709B,PINK OVAL JEWELLED MIRROR,5.925287356321839,176,1014.48
20619,TROPICAL PASSPORT COVER,2.341494845360825,578,1014.42
84596L,BISCUITS SMALL BOWL LIGHT BLUE,0.9655686274509804,1536,1013.96
20730,STRAWBERRY CANDY BAG,1.0862745098039215,2218,1011.7
23525,WALL ART BUFFALO BILL,4.367837837837838,334,1011.1
22681,FRENCH BLUE METAL DOOR SIGN 6,1.677037037037037,737,1009.42
21084,SET/6 COLLAGE PAPER CUPS,0.5650660792951542,2929,1008.81
47589,CONGRATULATIONS BUNTING,5.597792207792208,183,1008.73
84929,ASSTD FRUIT+FLOWERS FRIDGE MAGNETS,0.3666666666666667,3096,1007.52
23460,SWEETHEART WALL TIDY,9.900930232558139,108,1007.0799999999999
22643,SET OF 4 NAPKIN CHARMS LEAVES,2.395208333333333,464,1006.24
22416,36 DOILIES SPACEBOY DESIGN,1.5557142857142858,709,1005.37
21836,GINGHAM OVEN GLOVE RED HEART,4.3678217821782175,249,1003.89
23121,PACK OF 6 COCKTAIL PARASOL STRAWS,0.5528448275862069,2501,1000.44
21427,SKULLS STORAGE BOX SMALL,3.0454166666666667,507,999.06
23533,WALL ART GARDEN HAVEN,6.166944444444445,215,998.64
21127,COLOURFUL FISHING GNOME,7.336600000000001,297,998.03
21250,SET OF SKULL WALL STICKERS,3.229,402,997.55
23517,EMBROIDERED RIBBON REEL REBECCA,3.4480952380952385,334,996.38
20705,MRS ROBOT SOFT TOY,5.42622641509434,273,996.19
23131,MISELTOE HEART WREATH CREAM,4.15,240,996.0
20782,CAMOUFLAGE EAR MUFF HEADPHONES,6.8659770114942535,155,995.48
85170C,SET/6 EAU DE NIL BIRD T-LIGHTS,2.799626168224299,543,993.03
20617,FIRST CLASS PASSPORT COVER,2.3980952380952383,498,992.99
72484,ROSES IN WHITE HEART CANDLE,1.21,1818,991.3799999999999
21690,SILVER  CANDLEPOT JARDIN,3.9595454545454545,258,990.84
21721,CANDY SHOP  STICKER SHEET,1.1454109589041095,1090,990.5
84964B,BLUE PAINTED KASHMIRI TABLE,45.0,17,990.0
21335,LIBRARY LAMP,25.33285714285714,42,989.62
84660C,PINK STITCHED WALL CLOCK,3.6374117647058823,725,987.98
23281,FOLDING BUTTERFLY MIRROR RED,0.9833333333333333,1262,985.8800000000001
21636,MADRAS NOTEBOOK MEDIUM,1.4927722772277225,1014,985.74
82613B,"METAL SIGN,CUPCAKE SINGLE HOOK",1.724170403587444,896,985.5699999999999
21303,FILIGREE WALL MIRROR  ANTIQUE WHITE,15.434666666666667,96,985.54
85025B,EAU DE NILE HEART SHAPE PHOTO FRAME,2.1439795918367346,570,985.4
35958,FOLKART ZINC STAR CHRISTMAS DEC,0.9695180722891567,1131,984.63
17021,NAMASTE SWAGAT INCENSE,0.2949397590361446,3720,984.24
35653,VINTAGE BEAD NOTEBOOK,3.7116814159292035,311,982.53
85019B,BLOSSOM  IMAGES NOTEBOOK SET,2.304255319148936,718,982.47
23518,EMBROIDERED RIBBON REEL RACHEL,3.0959090909090907,361,980.41
84030e,ENGLISH ROSE HOT WATER BOTTLE,8.486326530612244,120,979.4
22108,PING! MICROWAVE PLATE,3.543515625,313,978.74
82616B,FRAPPUCINO SCARF KNITTING KIT,2.211796875,606,977.55
23514,EMBROIDERED RIBBON REEL SALLY,2.349189189189189,478,977.39
21208,PASTEL COLOUR HONEYCOMB FAN,1.6396721311475408,1078,976.91
23512,EMBROIDERED RIBBON REEL ROSIE,2.3164912280701753,500,975.24
35599B,BLACK CHRISTMAS TREE 120CM,5.7886274509803926,268,974.81
22310,KNITTED MUG COSY IVORY COLOUR,2.500862068965517,597,973.59
84873a,FUNKY FLOWER PICNIC BAG FOR 4,11.064745762711864,88,973.36
71279,PINK GLASS CANDLEHOLDER,3.8759493670886074,293,972.11
84800L,LARGE WHITE/PINK ROSE ART FLOWER,1.861842105263158,650,970.7900000000001
21562,HAWAIIAN GRASS SKIRT,1.8506756756756755,678,970.28
85018D,YULETIDE IMAGES S/6 PAPER BOXES,2.195125,787,969.9
78124,MAGAZINE RACK GEBRA ASSORTED,1.8825806451612903,730,969.61
22104,MIRROR MOSAIC CANDLE PLATE,1.5765656565656565,1187,968.0799999999999
85189,HANGING BUTTERFLY  EGG,0.9401449275362319,1176,967.9499999999999
23183,MOTHER'S KITCHEN SPOON REST,4.879411764705883,226,967.17
21299,EDWARDIAN TOILET ROLL UNIT,11.016176470588235,166,966.35
20830,SILVER PHOTO FRAME,2.990722891566265,407,964.61
90175A,WHITE GLASS CHUNKY CHARM BRACELET,9.030806451612902,107,964.45
20773,BLUE PAISLEY NOTEBOOK,1.7422499999999999,3339,963.98
23107,WHITE HEARTS WIRE PLANT POT HOLDER,3.2097183098591553,343,963.27
20774,GREEN FERN NOTEBOOK,1.7389999999999999,3484,962.48
22682,FRENCH BLUE METAL DOOR SIGN 7,1.6152,723,961.81
21691,SILVER VANILLA FLOWER CANDLE POT,3.9889873417721518,249,960.99
85197,SET OF 12 MINI BUNNIES IN A BUCKET,2.0594736842105266,1669,959.46
85130D,BEADED CRYSTAL HEART PINK LARGE,1.7815454545454545,788,958.85
72753B,S/3 FLWR FAIRY LAVENDER CANDLES,3.3414285714285716,445,957.73
21805,WHITE CHRISTMAS TREE DECORATION,0.5065714285714286,2221,957.63
22994,TRAVEL CARD WALLET RETROSPOT,0.5283105022831049,2194,956.94
84360,TABLE LAMP WHITE SHADE WOOD BASE,6.240243902439024,179,956.89
22512,DOORSTOP RACING CAR DESIGN,3.630985915492958,384,956.1700000000001
23529,WALL ART DOLLY GIRL,4.647307692307693,319,956.0500000000001
22246,MAGIC GARDEN FELT GARLAND,2.836021505376344,425,955.5899999999999
23380,PACK OF 12 VINTAGE DOILY TISSUES,0.48677685950413224,2272,955.42
84664,CHERRY BLOSSOM BATHROOM CABINET,4.95,193,955.35
85111,SILVER GLITTER FLOWER VOTIVE HOLDER,0.7558974358974359,2907,954.15
20758,ABSTRACT CIRCLES POCKET BOOK,0.8189690721649484,5425,953.42
85032B,BLOSSOM IMAGES GIFT WRAP SET,1.265657894736842,982,953.34
21711,FOLDING UMBRELLA  WHITE/RED  SPOT,4.902142857142857,262,953.0
21060,PARTY INVITES BALLOON GIRL,0.940794701986755,1276,952.55
20878,SET/9 CHRISTMAS T-LIGHTS SCENTED,1.4786206896551723,737,952.51
17012C,ORIGAMI LAVENDER INCENSE/CANDL SET,2.016725663716814,856,950.4
21129,SILVER FISHING GNOME,9.0145,124,949.44
37492B,BLUE YELLOW FLOWER PIGGY BANK,3.6697727272727274,489,946.72
21331,MOROCCAN BEATEN METAL DISH LARGE,14.569333333333333,110,946.68
85032C,CURIOUS IMAGES GIFT WRAP SET,1.3662345679012344,886,946.59
21641,ASSORTED TUTTI FRUTTI KEYRING BALL,1.2257657657657657,1666,946.31
22939,ADULT APRON APPLE DELIGHT,6.362,184,945.88
20778,GARDEN PATH NOTEBOOK,1.808021978021978,3611,944.36
22986,WRAP GINGHAM ROSE,0.41926829268292676,2276,943.92
22529,MAGIC DRAWING SLATE GO TO THE FAIR,0.4566233766233766,2341,943.71
85031A,ROMANTIC IMAGES SCRAP BOOK SET,3.543627450980392,477,943.44
22143,CHRISTMAS CRAFT HEART DECORATIONS,2.5798591549295775,446,942.88
20998,ROSE DU SUD OVEN GLOVE,2.9443307086614174,324,942.26
22096,PINK PAISLEY SQUARE TISSUE BOX,0.9154594594594594,1667,938.86
85124B,BLUE JUICY FRUIT PHOTO FRAME,2.982647058823529,353,938.47
90147,CHUNKY SILVER NECKLACE PASTEL FLOWE,10.15508474576271,93,937.4499999999999
84817,DANISH ROSE DECORATIVE PLATE,1.6346250000000002,1059,937.4399999999999
84905,PINK BUTTERFLY CUSHION COVER,4.873434343434343,259,937.0899999999999
23178,JAM CLOCK MAGNET,3.360294117647059,327,936.89
85121B,RETRO LAUNDRY TUB PINK,12.071875,86,936.74
23540,WALL ART THE MAGIC FOREST,8.537692307692309,148,933.16
85226A,WHITE/BLUE PULL BACK RACING CAR,0.7360264900662251,1714,933.0699999999999
47504E,ENGLISH ROSE SCISSORS,1.849375,4387,931.86
21726,MULTI HEARTS  STICKERS,0.9734177215189872,1077,930.99
23179,CLOCK MAGNET MUM'S KITCHEN,3.5243396226415094,324,930.48
21720,CAKE SHOP  STICKER SHEET,1.0295535714285715,1068,929.81
21880,RED RETROSPOT TAPE,0.518996138996139,2000,928.9
21014,SWISS CHALET TREE DECORATION,0.8054123711340206,1850,928.09
20831,GOLD PHOTO FRAME,2.722625,474,927.96
20775,DAISY NOTEBOOK,1.7398230088495574,3604,926.54
84918,CREAM CUSHION COVER WITH FLOWERS,6.020666666666667,198,925.62
23099,FRENCH CARRIAGE LANTERN,7.039152542372881,137,925.35
23527,ANIMALS AND NATURE WALL ART,3.6958823529411764,267,923.97
21284,RETROSPOT CANDLE  SMALL,1.6502500000000002,1139,923.97
82607A,GLASS BONBON JAR PARFUME AUX FLEURE,1.8113207547169812,663,923.72
84341B,SMALL PINK MAGIC CHRISTMAS TREE,0.8920799999999999,1757,922.18
22703,PINK CAT BOWL,1.9321818181818182,513,921.81
22268,EASTER DECORATION SITTING BUNNY,1.0505625,1074,921.75
20903,VINTAGE KEEPSAKE BOX TRAVELOGUE,7.181046511627907,187,919.8
22647,CERAMIC LOVE HEART MONEY BANK,1.536951219512195,1058,919.63
85121C,RETRO LAUNDRY TUB PISTACHIO,9.960943396226416,98,918.91
72529W,WHITE ADVENT CANDLE,2.4578723404255323,464,918.75
21702,SET 5 MINI GATEAUX  FRIDGE MAGNETS,1.3425,2636,918.6800000000001
72045D,ROSES ON BLUE TEACUP CANDLE,2.98,539,918.65
21291,SMALL SPOTTY CHOCOLATE GIFT BAG,0.9385714285714285,1073,918.49
85130B,BEADED CRYSTAL HEART GREEN LARGE,1.6984337349397591,911,918.33
84600,NEW BAROQUE JEWELLERY BOX,9.616730769230768,108,918.27
21264,WHITE GOOSE FEATHER TREE 60CM,3.4735294117647055,391,917.8499999999999
84907,PINK YELLOW PATCH CUSHION COVER,5.774516129032258,383,916.83
23338,EGG FRYING PAN RED,2.3390825688073393,431,915.4
22683,FRENCH BLUE METAL DOOR SIGN 8,1.673203125,673,915.3
85019A,ROMANTIC IMAGES NOTEBOOK SET,2.6844897959183673,647,915.04
21007,ETCHED GLASS DROPLET DECORATION,1.18,1927,914.67
23002,TRAVEL CARD WALLET SKULLS,0.5232474226804124,2119,914.37
21320,GLASS CHALICE GREEN  LARGE,3.1577192982456137,398,913.34
79030G,"TUMBLER, NEW ENGLAND",4.180882352941176,490,911.76
22707,WRAP MONSTER FUN,0.42,2157,905.94
46000P,POLYESTER FILLER PAD 65CMx65CM,4.25,213,905.25
46776C,WOVEN FROST CUSHION COVER,4.324742268041237,258,905.1
48173c,DOORMAT BLACK FLOCK,16.632,54,904.97
22288,"DECORATION , HANGING METAL RABBIT",1.5062903225806452,834,904.02
23004,TRAVEL CARD WALLET PANTRY,0.6030357142857142,2002,903.16
21444,BLUE CHALET BIRDFEEDER,5.461944444444445,291,902.0300000000001
23532,WALL ART WORK REST AND PLAY,5.301612903225807,210,901.5799999999999
22248,DECORATION  PINK CHICK MAGIC GARDEN,1.0708938547486033,1013,901.5
21318,GLASS CHALICE BLUE SMALL,1.5972340425531912,972,900.42
21480,PINK STRIPE HOT WATER BOTTLE,3.835,285,899.52
84660B,BLACK STITCHED WALL CLOCK,3.0591803278688525,745,899.48
84820,DANISH ROSE TRINKET TRAYS,5.308518518518519,323,899.37
20913,SET/5 BLUE SPOTTY LID GLASS BOWLS,3.8030232558139536,314,898.7199999999999
17109B,FLOWER FAIRY INCENSE LAVENDER,1.316470588235294,4542,896.34
20941,FROG CANDLE,1.7728799999999998,998,896.28
85031B,BLOSSOM IMAGES SCRAP BOOK SET,3.3798823529411766,496,896.09
84760L,LARGE HANGING GLASS+ZINC LANTERN,1.6,560,896.0
22936,BAKING MOULD ROSE WHITE CHOCOLATE,4.326153846153846,279,895.97
23472,NINE DRAWER OFFICE TIDY,16.09060606060606,58,894.42
21676,FLOWERS  STICKERS,1.0138364779874214,1193,893.7199999999999
85049e,SCANDINAVIAN REDS RIBBONS,3.301311475409836,268,893.25
84666,SQUARE CHERRY BLOSSOM CABINET,3.9499999999999997,226,892.7
20759,CHRYSANTHEMUM POCKET BOOK,0.7725396825396825,5777,891.13
20757,RED DAISY POCKET BOOK,0.8440506329113923,5347,890.7
17129F,BLUE GLASS GEMS IN BAG,1.3855555555555554,911,890.12
85194S,HANGING SPRING FLOWER EGG SMALL,0.783233082706767,1760,889.4599999999999
21220,SET/4 BADGES DOGS,1.6443749999999997,659,888.68
22953,BIRTHDAY PARTY CORDON BARRIER TAPE,1.3849572649572648,712,888.55
21724,PANDA AND BUNNIES STICKER SHEET,1.0143575418994413,996,888.3399999999999
85214,TUB 24 PINK FLOWER PEGS,1.8383625730994149,514,886.23
23528,SPACEBOY WALL ART,3.582307692307692,306,885.9000000000001
84086C,PINK/PURPLE RETRO RADIO,3.2385227272727275,297,884.75
20991,JAZZ HEARTS MAGNETIC MEMO PAD,0.9515625000000001,7084,884.56
22164,STRING OF STARS CARD HOLDER,3.3463265306122447,315,883.22
23502,PLAYING CARDS VINTAGE DOILY,1.3027956989247311,701,880.16
84974,S/2 ZINC HEART DESIGN PLANTERS,9.932758620689654,89,879.55
72799A,BLACK PILLAR CANDLE SILVER FLOCK,2.4555555555555557,612,877.8000000000001
23423,PANTRY 3 HOOK ROLLING PIN HANGER,4.536969696969697,219,876.9
21185,HOME SWEET HOME  BLACKBOARD,7.369318181818182,132,876.29
21062,PARTY INVITES SPACEMAN,0.8674452554744526,1053,875.87
35598B,BLACK CHRISTMAS TREE 60CM,2.5542105263157895,931,874.65
90200C,BLUE SWEETHEART BRACELET,4.244343434343435,206,874.63
20803,SMALL PINK GLASS SUNDAE DISH,1.6960714285714285,1149,874.46
21270,ANTIQUE CREAM CUTLERY CUPBOARD,12.022115384615384,76,874.43
22896,PEG BAG APPLE DESIGN,2.4879310344827585,387,874.35
90200E,GREEN SWEETHEART BRACELET,4.22054945054945,209,873.97
21338,MARAKESH LANTERN SMALL,6.314285714285715,199,873.25
84925F,PSYCHEDELIC WALL THERMOMETER,2.2376470588235295,714,873.11
85165,CANDY PINK FRENCH BOUDOIR CLOCK,10.221379310344828,90,872.76
23479,WIRE EGG BASKET,8.26659090909091,113,872.38
21293,MIRRORED DOVE WALL DECORATION,3.0056976744186046,343,872.34
21414,SCALLOP SHELL SOAP DISH,2.922972972972973,1637,870.89
21147,JINGLE BELLS TREE DECORATION,2.1231932773109246,477,870.48
21392,RED SPOTTY PUDDING BOWL,2.504516129032258,3828,869.23
23220,REINDEER HEART DECORATION GOLD,1.0827884615384615,993,869.1500000000001
84826,ASSTD DESIGN 3D PAPER STICKERS,0.6558490566037736,1734,869.08
17033,"BROCADE PURSE,SMALL ARCH BUTTON",0.28536231884057967,3280,867.84
22322,BIRD DECORATION GREEN POLKADOT,1.1766463414634147,939,867.5899999999999
17012B,ORIGAMI JASMINE INCENSE/CANDLE SET,2.1927777777777773,721,867.4499999999999
20658,RED RETROSPOT LUGGAGE TAG,1.6828395061728396,584,866.06
23545,WRAP RED VINTAGE DOILY,0.41884057971014493,2100,866.0
21398,RED POLKADOT COFFEE  MUG,1.5365753424657536,1585,864.1099999999999
85166B,BLACK METAL BAROQUE PHOTO FRAME,3.8473684210526313,510,864.1
85161,ACRYLIC GEOMETRIC LAMP,18.25212121212121,51,863.85
21255,"FRENCH BOTTLE , LAVENDER",2.3885416666666663,476,860.08
84632,DECORATIVE HANGING SHELVING UNIT,59.040909090909096,15,859.25
22486,PLASMATRONIC LAMP,9.821,104,856.4
84660A,WHITE STITCHED WALL CLOCK,2.2080392156862745,860,855.26
21635,MADRAS NOTEBOOK LARGE,3.29046511627907,398,855.24
84578,ELEPHANT TOY WITH BLUE T-SHIRT,3.86859649122807,222,854.91
21478,SILVER SKULL HOT WATER BOTTLE,4.4205376344086025,204,854.23
23525,BUFFALO BILL WALL ART,3.6925,248,852.72
20756,GREEN FERN POCKET BOOK,0.8060937499999999,5728,851.5600000000001
35954,SMALL FOLKART STAR CHRISTMAS DEC,1.2202678571428571,2181,850.49
21376,LARGE  TALL CAMPHOR WOOD TOADSTOOL,5.996086956521739,183,849.91
21458,2 PICTURE BOOK EGGS EASTER BUNNY,1.635,768,849.24
20897,VINTAGE NOTEBOOK PARIS DAYS,3.8476,351,848.7
72349b,SET/6 PURPLE BUTTERFLY T-LIGHTS,4.165357142857142,204,848.41
22547,MINI JIGSAW DINOSAUR,0.5929687499999999,1980,846.82
22229,BUNNY WOODEN PAINTED WITH FLOWER,1.0193650793650793,1007,845.3
22820,GIFT BAG BIRTHDAY,0.6358558558558558,1353,845.13
90161C,ANT COPPER LIME BOUDICCA BRACELET,5.0213,169,843.91
37423,WHITE WITH BLACK CATS PLATE,1.330285714285714,6168,843.88
20936,FORKED CACTUS CANDLE,3.6732894736842105,333,843.39
21300,ANTIQUE EDWARDIAN DRESSER,23.479166666666668,53,841.7
21128,GOLD FISHING GNOME,9.536315789473685,126,841.63
23564,EGG CUP MILKMAID INGRID,1.7567105263157894,644,841.31
84782A,PINK 3 TIER GLASS PLATE STAND,9.903846153846153,119,840.45
23551,PACK OF 12 PAISLEY PARK TISSUES,0.5168115942028985,1840,839.8399999999999
85231L,LAVENDER SCENTED SET/9 T-LIGHTS,0.914915254237288,1039,838.3499999999999
17039,INLAID WOOD INCENSE HOLDER,0.3774418604651163,3707,837.88
84762B,PINK PICNIC BARBECUE BUCKET,8.7825,113,837.77
21552,CERAMIC BIRDHOUSE BLACK ROSE  LARGE,6.259722222222222,165,837.6
84997a,CHILDRENS CUTLERY POLKADOT GREEN,8.29,101,837.29
85071C,"CHARLIE+LOLA""EXTREMELY BUSY"" SIGN",1.6756338028169013,1285,837.23
40018E,TEA TIME PAPER LANTERNS,2.8451851851851853,384,837.02
85208,SET/12 FUNKY FELT FLOWER PEG IN BAG,2.1542528735632187,420,836.9399999999999
47563A,RETRO LONGBOARD IRONING BOARD COVER,3.3438410596026493,343,836.62
47367B,PAIR PADDED HANGERS PINK CHECK,3.5288541666666666,242,834.95
22785,SQUARECUSHION COVER PINK UNION FLAG,7.384038461538462,119,833.8199999999999
21286,RETROSPOT CANDLE  LARGE,2.3419230769230768,711,833.75
84849A,HELLO SAILOR BLUE SOAP HOLDER,2.2339423076923075,470,833.57
23523,TREASURE AHOY WALL ART,3.585,270,833.46
20776,ABSTRACT CIRCLES NOTEBOOK,1.7828235294117647,3258,832.66
85196,EASTER BUNNIES ON A STICK,0.875492957746479,1564,831.04
84509a,SET OF 4 ENGLISH ROSE PLACEMATS,7.472972972972973,111,829.18
85213,MINI  ZINC GARDEN DECORATIONS,1.051,1378,829.0
20894,HANGING BAUBLE T-LIGHT HOLDER LARGE,3.453625,267,827.3
23017,APOTHECARY MEASURING JAR,12.759545454545453,67,826.28
85188A,GREEN METAL SWINGING BUNNY,1.0245714285714285,944,824.9699999999999
21551,CERAMIC BIRDHOUSE BUTTERFLY LARGE,6.8,169,824.95
79342B,BROWN FLOWER LIGHTS,8.726470588235294,119,824.9499999999999
21654,RIDGED GLASS FINGER BOWL,1.2796385542168673,1183,820.2099999999999
82613C,"METAL SIGN,CUPCAKE SINGLE HOOK",1.7389304812834225,770,820.01
23186,FRENCH STYLE STORAGE JAR CAFE,0.3409859154929577,1982,819.4599999999999
22685,FRENCH BLUE METAL DOOR SIGN 0,1.5641509433962266,621,818.33
21375,LARGE CAMPHOR WOOD FIELD MUSHROOM,8.058225806451611,134,817.6
85187,S/12 MINI RABBIT EASTER,1.9455357142857141,479,816.48
21719,LOVELY BONBON STICKER SHEET,1.0726573426573425,906,813.14
20833,SHAKER THROW  QUILTED,27.630000000000003,52,811.8
21374,MIRRORED WALL ART SKULLS,2.8980281690140846,470,809.67
85145,JARDIN ETCHED GLASS LARGE BELL JAR,9.403333333333334,91,809.05
20769,DAISY JOURNAL,2.561625,438,808.81
47594B,SCOTTIES DESIGN WASHBAG,2.1536065573770493,408,808.39
84922,PINK BUTTERFLY WASHBAG,5.865882352941177,342,808.22
23022,SMALL BONNE JAM JAR  T-LIGHT HOLDER,2.0316666666666667,422,808.16
21454,PAINTED PINK RABBIT,0.9064974619289339,937,807.6
20901,VINTAGE KEEPSAKE BOX PINK FLOWER,9.474626865671642,91,806.58
84767,ZINC POLICE BOX LANTERN,7.395,195,806.22
17012A,ORIGAMI VANILLA INCENSE/CANDLE SET,2.225520833333333,726,806.16
84920,PINK FLOWER FABRIC PONY,4.446590909090909,201,805.38
37333,"RETRO ""TEA FOR ONE""",6.922586206896551,145,805.1
21222,SET/4 BADGES BEETLES,1.5156716417910447,621,804.65
23409,PHOTO FRAME LINEN AND LACE LARGE,3.8148837209302324,215,801.68
85044,RED REINDEER STRING OF 20 LIGHTS,6.930249999999999,149,801.4
16011,ANIMAL STICKERS,0.20955357142857142,3812,799.3199999999999
22825,DECORATIVE PLANT POT WITH FRIEZE,8.34,100,799.02
20699,MOUSEY LONG LEGS SOFT TOY,3.062134831460674,294,797.96
23524,HORSE & PONY WALL ART,3.594705882352941,256,797.31
21455,PAINTED YELLOW WOODEN DAISY,0.9351461988304094,901,797.27
20997,ROSE DU SUD CUSHION COVER,4.718433734939759,170,796.74
21285,RETROSPOT CANDLE  MEDIUM,2.0114285714285716,744,796.4
21558,SKULL LUNCHBOX WITH CUTLERY,3.2686153846153845,298,796.12
22058,CERAMIC LOVE HEARTS DESIGN MUG,1.663181818181818,520,795.72
23487,SWEET HEART CAKE CARRIER,10.365454545454545,80,795.5799999999999
17129F,DEEP BLUE GLASS GEMS IN BAG,1.4227692307692306,669,794.46
37494A,FAIRY CAKE CERAMIC BUTTER DISH,4.476274509803922,237,793.4399999999999
84625D,WHITE NEWBAROQUE CANDLESTICK CANDLE,2.3296153846153844,650,793.3399999999999
35915C,PEACH KNITTED HEN,1.3530487804878046,662,793.32
47574A,ENGLISH ROSE SCENTED HANGING FLOWER,2.3022307692307695,573,792.73
23106,ZINC HEARTS PLANT POT HOLDER,2.9438461538461542,283,792.47
23519,EMBROIDERED RIBBON REEL CLAIRE,4.484583333333333,224,792.31
85017A,ENVELOPE 50 ROMANTIC IMAGES,0.8269142857142857,1157,792.15
45008C,DECORATIVE NET CANOPY CREAM,12.162647058823529,83,792.0699999999999
22785,CUSHION COVER PINK UNION FLAG,7.452142857142857,120,792.0600000000001
23335,EGG FRYING PAN IVORY,2.3288659793814435,377,790.78
37330,SPOTS MUG,2.2990476190476192,437,790.7
21286,RETRO SPOT CANDLE  LARGE,3.518367346938775,295,789.26
23568,EGG CUP HENRIETTA HEN CREAM,1.7454166666666666,630,787.52
84970s,HANGING HEART ZINC T-LIGHT HOLDER,2.1014285714285714,373,784.04
22414,DOOR MAT NEIGHBOURHOOD WITCH,9.332745098039217,95,783.87
22408,MONEY BOX CONFECTIONERY DESIGN,1.467157894736842,638,783.67
72799C,PINK PILLAR CANDLE SILVER FLOCK,3.06625,471,783.1
20989,URBAN CHIC CHOPSTICKS SET/5,2.269824561403509,407,782.18
22204,MILK PAN BLUE POLKADOT,3.7533333333333334,226,782.16
84247E,PACK/12 XMAS FUN CARD,2.993389830508475,270,780.26
37461,FUNKY MONKEY MUG,1.61,742,778.64
21456,2 PICTURE BOOK EGGS EASTER CHICKS,1.447878787878788,738,776.05
90200B,BLACK SWEETHEART BRACELET,4.226190476190476,183,775.45
84534B,FAIRY CAKE NOTEBOOK A5 SIZE,1.1997326203208556,818,774.7099999999999
21015,DARK BIRD HOUSE TREE DECORATION,0.7685106382978723,1700,771.73
23115,RED APPLES CHOPPING BOARD,5.8406666666666665,152,770.32
22684,FRENCH BLUE METAL DOOR SIGN 9,1.7085454545454546,562,769.86
21723,ALPHABET HEARTS STICKER SHEET,1.0296323529411764,866,769.13
20910,VINTAGE PHOTO ALBUM PARIS DAYS,8.377872340425531,106,769.12
22985,WRAP BILLBOARD FONTS DESIGN,0.42,1831,769.02
84761,IVORY HANGING BIRD PLANTER,3.122295081967213,276,768.8499999999999
21554,CERAMIC BIRDHOUSE RED ROOF LARGE,6.479545454545455,167,767.75
84712B,PINK JEWELLED PHOTO FRAME,7.797,98,767.1600000000001
72755C,FLOWER FAIRY OIL BURNER SET ROSE,1.8928571428571428,592,767.0
35095B,RED VICTORIAN FABRIC OVAL BOX,0.6162146892655367,1952,766.64
84029C,BROWN FURRY HOT WATER BOTTLE,4.5562499999999995,204,766.19
23140,TRIPLE WIRE HOOK IVORY HEART,4.535769230769231,182,766.1
16259,PIECE OF CAMO STATIONERY SET,0.14618181818181816,5473,766.09
22640,SET OF 4 NAPKIN CHARMS 3 KEYS,2.561818181818182,357,765.39
16244B,MAXWELL 2 TONE BLUE 60 PAGE PHOTO A,3.872068965517241,345,765.02
84963A,PINK PAINTED KASHMIRI CHAIR,41.738888888888894,23,763.35
23550,WRAP ALPHABET POSTER,0.41875,1855,763.1
35811A,ENAMEL PINK SUGAR CONTAINER,2.913809523809524,434,762.97
23006,TRAVEL CARD WALLET FLOWER MEADOW,0.5191907514450866,1758,762.75
23458,DOLLY CABINET 3 DRAWERS,14.95,51,762.4499999999999
22492,MINI PAINT SET VINTAGE  BOY+ GIRL,0.6444444444444444,1260,761.4
84762C,GREEN PICNIC BARBECUE BUCKET,8.556511627906977,105,761.25
21709,FOLDING UMBRELLA CHOCOLATE POLKADOT,4.781323529411765,163,760.95
23025,DRAWER KNOB VINTAGE GLASS BALL,2.269814814814815,350,760.8000000000001
23524,WALL ART HORSE & PONY,4.593478260869565,225,760.3199999999999
23123,COCKTAIL SWORDS 50 PIECES,1.014421052631579,935,759.57
21298,EDWARDIAN 2 DRAWER WALL CABINET,19.37857142857143,52,755.8
85135A,YELLOW DRAGONFLY HELICOPTER,8.032380952380953,94,754.59
90209C,PINK ENAMEL+GLASS HAIR COMB,2.0842424242424245,399,754.46
47581B,FAIRY CAKE WICKER PICNIC BASKET,16.319444444444443,46,753.77
22124,SET OF 2 TEA TOWELS PING MICROWAVE,2.7221969696969697,298,751.93
17165B,ASS COL LARGE SAND GECKO P'WEIGHT,1.0298360655737704,810,751.68
21194,PINK  HONEYCOMB PAPER FAN,2.028659793814433,578,751.5
23124,18PC WOODEN CUTLERY SET DISPOSABLE,1.751627906976744,567,751.38
84653,GREEN ROSE QUILT,54.88166666666667,14,750.48
23223,CHRISTMAS TREE HANGING SILVER,1.089438202247191,801,750.19
21344,MOROCCAN BEATEN METAL DISH,8.916153846153845,166,749.8199999999999
90200A,PURPLE SWEETHEART BRACELET,4.227171717171717,177,749.69
84615,PINK ROUND BUTTERFLY MIRROR,5.614285714285714,240,748.48
35647,VINTAGE BEAD PINK SHADE,1.7655999999999998,563,748.24
84620,BLUE GINGHAM ROSE CUSHION COVER,6.5352,121,746.61
84663A,GRASS HOPPER WOODEN WALL CLOCK,4.415,373,746.39
21284,RETRO SPOT CANDLE  SMALL,2.3819999999999997,408,744.75
84842,HELLO SAILOR BATHROOM SET,4.434571428571429,1505,744.15
21319,GLASS CHALICE GREEN  SMALL,1.9736923076923076,508,743.61
72800A,S/4 BLACK DINNER CANDLE SILVER FLOC,2.9821739130434786,674,743.26
23282,FOLDING BUTTERFLY MIRROR IVORY,1.2622222222222224,794,742.9200000000001
84689,S/2 BEACH HUT TREASURE CHESTS,5.3012500000000005,312,742.9
22676,"FRENCH BLUE METAL DOOR SIGN, 1",1.439,577,742.67
21377,SMALL CAMPHOR WOOD FIELD  MUSHROOM,2.524387755102041,518,742.56
84821,DANISH ROSE DELUXE COASTER,0.7973333333333333,1318,742.5
21391,FRENCH EMROIDR LAVENDER SCENT HEART,2.443970588235294,341,741.6
21503,TOYBOX  WRAP,0.41875,1801,740.42
23114,VINTAGE LEAF CHOPPING BOARD,5.451333333333333,149,737.95
85130C,BEADED CRYSTAL HEART BLUE  LARGE,1.3602898550724638,659,737.89
84033,FLAG OF ST GEORGE,3.4215999999999998,392,735.38
22638,SET OF 4 NAPKIN CHARMS CROWNS,2.3525675675675677,405,735.23
84715,SET OF 6 ICE CREAM SKITTLES,3.393617021276596,241,734.8900000000001
90161B,ANT COPPER TURQ BOUDICCA BRACELET,5.021578947368421,147,734.16
84708B,PINK JEWELLED PHOTO FRAME,5.391851851851852,142,732.79
23435,3 RAFFIA RIBBONS VINTAGE CHRISTMAS,0.8976767676767677,824,732.4200000000001
ADJUST2,Adjustment by Peter on Jun 25 2010,243.68333333333337,3,731.0500000000001
85131B,BEADED CRYSTAL HEART GREEN ON STICK,0.8603703703703703,948,730.74
90209B,GREEN ENAMEL+GLASS HAIR COMB,2.0865306122448977,380,730.66
47503F,ASS FLORAL PRINT TORCH,1.5227272727272727,2567,729.9499999999999
21378,SMALL TALL CAMPHOR WOOD TOADSTOOL,2.1554545454545457,560,728.97
72800B,S/4 PURPLE DINNER CANDLE BLK FLOCK,2.823611111111111,650,728.67
21443,OLIVE CHALET BIRDFEEDER,4.631923076923077,257,727.9300000000001
20657,TROPICAL LUGGAGE TAG,1.3230508474576272,1877,726.47
21415,CLAM SHELL SMALL,2.6460975609756097,348,726.16
85230F,JASMINE VOTIVE CANDLE,0.2770967741935484,2946,725.7
35095A,BLUE VICTORIAN FABRIC OVAL BOX,0.6371686746987951,1809,725.5600000000001
23562,SET OF 6 RIBBONS PERFECTLY PRETTY,3.2853488372093027,251,724.59
85088,CANDY SPOT HAND BAG,2.3424050632911393,347,723.85
84595E,LARGE TORTILLA DESIGN RED BOWL,3.282093023255814,367,723.57
21393,BLUE  SPOTTY PUDDING BOWL,2.3310714285714282,2679,723.55
84971L,LARGE HEART FLOWERS HOOK,1.5720338983050848,585,723.51
84976,RECTANGULAR SHAPED MIRROR,1.6939285714285715,674,722.76
20701,PINK CAT FLORAL CUSHION COVER,4.416,353,721.49
10134,COLOURING PENCILS BROWN TUBE,1.2907407407407407,625,721.13
84684,BEACH HUT PHOTO FRAME,3.28775,609,720.6999999999999
85017C,ENVELOPE 50 CURIOUS IMAGES,0.8070247933884298,1087,719.67
23222,CHRISTMAS TREE HANGING GOLD,1.0467532467532468,799,718.53
35951,FOLKART BAUBLE CHRISTMAS DECORATION,1.1871739130434782,1352,717.99
21001,ROSE DU SUD WASHBAG,4.899222222222222,141,717.8000000000001
84997d,PINK 3 PIECE POLKADOT CUTLERY SET,8.41375,85,717.4300000000001
84997c,BLUE 3 PIECE POLKADOT CUTLERY SET,8.42764705882353,85,717.25
21026,SPACE OWL,1.63304,549,716.73
21457,2 PICTURE BOOK EGGS EASTER DUCKS,1.5447692307692307,685,716.0
21076,SET/20 COLLAGE PAPER NAPKIN,0.9846808510638299,843,714.55
20850,ZINC HEART LATTICE PLANTER BOWL,2.8434782608695657,820,713.8
35915B,BLUE KNITTED HEN,1.2102941176470587,563,713.73
21133,PAINTED BIRD ASSORTED CHRISTMAS,2.1664285714285714,410,712.9100000000001
23042,PAPER LANTERN 7 POINT SNOW STAR,7.361428571428571,103,711.51
16015,MEDIUM CHINESE STYLE SCISSOR,0.4870769230769231,1572,711.38
20854,BLUE PATCH PURSE PINK HEART,1.6635185185185184,441,711.37
21221,SET/4 BADGES CUTE CREATURES,1.4973831775700934,535,709.66
23070,EDWARDIAN HEART PHOTO FRAME,5.090909090909091,160,709.5400000000001
22100,SKULLS SQUARE TISSUE BOX,1.46125,1005,709.5
21365,MIRRORED WALL ART STARS,2.5030379746835445,469,707.92
21308,LOUVRE VANITY MIRROR,12.158333333333333,132,705.9
21265,PINK GOOSE FEATHER TREE 60CM,3.586470588235294,321,705.59
21379,CAMPHOR WOOD PORTOBELLO MUSHROOM,1.9376,641,705.46
84952C,MIRROR LOVE BIRD T-LIGHT HOLDER,3.347674418604651,374,705.01
21442,GREEN BIRDHOUSE DECORATION,1.1215441176470589,973,704.9699999999999
22981,PANTRY APPLE CORER,1.8700925925925926,471,704.13
84869,CANDY BUTTON PHOTO ALBUM,5.044615384615384,302,703.54
20763,DAISY SKETCHBOOK,3.805945945945946,267,702.86
84569A,PACK 3 IRON ON DOG PATCHES,1.3568421052631578,562,702.42
21740,COSY SLIPPER SHOES LARGE RED,3.687910447761194,201,698.01
84584,PINK GINGHAM CAT WITH SCARF,2.8196,282,696.75
85231E,STRAWBERRY SCENTED SET/9 T-LIGHTS,0.9473831775700935,835,695.23
22036,DINOSAUR BIRTHDAY CARD,0.49740740740740735,1649,695.11
23187,FRENCH STYLE STORAGE JAR BONBONS,0.3154666666666667,2338,695.06
20898,VINTAGE NOTEBOOK TRAVELOGUE,3.1941818181818182,327,693.92
72755D,FLOWER FAIRY OIL BURNER SET SUMMER,1.9423076923076923,533,693.25
72131,COLUMBIAN CANDLE RECTANGLE,1.6534482758620688,748,692.28
20862,PINK PATCH PENCIL CASE BLUE HEART,2.6216216216216215,325,691.14
72753A,S/3 FLWR FAIRY LILLY CANDLES,3.735,315,690.24
35964,FOLKART CLIP ON STARS,1.1159701492537313,1187,689.76
84931B,BLUE SCOTTIE DOG W FLOWER PATTERN,2.6616867469879515,274,688.73
90161D,ANT COPPER PINK BOUDICCA BRACELET,4.992000000000001,138,687.52
84917,WHITE HAND TOWEL WITH BUTTERFLY,4.334150943396226,229,686.03
85186A,EASTER BUNNY GARLAND OF FLOWERS,0.6140625,1473,685.87
21710,FOLDING UMBRELLA PINKWHITE POLKADOT,5.027213114754098,142,685.6700000000001
84563A,PINK & WHITE BREAKFAST TRAY,6.021612903225806,139,685.15
37492D,PURPLE GREEN FLOWER PIGGY BANK,4.201538461538462,361,682.99
22847,"BREAD BIN, DINER STYLE, IVORY",15.55,45,682.75
84951A,SET OF 4 PISTACHIO LOVEBIRD COASTER,2.1677477477477476,516,682.66
23120,PACK OF 6 SMALL FRUIT STRAWS,0.46819047619047616,1685,682.39
85023B,EAU DE NILE JEWELLED PHOTOFRAME,2.526315789473684,293,682.35
17165D,ASS COL LARGE SAND FROG P'WEIGHT,1.0346236559139785,716,682.32
22033,BOTANICAL ROSE GREETING CARD,0.481640625,1603,681.93
23325,RUSTIC STRAWBERRY JAM POT SMALL,1.8299999999999998,426,681.54
85084,HOLLY TOP CHRISTMAS STOCKING,1.0668965517241378,682,681.4
21674,RIDGED GLASS PENDANT LAMPSHADE,16.505555555555553,43,680.85
21386,IVORY HANGING DECORATION  EGG,0.8370909090909091,1148,680.78
17012F,ORIGAMI SANDLEWOOD INCENSE/CAND SET,1.8778504672897196,586,680.65
21397,BLUE POLKADOT EGG CUP,1.2280246913580246,1163,679.38
23597,PAPER BUNTING PAISLEY PARK,3.186129032258065,249,679.07
47594A,CAROUSEL DESIGN WASHBAG,2.0837142857142856,344,678.3
62094B,TURQ ICE CREAM BUM BAG,3.935820895522388,305,677.99
84925D,LA PALMIERA WALL THERMOMETER,2.321153846153846,452,677.45
90160C,TURQ+RED BOUDICCA LARGE BRACELET,7.005333333333334,97,677.0
85096,HILDA CANDY SPOT RABBIT,4.50089552238806,164,676.92
84824,DANISH ROSE UMBRELLA STAND,18.4484375,38,676.4499999999999
23428,IVORY RETRO KITCHEN WALL CLOCK,9.915454545454546,77,675.91
22511,RETROSPOT BABUSHKA DOORSTOP,3.2292105263157893,296,675.5600000000001
21847,GREEN  DIAMANTE PEN IN GIFT BOX,3.2625,347,675.37
22641,SET OF 4 NAPKIN CHARMS INSTRUMENT,2.604328358208955,288,674.3000000000001
22999,TRAVEL CARD WALLET RETRO PETALS,0.4817592592592593,1544,674.11
20856,DENIM PATCH PURSE PINK BUTTERFLY,1.6599999999999997,408,674.09
37444C,PINK BREAKFAST CUP AND SAUCER,4.633888888888889,1654,673.72
22034,ROBIN CHRISTMAS CARD,0.4511702127659574,1617,673.49
22965,3 TRADITIONAL COOKIE CUTTERS  SET,2.05,354,671.3999999999999
75013B,"STRING OF 8 BUTTERFLIES,PINK",2.02275,390,669.62
72023F,RED ORGANIC CANDLE IN GLASS,1.3499999999999999,640,669.62
85205B,PINK FELT EASTER RABBIT GARLAND,3.193064516129032,241,669.38
23024,LARGE BONNE JAM JAR  T-LIGHT HOLDER,3.0081818181818183,255,667.85
82613A,"METAL SIGN,CUPCAKE SINGLE HOOK",1.6133620689655173,492,667.47
72750B,FLOWER FAIRY SET 3 CANDLES LAVENDER,3.283333333333333,303,666.85
85203,HANGING WOOD AND FELT BUTTERFLY,0.5662337662337663,1463,665.91
21879,HEARTS GIFT TAPE,0.7494771241830065,1567,664.84
21247,SET OF RED SALAD SERVERS,1.8867901234567903,422,664.73
90082D,DIAMANTE BOW BROOCH BLACK COLOUR,6.51156862745098,103,664.35
21750,LARGE SKULL WINDMILL,2.428548387096774,309,663.85
21884,CAKES AND BOWS GIFT  TAPE,0.9903105590062111,1448,663.61
46776E,WOVEN CANDY CUSHION COVER,4.191948051948051,205,662.1
21197,MULTICOLOUR  CONFETTI IN TUBE,1.6319565217391303,453,661.8100000000001
22383,LUNCHBAG SUKI  DESIGN,1.742,410,661.63
23547,WRAP FLOWER SHOP,0.42,1575,661.5
17109C,FLOWER FAIRY INCENSE ROSE,1.238,3124,661.23
23482,PEARLISED IVORY HEART LARGE,1.765897435897436,418,661.02
85188B,PINK METAL SWINGING BUNNY,1.0734210526315788,748,660.88
22322,BIRD DECORATION GREEN  SPOT,1.3082407407407406,678,660.62
21764,VINTAGE WOODEN PLATE RACK,39.49545454545455,17,659.1500000000001
16169K,WRAP FOLK ART,0.3625,2075,658.75
17012D,ORIGAMI ROSE INCENSE/CANDLE SET,1.9451724137931032,520,658.72
21263,GREEN GOOSE FEATHER TREE 60CM,3.060175438596491,299,658.29
85186C,BUNNY EGG GARLAND,0.6046794871794872,1400,658.19
46776D,WOVEN SUNSET CUSHION COVER,4.279605263157895,153,658.07
20652,BLUE SPOTTY LUGGAGE TAG,1.248148148148148,1236,657.9
22056,CERAMIC PLATE LOVE HEART DESIGN,1.9435294117647057,607,656.87
85028S,FRENCH CHATEAU SMALL FRUITBOWL,3.327058823529412,430,656.82
22677,"FRENCH BLUE METAL DOOR SIGN, 2",1.4463636363636365,509,656.41
71403,"PINK/WHITE ""KEEP CLEAN"" BULLET BIN",4.638260869565218,176,656.05
21441,BLUE BIRDHOUSE DECORATION,1.1006716417910447,928,655.4599999999999
22054,MINI CAKE STAND HANGING HEARTS,2.1535897435897433,361,655.01
85028L,FRENCH CHATEAU LARGE FRUIT BOWL,5.863333333333333,271,654.01
85168B,BLACK BAROQUE CARRIAGE CLOCK,9.157884615384615,72,652.17
90184C,BLACK CHUNKY BEAD BRACELET W STRAP,9.102857142857141,72,651.89
85019C,CURIOUS  IMAGES NOTEBOOK SET,3.3876,423,651.19
37474,SET/4 2 TONE EGG SHAPE MIXING BOWLS,10.812222222222221,63,651.05
47310M,"SMALL POP BOX,FUNKY MONKEY",1.7739999999999998,488,650.96
21307,SET/4 BUTTERFLY MIRROR MAGNETS,2.1256944444444446,749,650.0699999999999
20714,POSY SHOPPER BAG,0.9467857142857142,1580,649.8199999999999
23224,CHERUB HEART DECORATION GOLD,1.0394366197183098,738,649.02
84993A,75 GREEN PETIT FOUR CASES,0.5324719101123595,1471,648.61
20618,QUEEN OF THE SKIES PASSPORT COVER,2.278905109489051,297,648.54
21350,GINGHAM HEART WREATH,2.940909090909091,225,647.75
21003,ROSE DU SUD CUSHION COVER,5.928125,109,647.75
17164B,ASS COL SMALL SAND GECKO P'WEIGHT,0.4168292682926829,1620,646.56
21134,VICTORIAN METAL POSTCARD CHRISTMAS,2.1581249999999996,377,646.4399999999999
84916,HAND TOWEL PALE BLUE W FLOWERS,4.468965517241379,261,646.4300000000001
22678,"FRENCH BLUE METAL DOOR SIGN, 3",1.4629577464788732,501,645.15
47597,NEW ENGLAND TEATOWELS,1.9637301587301585,322,644.88
23408,PHOTO FRAME LINEN AND LACE SMALL,2.08,310,644.8000000000001
85215,ASSORTED CHEESE FRIDGE MAGNETS,1.6874626865671642,831,643.89
17181,CIRCLE OF FRIENDS CANDLE HOLDER,3.771641791044776,353,642.66
22134,LADLE LOVE HEART RED,0.6335172413793103,1489,642.4
16169M,WRAP DAISY CARPET,0.35483333333333333,2060,640.95
17084N,FAIRY DREAMS INCENSE,0.34598930481283424,2768,640.26
84520D,PACK OF 20 FAIRY CAKE PAPER NAPKINS,1.1359574468085107,699,639.47
84865,NEW BAROQUE BLACK PHOTO ALBUM,9.396666666666667,77,639.42
84986B,SET OF 36 SILVER PAPER DOILIES,1.5328947368421053,432,639.06
35004P,SET OF 3 PINK FLYING DUCKS,6.8058139534883715,120,638.97
21665,TRIANGULAR RIDGED GLASS POSY HOLDER,1.088974358974359,879,638.8
84601A,NEW BAROQUE IVORY CUSHION COVER,3.6726666666666667,260,638.34
84766,SILVER ROCOCO CANDLE STICK,4.57962962962963,200,638.0
17107D,"FLOWER FAIRY,5 SUMMER B'DRAW LINERS",2.55,250,637.5
21816,CHRISTMAS TREE T-LIGHT HOLDER,1.6994117647058824,422,637.3399999999999
84872a,TEATIME FUNKY FLOWER BACKPACK FOR 2,10.975333333333333,58,636.47
85185D,FROG SOCK PUPPET,3.762878787878788,195,636.11
23492,VINTAGE JINGLE BELLS WREATH,8.549285714285714,76,635.38
22391,PAPERWEIGHT HOME SWEET HOME,2.8237878787878787,323,635.19
23298,"BUNTING , SPOTTY",4.721428571428572,146,634.7
84507C,BLUE CIRCLES DESIGN MONKEY DOLL,2.7132394366197183,433,634.64
22510,GINGHAM BABUSHKA DOORSTOP,2.888225806451613,272,633.35
20819,SILVER TEDDY BEAR,3.888,228,631.49
84951B,SET OF 4 BLACK LOVEBIRD COASTERS,2.0094623655913977,477,631.12
23216,LAUREL HEART ANTIQUE GOLD,1.446888888888889,525,630.73
84964A,PINK PAINTED KASHMIRI TABLE,45.0,11,630.0
23019,SMALL APOTHECARY MEASURING JAR,8.078571428571427,81,629.05
85230E,STRAWBRY SCENTED VOTIVE CANDLE,0.27545454545454545,2445,628.41
23027,DRAWER KNOB VINTAGE GLASS HEXAGON,2.216666666666667,295,627.95
22263,FELT EGG COSY LADYBIRD,1.1693457943925232,836,627.38
22042,CHRISTMAS CARD SINGING ANGEL,0.40689922480620155,1738,627.1899999999999
72814,SET OF 3 CHRISTMAS BRIAR CANDLES,3.8603125,176,626.39
16169N,WRAP BLUE RUSSIAN FOLKART,0.3501785714285714,2025,626.25
71101E,STANDING FAIRY POLE SUPPORT,0.8364583333333333,777,626.13
90184B,AMETHYST CHUNKY BEAD BRACELET W STR,9.110212765957447,69,625.48
85218,S/5 MINI ICE CREAM FRIDGE MAGNETS,0.875,1992,625.1999999999999
82616A,BUBBLE GUM SCARF KNITTING KIT,2.9890384615384615,316,624.21
22289,"DECORATION , HANGING METAL CHICKEN",1.5902325581395347,616,623.96
85092,CANDY SPOT TEA COSY,4.058333333333333,391,622.57
20694,FLORAL PINK MONSTER,4.398363636363636,166,622.33
22288,HANGING METAL RABBIT DECORATION,1.6196825396825396,476,621.97
22129,PARTY CONES CANDY DECORATION,2.337910447761194,454,621.96
84596J,MIXED NUTS LIGHT GREEN BOWL,1.183623188405797,810,621.74
23425,STORAGE TIN HOME SWEET HOME,3.0989285714285715,275,621.4399999999999
23180,MUM'S KITCHEN CLOCK,5.939387755102041,122,621.09
16156N,"WRAP, FRIENDSHIP ON GREEN",0.42,1475,619.5
22043,CHRISTMAS CARD SCREEN PRINT,0.3331746031746031,2197,619.25
23528,WALL ART SPACEBOY,5.19972972972973,173,618.59
84707B,PINK JEWELLED MIRROR TRINKET TRAY,8.634509803921569,79,618.52
22837,HOT WATER BOTTLE BABUSHKA LARGE,4.621428571428572,136,618.0
20696,FLORAL SOFT CAR TOY,4.625666666666667,151,617.9399999999999
23471,SIX DRAWER OFFICE TIDY,10.162592592592592,65,616.79
23453,OVAL  MINI PORTRAIT FRAME,1.9883673469387753,316,615.98
72772,SET/4 SCENTED CANDLES IN RAMEKINS,2.531111111111111,457,615.84
84952B,BLACK LOVE BIRD T-LIGHT HOLDER,3.0925,364,615.49
84932C,SMALL ORIENTAL BLUE FOLDING STOOL,3.105882352941176,282,615.4
20689,RETRO SISTERS EXPRESSO CUPS,6.176585365853659,429,614.1
84859A,SILVER DISCO HANDBAG,3.3916666666666666,293,613.53
47583A,SET OF 3 WICKER BASKET ROSE,26.30333333333333,71,612.8199999999999
85114c,RED ENCHANTED FOREST PLACEMAT,3.3133333333333335,185,612.64
37351,ORANGE FLOWER MUG,3.7536363636363634,5404,612.5099999999999
23018,LARGE APOTHECARY MEASURING JAR,12.900476190476192,51,612.1600000000001
79315W,FLYING SAUCER TABLE LIGHT IN WHITE,4.3561538461538465,199,611.51
35972,DAISY FOLKART HEART DECORATION,1.7579545454545453,440,611.38
84858C,PINK RIVIERA HANDBAG,5.593999999999999,347,611.0699999999999
22538,MINI JIGSAW GO TO THE FAIR,0.5362790697674419,1443,610.43
22680,"FRENCH BLUE METAL DOOR SIGN, 5",1.4050769230769231,477,610.11
gift_0001_30,Dotcomgiftshop Gift Voucher £30.00,25.420416666666668,24,610.09
23454,THREE MINI HANGING FRAMES,4.540566037735849,142,610.0
90198A,VINTAGE ROSE BEAD BRACELET RASPBERR,4.223928571428571,144,609.4300000000001
21392,RED POLKADOT PUDDING BOWL,2.17,3717,608.9
20655,QUEEN OF SKIES LUGGAGE TAG,1.70125,414,608.48
84051,ASS COLOUR GLOWING TIARAS,0.8963934426229508,746,607.98
21173,LOO ROLL  METAL SIGN,2.2123076923076925,340,607.96
20695,FLORAL BLUE MONSTER,4.856393442622951,142,604.58
85169D,PINK LOVE BIRD CANDLE,1.4993181818181818,521,603.98
79190B,RETRO PLASTIC POLKA TRAY,0.539264705882353,1485,603.08
21416,CLAM SHELL LARGE,4.120434782608696,751,603.06
84247G,"DECOUPAGE,GREETING CARD,",0.48644859813084107,1414,602.67
21711,FOLDING UMBRELLA WHITE/RED POLKADOT,5.442093023255814,120,602.66
84932A,SMALL GREEN PEONY FOLDING STOOL,3.860416666666667,262,602.6
20863,BLUE PATCH PENCIL CASE PINK HEART,2.4202,293,601.53
82095,HEART BUTTONS JEWELLERY BOX,6.192916666666666,100,600.91
23520,EMBROIDERED RIBBON REEL RUBY,3.9675,167,600.55
84876D,BLUE HEART COMPACT MIRROR,3.5862857142857143,331,600.52
85146,JARDIN ETCHED GLASS SMALL BELL JAR,5.614516129032259,118,599.38
90143,SILVER BRACELET W PASTEL FLOWER,7.63390243902439,79,599.13
17109D,FLOWER FAIRY INCENSE BOUQUET,1.406153846153846,1257,598.3100000000001
21440,12 MINI TOADSTOOL PEGS,1.32875,472,597.56
84682,CLASSICAL ROSE DISH,3.3329411764705887,295,596.9399999999999
22679,"FRENCH BLUE METAL DOOR SIGN, 4",1.4125806451612903,468,596.34
82011C,BATHROOM SCALES FOOTPRINTS IN SAND,5.237887323943662,131,595.18
85117,NIGHTINGALE COATHOOK WHITE,2.2267213114754094,347,594.3199999999999
47469,ASSORTED SHAPES PHOTO CLIP SILVER,0.6308333333333334,1220,594.28
72122,COFFEE SCENT PILLAR CANDLE,1.1326612903225806,586,593.33
16236,KITTY PENCIL ERASERS,0.30335849056603775,2652,593.29
20849,ZINC HEART LATTICE DOUBLE PLANTER,4.047083333333333,674,593.03
22092,BLUE PAISLEY TISSUE BOX,0.8154285714285714,933,592.91
62096A,PINK/YELLOW FLOWERS HANDBAG,2.2487912087912085,383,592.79
23377,PACK OF 12 DOLLY GIRL TISSUES,0.5607462686567164,1351,592.4499999999999
85113,POLKA DOT PISTACHIO PAIL,2.310612244897959,285,591.66
21304,ARCHED GREY MIRROR,11.132222222222222,86,591.5799999999999
84963B,BLUE PAINTED KASHMIRI CHAIR,42.958333333333336,18,591.5
20794,BLUE  TILE HOOK,3.4424489795918363,212,591.02
21322,GLASS SPHERE CANDLE STAND LARGE,4.9678571428571425,301,590.45
84563B,BLUE & WHITE BREAKFAST TRAY,5.206271186440678,128,590.04
20661,BLUE SPOTTY PURSE,2.9594366197183097,483,589.9
21256,"FRENCH BOTTLE, BRASSERIE DES ARTIST",2.422923076923077,326,588.64
21893,POTTING SHED SEED TIN,5.4975000000000005,172,587.8
21167,WHITE SAGE INCENSE,0.3299122807017544,2440,587.52
21223,SET/4 BADGES WOODLAND ANIMAL,1.4345454545454546,492,587.08
84934,ASSTD DESIGN POP ART SLIM PEN,0.9153846153846155,687,586.5
22683,"FRENCH BLUE METAL DOOR SIGN, 8",1.4271875,458,586.36
23565,EGG CUP MILKMAID HELGA,1.8453968253968254,410,586.31
23499,SET 12 VINTAGE DOILY CHALK,0.4831858407079646,1312,586.23
90199C,5 STRAND GLASS NECKLACE CRYSTAL,6.3130303030303025,99,585.29
90195A,PURPLE GEMSTONE BRACELET,8.693181818181818,70,585.1999999999999
84569C,PACK 4 FLOWER/BUTTERFLY PATCHES,1.792696629213483,415,584.93
21016,LIGHT BIRD HOUSE TREE DECORATION,0.9679310344827585,834,582.85
82001s,SILVER RECORD COVER FRAME,7.46,78,581.88
21553,CERAMIC BIRDHOUSE FINCH BLUE  LARGE,7.881282051282051,90,581.27
22785,SQUARECUSHION COVER PINK UNION JACK,7.178571428571429,173,581.23
20781,GOLD EAR MUFF HEADPHONES,6.378196721311475,103,579.93
20804,GLASS CHICKEN BUTTER DISH,2.6788524590163934,325,579.3100000000001
22999,TRAVEL CARD WALLET VINTAGE LEAF,0.48307692307692307,1350,578.48
85232A,SET/3 POLKADOT STACKING TINS,5.750227272727273,113,578.46
90010B,BLACK/WHITE GLASS/SILVER BRACELET,9.342647058823529,63,578.02
15056p,EDWARDIAN PARASOL PINK,12.569473684210527,46,577.84
21419,CONCH SHELL,4.353157894736842,1259,577.6899999999999
22685,"FRENCH BLUE METAL DOOR SIGN, 0",1.272909090909091,461,577.51
23324,RUSTIC STRAWBERRY JAM POT LARGE,2.2357894736842105,279,577.48
35922,EASTER BUNNY WREATH,7.111666666666666,97,575.99
85144,JARDIN ETCHED GLASS CHEESE DISH,3.889024390243902,219,575.45
23016,GLASS TWIST BON BON JAR,8.714583333333332,74,575.25
23125,6PC WOOD PLATE SET DISPOSABLE,1.9131578947368422,459,574.88
84932D,SMALL ORIENTAL RED FOLDING STOOL,4.629047619047619,239,574.71
20935,ROUND CACTUS CANDLE,3.0772340425531914,300,574.48
47421,ASSORTED COLOUR LIZARD SUCTION HOOK,0.41481481481481486,1463,572.7
22684,"FRENCH BLUE METAL DOOR SIGN, 9",1.3645454545454545,450,572.58
17013D,ORIGAMI ROSE INCENSE IN TUBE,1.7083870967741936,1068,572.4
84675,FROG KING WATERING CAN,3.6961290322580647,206,571.71
84924A,WAKE UP COCKEREL CALENDAR SIGN,4.855483870967742,133,571.0
20615,BLUE SPOTTY PASSPORT COVER,2.5984269662921347,316,570.85
16162L,THE KING GIFT BAG,0.7496666666666667,8101,570.43
84509C,SET OF 4 POLKADOT PLACEMATS,4.089166666666666,149,570.19
85202,HANGING WOOD AND FELT HEART,0.5805045871559633,1208,570.09
85129A,"WHITE PEARL BEADED HEART, SMALL",1.427,444,569.16
85086A,CANDY SPOT HEART DECORATION,1.1639869281045752,587,568.73
23219,LAUREL STAR ANTIQUE SILVER,1.52765625,430,568.6
84806B,WHITE CANDYSTUFT ARTIFICIAL FLOWER,1.3784375,450,568.02
84846A,SCENTED CANDLE IN DIGITALIS TIN,2.573888888888889,251,567.55
85119,WATERING CAN SINGLE HOOK PISTACHIO,1.7169999999999999,413,567.48
22425,ENAMEL COLLANDER CREAM,5.085652173913044,122,567.12
16169C,WRAP BLUE REINDEER,0.42,1350,567.0
85169C,EAU DE NIL LOVE BIRD CANDLE,1.372676056338028,505,566.8199999999999
22699,TEACUP AND SAUCER REGENCY ROSES,2.835714285714286,210,566.7
21285,RETRO SPOT CANDLE  MEDIUM,2.848611111111111,263,566.22
21899,GARAGE KEY FOB,0.9082432432432431,777,565.81
20838,FRENCH LATTICE CUSHION COVER,1.9461904761904762,446,565.8
37444A,YELLOW BREAKFAST CUP AND SAUCER,3.199767441860465,2709,563.43
23381,PACK OF 12 VINTAGE LEAF TISSUES,0.4760493827160494,1496,562.88
23272,TREE T-LIGHT HOLDER WILLIE WINKIE,1.916818181818182,364,562.22
23413,VINTAGE COFFEE GRINDER BOX,6.259333333333333,109,561.23
37345,ASSTD HEARTS DESIGN MUGS,4.038888888888889,321,561.05
85230B,CINNAMON SCENTED VOTIVE CANDLE,0.278235294117647,2120,561.04
84773,RED ROSE AND LACE C/COVER,2.95,190,560.5
16049,TEATIME GEL PENS ASST,0.381875,3169,560.48
22682,"FRENCH BLUE METAL DOOR SIGN, 7",1.3586206896551725,443,560.05
16238,PARTY TIME PENCIL ERASERS,0.30966244725738395,2447,559.54
85090,CANDY SPOT APRON,5.87925925925926,106,559.28
22447,PIN CUSHION BABUSHKA BLUE,3.365254237288136,180,558.28
21160,KEEP OUT GIRLS DOOR HANGER,1.5117241379310344,794,557.49
84306,S/3 PINK SQUARE PLANTERS ROSES,12.064193548387097,48,557.48
22950,SET OF 36 DOILIES VINTAGE CHRISTMAS,1.35,444,557.4
84569B,PACK 3 FIRE ENGINE/CAR PATCHES,1.427763157894737,433,557.18
23069,EDWARDIAN PHOTO FRAME,6.4440625,88,556.21
23451,SQUARE MINI PORTRAIT FRAME,2.273396226415094,277,556.17
72586,SET OF 6 HALLOWEEN GHOST T-LIGHTS,0.60624,1244,556.11
21371,MIRRORED WALL ART POPPIES,2.59578125,404,556.01
21881,CUTE CATS TAPE,0.8329661016949151,1332,554.9499999999999
90120D,WHITE MURANO TWIST BRACELET,4.20025,134,554.13
84859C,PINK DISCO HANDBAG,3.041,304,552.72
23473,WOODLAND SMALL RED FELT HEART,0.9533333333333333,678,552.02
22452,MEASURING TAPE RUSSIAN DOLL PINK,3.2583333333333333,182,551.7
84805B,BLUE CLIMBING HYDRANGA ART FLOWER,2.461111111111111,340,551.4
79030G,TUMBLER NEW ENGLAND,1.408867924528302,1261,551.1899999999999
22044,CHRISTMAS CARD STACK OF PRESENTS,0.3241573033707865,1940,550.28
22681,"FRENCH BLUE METAL DOOR SIGN, 6",1.4710526315789472,430,550.1
23456,MEDIUM PARLOUR PICTURE FRAME,4.126470588235295,136,550.0
21373,MIRRORED WALL ART SNOWFLAKES,1.2465573770491802,636,548.89
85071D,CHARLIE+LOLA MY ROOM DOOR SIGN,1.2823684210526316,884,548.86
85091,CANDY SPOT BREAD BASKETS,5.513,343,548.81
22584,PACK OF 6 PANETTONE GIFT BOXES,3.1944444444444446,233,548.63
72800B,4 PURPLE FLOCK DINNER CANDLES,2.4956896551724137,335,548.11
23549,WRAP BIRD GARDEN,0.42,1305,548.1
20888,SET 3 JARDIN DE FEMME SCENT CANDLES,3.8852631578947374,367,547.74
23074,EMBOSSED HEART TRINKET BOX,2.623125,246,547.27
85184C,SET 4 VALENTINE DECOUPAGE HEART BOX,3.8452380952380953,169,545.75
21339,MARAKESH LANTERN LARGE,19.257692307692306,30,544.5
22394,PAPERWEIGHT KINGS CHOICE,2.540909090909091,346,544.29
84596K,JELLY BABIES YELLOW SMALL BOWL,1.4280645161290322,428,543.41
22983,"CARD, BILLBOARD FONT",0.5289108910891089,1300,543.34
18094C,WHITE AND BLUE CERAMIC OIL BURNER,1.8468235294117645,400,542.61
35969,FOLKART CROWN TABLE DECORATIONS,1.9160526315789475,523,542.47
47021G,SET/6 BEAD COASTERS GAUZE BAG GOLD,2.199577464788732,713,541.96
20943,SET/6 GINGERBREAD STAR T-LIGHTS,1.6716901408450704,381,540.21
21311,SET/4 BIRD MIRROR MAGNETS,1.5697894736842104,701,539.67
85027L,FRENCH CHATEAU LARGE PLATTER,4.65,190,538.5
16048,TEATIME ROUND PENCIL SHARPENER,0.40254716981132077,3461,537.06
84592,CROCHET ROSE PURSE WITH SUEDE BACK,3.443829787234043,173,536.4
84414B,FUSCHIA/GREEN STRIPE WOOLLY BLANKET,13.965555555555556,78,536.24
21017,RED BIRD HOUSE TREE DECORATION,1.354942528735632,659,535.89
23398,HANGING HEART BONHEUR,1.0450666666666666,606,535.35
23660,HENRIETTA HEN MUG,2.2404761904761905,306,534.66
72800D,S/4 BLUE DINNER CANDLE SILVER FLOCK,2.5780555555555553,418,534.58
90203,SILVER CHARM NECKLACE 70CM,7.547941176470588,71,534.27
21418,STARFISH SOAP DISH,3.4825373134328355,194,533.84
16169P,WRAP GREEN RUSSIAN FOLKART,0.3577083333333333,1750,533.75
20823,GOLD WINE GOBLET,3.6510526315789478,253,533.71
20659,ECONOMY LUGGAGE TAG,1.5739285714285713,369,533.51
85020,ROUND PINK HEART MIRROR,2.571896551724138,240,533.48
85030,FRENCH CHATEAU OVAL PLATTER,5.05344827586207,211,531.4499999999999
84661B,BLACK SQUARE TABLE CLOCK,3.2335294117647058,243,530.22
72267,PREMIUM CHURCH CANDLE,2.175869565217391,265,530.16
21734,SMALL MARAKESH LANTERN ON STICK,5.727666666666667,97,529.49
90160D,PINK BOUDICCA LARGE BRACELET,6.9764,76,529.22
21943,CAKES AND RABBITS DESIGN FLANNEL,1.1034228187919464,591,529.16
84799,SPRIG LAVENDER ARTIFICIAL FLOWER,1.0358064516129033,678,528.78
20653,CHERRY BLOSSOM LUGGAGE TAG,1.3807407407407408,2004,528.77
23139,SINGLE WIRE HOOK PINK HEART,1.6128571428571428,414,528.6999999999999
16202B,PASTEL BLUE PHOTO ALBUM,4.7690909090909095,1039,528.56
23060,HEART BEADED TRELLIS DECORATION,2.2197727272727272,249,528.1700000000001
90175D,TIGRIS EYE CHUNKY CHARM BRACELET,9.128780487804878,58,527.8199999999999
21336,GOLD WASHBAG,3.43906976744186,1823,527.56
22344,PARTY PIZZA DISH PINK POLKADOT,0.71,1296,526.64
71270,PHOTO CLIP LINE,1.67,370,525.4
22898,CHILDRENS APRON APPLE DESIGN,2.0023076923076926,291,524.71
72728,ROSE SCENT CANDLES IN GLASS,0.8452727272727273,643,523.1500000000001
21403,BLUE EGG  SPOON,0.33420382165605095,2319,523.07
22861,EASTER TIN CHICKS IN GARDEN,2.0107999999999997,305,522.9300000000001
85226C,BLUE PULL BACK RACING CAR,0.7651190476190476,989,522.31
23537,WALL ART I LOVE LONDON,7.0649999999999995,99,521.73
21459,YELLOW EASTER EGG HUNT START POST,2.300909090909091,263,520.55
23336,EGG FRYING PAN PINK,2.604418604651163,225,519.25
BANK CHARGES,Bank Charges,15.271794117647058,34,519.24
20793,BLUE TILED TRAY,8.935,281,518.5
20868,SILVER FABRIC MIRROR,0.9214084507042254,882,518.0699999999999
35810B,ENAMEL BLUE RIM COFFEE CONTAINER,2.2813235294117646,325,517.71
84657,GREEN ROSE CUSHION COVER,4.4990000000000006,246,517.48
84762A,WHITE PICNIC BARBECUE BUCKET,9.866551724137931,59,517.4300000000001
84683,CLASSICAL ROSE CANDLESTAND,1.6375510204081631,537,516.85
85039C,S/4 BLACK MINI ROSE CANDLE IN BOWL,1.7143859649122808,536,516.31
90114,SUMMER DAISIES BAG CHARM,2.48972972972973,205,514.18
84931A,PINK SCOTTIE DOG W FLOWER PATTERN,2.7070731707317073,204,513.69
46118,FUNKY MONKEY CUSHION COVER,3.027945205479452,373,513.58
16168M,FUNKY MONKEY GIFT BAG MEDIUM,0.5918811881188119,1686,512.38
82605,OLD DOC RUSSEL METAL SIGN,2.4473529411764705,227,512.13
72807c,SET/3 VANILLA SCENTED CANDLE IN BOX,8.494545454545454,60,511.98
23136,IVORY WIRE SWEETHEART LETTER TRAY,4.034081632653061,135,511.89
47559b,TEA TIME OVEN GLOVE,3.2895454545454546,154,511.46
85179A,GREEN BITTY LIGHT CHAIN,3.2454285714285716,217,511.07
84875B,GREEN SQUARE COMPACT MIRROR,1.9637499999999999,373,511.01
85129C,BEADED CRYSTAL HEART BLUE SMALL,1.606969696969697,390,510.23
84989B,75 BLACK FAIRY CAKE CASES,0.6828070175438596,1009,510.15
84782C,GREEN 3 TIER GLASS PLATE STAND,9.616666666666667,74,509.9
21540,DAIRY MAID CERAMIC BUTTER DISH,4.9504166666666665,114,509.62
90058B,CRYSTAL STUD EARRINGS ASSORTED COL,0.47379310344827585,1082,509.08
20753,RETRO PINK SPOT WASHING UP GLOVES,2.6607142857142856,218,509.0
22135,LADLE LOVE HEART PINK,0.682251655629139,1096,508.75
20615,BLUE POLKADOT PASSPORT COVER,2.647663551401869,321,506.96
23043,PAPER LANTERN 9 POINT HOLLY STAR L,7.492,75,506.01
20654,FIRST CLASS LUGGAGE TAG,1.3760330578512396,398,505.41
35004S,SET OF 3 SILVER FLYING DUCKS,7.283333333333332,145,505.4
23527,WALL ART ANIMALS AND NATURE,4.163870967741936,153,504.59
37352,BIRD IN TREE MUG,1.10625,4643,504.55
22286,DECORATION WOBBLY RABBIT METAL,1.225820895522388,830,504.46
84877B,GREEN ROUND COMPACT MIRROR,2.682093023255814,291,504.43
22541,MINI JIGSAW LEAP FROG,0.5591044776119403,1245,503.92
84218,BOX/12 CHICK & EGG IN BASKET,2.0510204081632653,261,503.51
85169B,BLACK LOVE BIRD CANDLE,1.510851063829787,428,502.90999999999997
85142,JARDIN ETCHED GLASS GINGER JAR,9.403823529411765,57,502.58
20845,ZINC HEART LATTICE 2 WALL PLANTER,7.169583333333333,76,502.27
21117,BLOND DOLL DOORSTOP,1.912692307692308,328,502.08000000000004
79337,BLUE FLOCK GLASS CANDLEHOLDER,1.0266666666666666,1194,502.03
84804B,BLUE DELPHINIUM ARTIFICIAL FLOWER,2.5040000000000004,355,501.96999999999997
90010E,AMBER GLASS/SILVER BRACELET,8.912285714285714,56,501.65
23117,POPPY FIELDS CHOPPING BOARD,5.598888888888888,93,501.23
47591B,SCOTTIES DES CHILD'S APRON,1.706734693877551,300,500.83
23021,GLASS BONNE JAM JAR,4.441851851851852,120,500.82000000000005
20865,PATCHWORK PENCIL CASE BUTTERFLY,2.196060606060606,251,500.49
71143,SILVER BOOK MARK WITH BEADS,2.0165624999999996,332,500.34
84706D,CHERRY BLOSSOM TABLE CLOCK,4.771249999999999,219,500.19
16219,HOUSE SHAPE PENCIL SHARPENER,0.555703125,3357,499.55
21882,SKULLS TAPE,0.7752892561983471,1052,499.44
35471A,SET OF 3 BIRD L.BLUE FEATHER,1.6135294117647059,421,499.31
23560,SET OF 6 RIBBONS COUNTRY STYLE,3.543846153846154,172,499.18
84247L,FAWN AND MUSHROOM GREETING CARD,0.5278181818181817,1137,498.21
20864,DENIM PATCH PENCIL CASE BUTTERFLY,2.2,252,498.14
47592A,CAROUSEL DES CHILD'S OVERALL,1.8847297297297296,257,497.81
35600D,PINK AND WHITE CHRISTMAS TREE 180CM,7.084615384615384,141,497.7
85230A,OPIUM SCENTED VOTIVE CANDLE,0.2683333333333333,1992,497.03999999999996
21399,BLUE  SPOTTY  COFFEE MUG,2.5700000000000003,241,495.98
72800C,S/4 PINK DINNER CANDLE SILVER FLOCK,2.642333333333333,394,494.39
22031,BOTANICAL LAVENDER BIRTHDAY CARD,0.5171830985915493,1125,493.99
84798B,PURPLE FOXGLOVE ARTIIFCIAL FLOWER,2.125,326,492.9
16239,BALLERINA HEART DECORATION.,2.6557142857142857,347,492.17
90160B,RED BOUDICCA LARGE BRACELET,6.8420689655172415,71,490.92
84827,ASS DES PHONE SPONGE CRAFT STICKER,0.5545161290322581,1027,489.79
37482P,CUBIC MUG PINK POLKADOT,2.7157894736842105,549,489.6
21004,ROSE DU SUD CHILDS APRON,4.899811320754717,106,489.14
35967,FOLK ART METAL STAR T-LIGHT HOLDER,0.765625,936,488.51
84876B,GREEN HEART COMPACT MIRROR,2.4007317073170733,344,488.31
21663,VINTAGE GLASS SUGAR CADDY,7.245625,76,488.16
51020B,STRIPY DESIGN SHOWER CAP,0.962,1084,488.12
84970l,SINGLE HEART ZINC T-LIGHT HOLDER,2.0984615384615384,233,487.14
22892,SALT AND PEPPER SHAKERS TOADSTOOLS,1.3696666666666666,397,486.35
72800D,4 BLUE DINNER CANDLES SILVER FLOCK,2.8042,213,485.63
22897,OVEN MITT APPLE DESIGN,1.5732352941176468,343,485.0
22407,MONEY BOX FIRST ADE DESIGN,1.4015625,394,484.34000000000003
84875D,BLUE SQUARE COMPACT MIRROR,1.722972972972973,371,483.75
23218,LAUREL STAR ANTIQUE GOLD,1.57225,379,483.03
22259,FELT FARM ANIMAL HEN,1.297162162162162,590,482.95
22038,BOTANICAL LAVENDER GIFT WRAP,0.4182222222222222,1150,481.0
84984B,RED PEONY CUSHION COVER,3.9300000000000006,309,480.85
85227,SET/6 3D KIT CARDS FOR KIDS,1.1601960784313725,592,480.69
22346,PARTY PIZZA DISH GREEN POLKADOT,0.6523188405797101,1159,479.59999999999997
23169,CLASSIC GLASS SWEET JAR,4.092857142857143,119,479.45
16244A,MAXWELL 2 TONE PINK 60 PAGE PHOTO A,4.073571428571428,186,479.40999999999997
23422,PANTRY HOOK BALLOON WHISK,2.777872340425532,213,477.89
37492C,GREEN BLUE FLOWER PIGGY BANK,3.81,242,477.3
21620,S/4 ROSE    BOTANICAL  CANDLE,3.83425,127,477.12
21132,SILVER STANDING GNOME,5.723191489361702,93,476.61
72750C,"F.FAIRY S/3 CANDLE/GLASS, ROSE",2.75,232,476.4
23561,SET OF 6 RIBBONS PARTY,3.40875,170,476.0
72801G,S/4 BURGUNDY WINE DINNER CANDLES,1.4284615384615384,786,475.91999999999996
85170B,SET/6 BLACK BIRD T-LIGHT CANDLES,2.615689655172414,283,475.91
85109,PINK BOUDOIR T-LIGHT HOLDER,0.787,4211,475.43
84809A,WHITE CHRYSANTHEMUMS ART FLOWER,2.020952380952381,276,474.84
21507,ELEPHANT BIRTHDAY CARD,0.5482105263157895,1110,474.78000000000003
21536,DAIRY MAID  SMALL  MILK JUG,2.2688888888888887,221,474.74
85136B,BLUE SHARK HELICOPTER,8.020638297872342,59,473.77000000000004
22697,TEACUP AND SAUCER REGENCY GREEN,2.8576923076923078,174,472.5
40046A,RED DAISY PAPER LAMPSHADE,1.7974193548387096,355,472.07
22951,72 CAKE CASES DOLLY GIRL DESIGN,0.5448000000000001,943,471.84999999999997
84926E,FLOWERS TILE COASTER,0.7690384615384616,1081,471.57
85144,JARDIN ETCHED GLASS BUTTER DISH,7.191935483870967,68,471.4
20662,FIRST CLASS HOLIDAY PURSE,2.718571428571429,728,471.33
84901,BLACK FACE LAMB WITH PANTS,3.8594594594594596,123,471.13
gift_0001_20,Dotcomgiftshop Gift Voucher £20.00,16.807692307692307,28,471.06
23521,WALL ART CAT AND BIRD,4.424,143,469.73
21518,BANK ACCOUNT  GREETING  CARD,0.504862385321101,1107,469.28000000000003
90192,JADE DROP EARRINGS W FILIGREE,5.0220754716981135,94,469.18
22686,"FRENCH BLUE METAL DOOR SIGN, No",1.5912499999999998,356,468.94
72799B,PURPLE PILLAR CANDLE BLACK FLOCK,3.664375,322,467.71000000000004
85211,S/4 GROOVY CAT MAGNETS,2.055128205128205,306,467.4
35911A,MULTICOLOUR RABBIT EGG WARMER,1.5051546391752577,388,466.69
72225C,LAVENDER SCENT CAKE CANDLE,0.2689473684210526,1926,466.38
23379,PACK OF 12 RED APPLE TISSUES,0.5376623376623376,1220,465.36
51020A,SUMMER FUN DESIGN SHOWER CAP,0.8276,1303,463.31
23455,SMALL PARLOUR PICTURE FRAME,2.8782352941176472,165,462.45
90120C,GREEN MURANO TWIST BRACELET,4.241379310344827,109,462.32
84972L,GIANT PINK HEART MEMO HOLDER,3.95,117,462.15000000000003
72132,COLUMBIAN CUBE CANDLE,1.6935714285714287,549,462.15
72789,BASKET/8 SCENTED LOVE TOKEN CANDLES,3.837608695652174,122,461.53
85204,HANGING WOOD AND FELT FLOWER,0.3968789808917197,2353,460.9
90195B,BLACK GEMSTONE BRACELET,8.768846153846154,52,460.69
23691,WRAP KEEP CALM BIRTHDAY,0.4183333333333333,1125,460.5
84915,HAND TOWEL PINK FLOWER AND DAISY,4.340810810810811,234,459.56
84948,SILVER HANGING T-LIGHT HOLDER DOME,1.7905405405405406,273,459.21000000000004
22191,IVORY WALL CLOCK,7.65,60,459.0
22193,RED WALL CLOCK,7.65,60,459.0
47422,ASSORTED MONKEY SUCTION CUP HOOK,0.4140845070422535,1177,458.34000000000003
16207B,PINK HEART RED HANDBAG,2.654782608695652,265,457.65
22345,PARTY PIZZA DISH BLUE POLKADOT,0.657710843373494,1183,457.58
23045,PAPER LANTERN 5 POINT STAR MOON,4.564,108,456.48
90145,SILVER HOOP EARRINGS WITH FLOWER,6.132666666666667,75,455.86
84509A,ENGLISH ROSE PLACEMATS,4.470625,117,455.18
90201B,BLACK ENAMEL FLOWER RING,2.9568518518518516,154,454.31
21757,LIGHTHOUSE PRINTED METAL SIGN,6.3058139534883715,80,454.3
72586,"S/6 HALLOWEEN GHOST T LIGHTS, 5CM H",0.5444827586206896,1059,453.99
84508B,STRIPES DESIGN TEDDY,2.8228378378378376,169,453.76
22813,PACK 3 BOXES BIRD PANETTONE,3.4170967741935483,204,451.84
20621,ECONOMY PASSPORT COVER,2.3584848484848484,207,451.67
23548,WRAP MAGIC FOREST,0.42,1075,451.5
23509,MINI PLAYING CARDS FUN FAIR,0.4865151515151515,1062,451.46000000000004
90120B,BLUE MURANO TWIST BRACELET,4.192619047619048,107,451.44
82081,PINK HEARTS PHOTO ALBUM,5.259130434782609,174,451.35
84597C,RETRO PINK BALL ASHTRAY,1.4622727272727274,364,450.98
16012,FOOD/DRINK SPONGE STICKERS,0.21,2142,449.82
21393,BLUE POLKADOT PUDDING BOWL,1.788125,2565,449.26
20616,CHERRY BLOSSOM PASSPORT COVER,2.0985123966942147,283,449.26
16218,CARTOON  PENCIL SHARPENERS,0.4536734693877551,4629,448.13
90014A,SILVER/MOP ORBIT NECKLACE,10.20705882352941,44,447.21
17164D,ASS COL SMALL SAND FROG P'WEIGHT,0.41516129032258065,1150,447.0
72127,COLUMBIAN CANDLE ROUND,1.3138805970149254,366,445.94
79030D,"TUMBLER, BAROQUE",4.163333333333334,484,445.45
84857C,PINK MONTE CARLO HANDBAG,4.375294117647059,197,445.03
21529,RED RETROSPOT TOASTRACK,4.132448979591837,120,444.36
90010A,MIDNIGHT BLUE GLASS/SILVER BRACELET,9.071666666666665,49,443.84999999999997
72128,COLUMBIAN CANDLE ROUND,0.8893406593406593,714,442.23999999999995
62096B,PURPLE/TURQ FLOWERS HANDBAG,2.315542168674699,257,441.99
90198B,VINTAGE ROSE BEAD BRACELET BLACK,4.244693877551021,104,441.9
16243B,BROWN COZY SQUARE PHOTO ALBUM,5.49625,212,441.77
90154,LAZER CUT NECKLACE W PASTEL BEADS,8.707142857142857,59,439.65
16161M,WRAP  PINK FLOCK,0.41794871794871796,1050,439.0
79030A,"TUMBLER, ENGLISH ROSE",5.692424242424242,171,438.25
23023,RIDGED BONNE JAM JAR T-LIGHT HOLDER,1.7651999999999999,274,437.82
90013A,MIDNIGHT BLUE VINTAGE EARRINGS,3.788961038961039,115,434.27
22343,PARTY PIZZA DISH RED WHITE SPOT,1.1191176470588236,488,434.07
79071B,ENGLISH ROSE METAL WASTE BIN,3.1742424242424243,142,433.7
21027,NINJA RABBIT PINK,1.2543037974683544,355,433.61
84859B,BLUE DISCO HANDBAG,2.8922222222222222,282,433.46
84510F,SET OF 4 NEW ENGLAND COASTERS,1.4618421052631578,1099,432.75
84798A,PINK FOXGLOVE ARTIIFCIAL FLOWER,2.505,195,432.45
37464,ROBOT MUG IN DISPLAY BOX,1.7680722891566265,316,431.18
84858B,BLUE RIVIERA HANDBAG,2.816666666666667,326,431.0
23058,CHRISTMAS HANGING SNOWFLAKE,1.2252083333333335,490,430.86
72800C,4 PINK DINNER CANDLE SILVER FLOCK,2.6636,266,430.45
20851,ZINC HEART LATTICE TRAY OVAL,5.966206896551724,335,429.57
16045,POPART WOODEN PENCILS ASST,0.049600000000000005,9312,429.44
90013B,BLACK VINTAGE EARRINGS,4.186835443037975,104,428.92
84966B,BLUE KASHMIRI BOXED MIRROR,16.0,33,428.0
84422,PINK/BLUE DISC/MIRROR STRING,1.0126315789473683,782,427.95
84801A,PINK HYDRANGEA ART FLOWER,1.976,272,427.44
23457,LARGE PARLOUR PICTURE FRAME,5.135862068965517,85,427.03
23522,DOG AND BALL WALL ART,2.26,252,425.88
85230G,ORANGE VOTIVE CANDLE,0.2691304347826087,1680,425.76
20715,LITTLE FLOWER SHOPPER BAG,1.06,400,424.0
21028,NINJA RABBIT BLACK,1.6121739130434782,323,423.9
45016,DECORATIVE NET CANOPY LEOPARD,5.946923076923077,101,423.73
16207A,PINK STRAWBERRY HANDBAG,3.001578947368421,143,423.53
21678,PAISLEY PATTERN  STICKERS,0.97425,572,423.0
16008,SMALL FOLDING SCISSOR(POINTED EDGE),0.15623529411764706,3141,422.96
21729,SMALL MARAKESH METAL  LANTERN,4.051290322580646,124,422.9
22446,PIN CUSHION RUSSIAN DOLL PINK,3.868181818181818,121,422.45000000000005
22840,"CAKE TIN, ROUND, VINTAGE RED,CREAM",7.55,59,421.05
47579,TEA TIME BREAKFAST BASKET,2.5601785714285716,185,420.87
46126A,ELVIS WALLHANGING / CURTAIN,1.5891666666666666,317,419.99
84967C,GREEN KASHMIRI OCCASIONAL TABLE,67.4625,9,419.85
84770,ROUND GEORGIAN SILVER MIRROR,3.825,135,419.25
72780,BLACK SILOUETTE CANDLE PLATE,0.8411363636363636,514,418.18
22032,BOTANICAL LILY GREETING CARD,0.46522522522522525,980,418.12
72750A,FLOWER FAIRY SET OF 3 LILY CANDLES,2.45,206,417.7
84532B,FAIRY CAKES RECTANGLUAR BOXES,7.502903225806452,54,417.58
85097B,BLUE ROCKING SINGING CANARY,4.135365853658537,106,417.17
37482P,CUBIC MUG PINK POLKA DOT,6.839259259259259,118,416.71000000000004
35240,ENAMEL BLUE RIM OVAL TRAY SET/2,8.49,49,416.01
85014b,RED RETROSPOT UMBRELLA,12.555333333333333,33,414.82000000000005
84529C,YELLOW KNITTED KIDS RUCKSACK,5.033783783783784,78,414.74
84997b,RED 3 PIECE MINI DOTS CUTLERY SET,8.348571428571429,49,414.18
22395,PAPERWEIGHT VINTAGE PAISLEY,3.0911320754716978,234,413.76
84007,MAGIC GARDEN MOUNT FUJI,2.6815384615384614,157,413.12
85112,S/3 TEAR DROP CUT GLASS DECORATION,1.6549999999999998,465,412.77
23459,DOLLY CABINET 2 DRAWERS,12.5,33,412.5
20666,ECONOMY HOLIDAY PURSE,2.408478260869565,911,412.45
23415,HOME SWEET HOME HOOK,1.4517021276595745,328,412.18
21520,BOOZE & WOMEN GREETING CARD,0.5285185185185185,957,411.63
84884a,ANT WHITE WIRE HEART SPIRAL,8.37742857142857,49,410.89
20857,BLUE ROSE PATCH PURSE PINK BUTTERFL,1.65,249,410.85
21341,KASBAH LANTERN WITH GLASS,7.1865517241379315,72,410.64
90149,SILVER FLOWR PINK SHELL NECKLACE,7.371111111111111,62,410.26
84509B,FAIRY CAKE PLACEMATS,4.573571428571428,107,409.94
37444B,BLUE BREAKFAST CUP AND SAUCER,3.8150000000000004,2010,409.6
16169F,WRAP BLIZZARD,0.42,975,409.5
84595B,LARGE TRIFLE DESIGN L BLUE BOWL,3.09375,230,408.90000000000003
22786,PILLOWCUSHION COVER PINK UNION JACK,6.412727272727273,67,408.83000000000004
21252,SET OF MEADOW  FLOWER STICKERS,3.3613636363636363,168,408.66
22324,BAG FOR CHILDREN VINTAGE BLUE,4.25,96,408.0
22323,BAG FOR CHILDREN VINTAGE PINK,4.25,96,408.0
72803B,OCEAN SCENT CANDLE JEWELLED DRAWER,4.472105263157895,92,407.88
22776,"CAKESTAND, 3 TIER, LOVEHEART",9.328571428571427,46,405.5
84984A,GREEN PEONY CUSHION COVER,3.8000000000000003,255,403.75
82076,BEECH WOOD PHOTO FRAME,2.726842105263158,290,403.64
90206C,CRYSTAL DIAMANTE STAR BROOCH,5.043684210526316,80,402.61
84932B,SMALL PINK PEONY FOLDING STOOL,3.105882352941176,189,401.3
22134,MINI LADLE LOVE HEART RED,0.6414285714285715,865,401.18
23339,EGG FRYING PAN BLUE,2.511578947368421,173,400.84000000000003
23576,SNACK TRAY RED VINTAGE DOILY,2.4010526315789473,198,400.04
23429,RED RETRO KITCHEN WALL CLOCK,8.887391304347826,47,400.01
23039,T-LIGHT HOLDER SILVER HEART HANDLE,2.3906896551724137,199,399.71
85007,SET OF 3 VINTAGE TEA TIME BOXES,4.180454545454546,143,399.62
23466,TUSCAN VILLA DOVECOTE BIRD FEEDER,10.403478260869566,43,399.03
21698,MOCK LOBSTER FRIDGE MAGNET,1.2316964285714285,530,399.01
20889,JARDIN DE FEMME SCENTED CANDLE,2.3376923076923077,657,398.03999999999996
D,Discount,41.378,196,397.89
79191B,RETRO PLASTIC POLKA TRAY,1.0322857142857143,479,397.37
85167A,WHITE GRAND BAROQUE PHOTO FRAME,4.235714285714286,176,396.8
90180A,BLACK+WHITE NECKLACE W TASSEL,9.73,44,396.64
84804A,CREAM DELPHINIUM ARTIFICIAL FLOWER,2.7022222222222223,218,396.38
21025,SPACE FROG,1.520864197530864,300,396.12
90120A,PINK MURANO TWIST BRACELET,4.258536585365854,93,395.68
23484,HEART TRELLIS TRIPLE T-LIGHT HOLDER,3.8125806451612902,129,395.11
84726,LILLIES CANVAS PICTURE,2.17,233,394.85
84873A,FUNKY FLOWER PICNIC BAG FOR 4,13.243749999999999,32,394.15
21736,GOLD SCROLL GLASS T-LIGHT HOLDER,2.343571428571429,193,393.69
23661,MILK MAIDS MUG,2.2335294117647058,219,393.59000000000003
84952A,CLEAR LOVE BIRD T-LIGHT HOLDER,3.135897435897436,148,392.53
90201D,GREEN ENAMEL FLOWER RING,2.9396491228070176,133,391.37
84673B,BLUE FLY SWAT,0.9244776119402984,503,391.31
90124B,BLUE MURANO TWIST NECKLACE,10.054333333333334,39,391.18
84711A,SILVER OVAL SHAPE TRINKET BOX,9.000416666666666,42,390.95
23150,IVORY SWEETHEART SOAP DISH,2.9436734693877553,148,390.75
20661,BLUE POLKADOT PURSE,3.068490566037736,415,390.15999999999997
47562,ENGLISH ROSE IRONING BOARD COVER,3.75,104,390.0
84802B,PURPLE ANEMONE ARTIFICIAL FLOWER,1.5405882352941176,411,389.79
84081,WHITE CERAMIC PARTY SET (5PCS),5.212000000000001,100,389.3
16044,POP-ART FLUORESCENT PENS,0.3,6193,389.22
23337,EGG FRYING PAN MINT,2.287971014492754,180,388.75
84497,BUTTONS AND STRIPES NOTEBOOK,4.15102564102564,97,387.13
23103,BELL HEART DECORATION,1.6277777777777775,252,387.0
90158,ST TROPEZ NECKLACE,5.028888888888889,77,386.32
84292,ROSE PINK METAL FOLDING CHAIR,10.534285714285714,44,385.98
90070,RUBY GLASS CLUSTER BRACELET,6.216571428571429,63,385.15000000000003
22698,TEACUP AND SAUCER REGENCY PINK,2.816666666666667,144,384.0
22838,"CAKE TIN, 3 TIER RED/IVORY",14.399999999999999,28,383.4
84509c,SET OF 4 POLKADOT PLACEMATS,7.515,51,383.18
90201A,PURPLE ENAMEL FLOWER RING,2.9424074074074076,130,382.84
23116,VEGETABLE GARDEN CHOPPING BOARD,6.240909090909091,76,382.44
71053,WHITE MOROCCAN METAL LANTERN,6.704615384615384,69,381.55
90035B,"PEARL & SHELL 42""NECKL. PINK",10.185,43,380.89
72801E,S/4 FESTIVE GREEN DINNER CANDLES,1.231818181818182,718,380.84
90184A,AMBER CHUNKY BEAD BRACELET W STRAP,9.146799999999999,42,380.82
72750B,"F.FAIRY S/3 CANDLE/GLASS,LAVENDER",2.3944444444444444,193,380.35
20670,VIP HOLIDAY PURSE,2.8625000000000003,694,378.84999999999997
84533B,FAIRY CAKES ROUND NESTING BOXES,7.096666666666667,59,377.93
21243,PINK POLKADOT PLATE,2.1284,220,377.56
20976,12 PENCILS SMALL TUBE POSY,0.748421052631579,549,376.34
85033G,SET/6 GOLD REINDEER T-LIGHT CANDLES,2.742424242424242,236,376.05
16258A,SWIRLY CIRCULAR RUBBERS IN BAG,0.5233009708737864,1063,375.93
23396,LA JARDIN BOTANIQUE CUSHION COVER,5.007142857142857,87,375.53
23128,DOLLCRAFT BOY JEAN-PAUL,4.883333333333334,82,373.9
84680,CLASSICAL ROSE URN,7.06764705882353,94,372.3
84741C,CITRUS GARLAND FELT FLOWERS,2.125576923076923,185,372.14
84877D,BLUE ROUND COMPACT MIRROR,2.9727906976744185,160,371.84999999999997
84429A,MEDIUM PINK BUDDHA HEAD,4.005,109,371.78
16216,LETTER SHAPE PENCIL SHARPENER,0.21955056179775279,4158,371.64
22511,DOORSTOP RUSSIAN DOLL RETROSPOT,3.8375000000000004,101,371.1
90134,OLD ROSE COMBO BEAD NECKLACE,2.9409375,126,370.92
78033,FLAG OF ST GEORGE CHAIR,5.525,76,370.6
22559,SEASIDE FRISBEE,1.3807692307692307,308,370.54
79336,LIGHT PINK FLOCK GLASS CANDLEHOLDER,1.4557142857142857,840,369.78000000000003
20663,QUEEN OF THE SKIES HOLIDAY PURSE,2.5777272727272726,1074,369.40999999999997
20652,BLUE POLKADOT LUGGAGE TAG,1.553695652173913,280,369.39
90082B,DIAMANTE BOW BROOCH RED COLOUR,6.35,58,368.3
20906,VINTAGE NOTEBOOK BEAUTY GIRL,4.0925,101,368.24
85026B,EAU DE NILE JEWELLED T-LIGHT HOLDER,1.1020689655172413,300,367.55
47503G,ASS FLORAL PRINT TAPE MEASURE,1.5697222222222222,284,367.36
23575,SNACK TRAY PAISLEY PARK,2.5823529411764703,179,367.35
47504G,ENGLISH ROSE TAPE MEASURE,1.92859649122807,266,366.81
35915A,CREAM KNITTED HEN,1.27,288,365.76
90002D,FLOWER BURST SILVER RING CRYSTAL,3.7570588235294116,104,365.74
84926D,LA PALMIERA TILE COASTER,1.0852083333333333,773,365.35
79190A,RETRO PLASTIC 70'S TRAY,0.577983193277311,790,364.25
35968,FOLK ART METAL HEART T-LIGHT HOLDER,0.6993421052631579,761,363.34
90164B,WHITE  ROSEBUD PEARL BRACELET,6.648571428571429,67,362.94
90160A,PURPLE BOUDICCA LARGE BRACELET,6.98,52,362.51
85094,CANDY SPOT EGG WARMER RABBIT,0.8366666666666667,760,360.99
21880,RED AND WHITE SPOT TAPE,1.138732394366197,483,360.93
84760S,SMALL HANGING GLASS+ZINC LANTERN,1.9478378378378376,222,360.21
21946,PARTY TIME DESIGN FLANNEL,0.9995522388059701,625,358.96999999999997
84402D,PINK DRESS JEWELLERY STAND,2.2946153846153847,373,358.93
90036E,"FLOWER GLASS GARLD NECKL36""AMETHYST",7.991785714285714,45,358.87
23579,SNACK TRAY I LOVE LONDON,2.6265714285714283,169,358.75
84711B,PINK OVAL SHAPE TRINKET BOX,8.988,39,357.71
84997a,GREEN 3 PIECE MINI DOTS CUTLERY SET,8.006363636363638,43,357.41
84800M,MEDIUM WHITE/PINK ROSE ART FLOWER,1.5892592592592591,250,357.22
22555,PLASTERS IN TIN MR STRONG,1.6318181818181818,228,357.0
35912B,WHITE/PINK CHICK DECORATION,1.8506666666666667,288,355.58
21038,SET/4 MODERN VINTAGE COTTON NAPKINS,2.2201923076923076,166,355.48
20799,PINK MILKSHAKE GLASS,3.1257692307692304,200,355.33
72487,ROSES WHITE ROUND CANDLE,1.1528571428571428,827,355.05
90019A,SILVER M.O.P ORBIT BRACELET,5.2829411764705885,68,354.59000000000003
72801C,4 ROSE PINK DINNER CANDLES,1.3875,537,354.45
47310M,SMALL POP BOX FUNKY MONKEY,1.5590909090909089,258,353.97999999999996
90082A,DIAMANTE BOW BROOCH GREEN COLOUR,6.4799999999999995,55,353.71
90013C,GREEN VINTAGE EARRINGS,4.1125,88,353.55
20950,SET/6  ANGEL T-LIGHTS WHITE/GOLD,0.7546428571428571,687,353.39
22039,BOTANICAL LILY GIFT WRAP,0.41466666666666663,850,353.0
84898F,YELLOW FLOWERS FELT HANDBAG KIT,2.1796153846153845,165,352.75
46000R,POLYESTER FILLER PAD 45x30cm,1.45,243,352.34999999999997
84809B,PINK CHRYSANTHEMUMS ART FLOWER,1.7875,296,351.6
23420,PANTRY HOOK TEA STRAINER,2.33625,164,351.37
82001s,VINYL RECORD FRAME SILVER,7.482857142857143,47,351.09999999999997
90201C,RED ENAMEL FLOWER RING,2.9495652173913043,119,350.94
90161A,ANT COPPER RED BOUDICCA BRACELET,5.023953488372093,70,349.96
22268,DECORATION SITTING BUNNY,0.422,1480,349.53999999999996
23421,PANTRY HOOK SPATULA,2.5148484848484847,160,349.2
72750A,"F.FAIRY S/3 CANDLE/GLASS,LILY/VALLY",2.45,177,349.15000000000003
22029,SPACE BOY BIRTHDAY CARD,0.5092537313432836,823,349.12
82011B,BATHROOM SCALES RUBBER DUCKS,4.251041666666667,93,348.8
23044,PAPER LANTERN 9 POINT HOLLY STAR S,4.347142857142858,83,348.59000000000003
23057,GEMSTONE CHANDELIER T-LIGHT HOLDER,4.835714285714286,78,347.7
84249D,FAIRY CAKE GREETINGS CARD,0.4790625,823,347.3
84535A,ENGLISH ROSE NOTEBOOK A6 SIZE,0.8453846153846154,607,346.93
22257,FELT FARM ANIMAL SHEEP,1.2447457627118643,419,345.48
84801B,WHITE HYDRANGEA ART FLOWER,2.0194444444444444,214,345.0
90148,LONG SILVER NECKLACE PASTEL FLOWER,12.735,27,343.98
35004c,SET OF 3 COLOURED  FLYING DUCKS,12.731200000000001,27,343.72
84881,BLUE WIRE SPIRAL CANDLE HOLDER,6.8808333333333325,52,342.94
21306,SET/4 DAISY MIRROR MAGNETS,1.3966176470588234,681,342.8
20940,SET/6 GARDEN GNOME T-LIGHT CANDLES,3.475454545454546,118,342.75
90191,SILVER LARIAT 40CM,11.324761904761905,40,342.6
35833P,4 PINK FLOCK CHRISTMAS BALLS,2.33578125,185,342.17
72814,SET/3 CHRISTMAS BRIAR CANDLES,3.925217391304348,90,341.53
72811,SMALL ZINC/GLASS CANDLEHOLDER,1.4468181818181818,445,340.45
23523,WALL ART TREASURE AHOY,4.158399999999999,90,340.35
75149N,STRING CRYSTALS NATURAL,1.25,272,340.0
79303B,BLUE STAR BLOCK TABLE LAMP,4.752000000000001,109,339.57
84925A,WAKE UP COCKEREL WALL THERMOMETER,2.808235294117647,179,339.29
84576,BLUE CAT BISCUIT BARREL PINK HEART,4.8925,96,337.04
23127,DOLLCRAFT GIRL NICOLE,4.95,68,336.6
35914,PINK CHICK EGG WARMER + EGG CUP,1.637758620689655,243,336.58
17011F,ORIGAMI SANDLEWOOD INCENSE+FLOWER,2.12,385,336.2
20847,ZINC HEART LATTICE CHARGER LARGE,4.747407407407407,80,334.35
17109A,FLOWER FAIRY INCENSE LILY,1.1861538461538461,709,333.61
21402,RED  EGG  SPOON,0.3663815789473684,1698,333.42
90175C,BLUE GLASS CHUNKY CHARM BRACELET,9.04,37,332.95
20688,BEAUTY SPEED EXPRESSO CUPS,6.004545454545454,464,332.9
47583B,SET OF 3 WICKER BASKET TEA AND CAKE,21.958333333333332,27,332.6
21420,OYSTER TRINKET BOX,3.613125,120,332.16
35637C,PINK STRING CURTAIN WITH POLE,6.51,100,331.14
85024B,EAU DE NILE JEWELLED PHOTOFRAME,1.6404761904761902,218,330.90000000000003
84870C,GREEN GEISHA GIRL,3.4463414634146345,93,330.36
35921,EASTER BUNNY HANGING GARLAND,2.8282,183,330.32
90129B,TURQUOISE GLASS TASSLE BAG CHARM,2.0748387096774197,146,329.95
37467,PIG MUG IN TWO COLOUR DESIGNS,2.58890625,273,328.51
72739B,WHITE CHOCOLATE SCENT CANDLE,1.835357142857143,394,328.39
90014B,GOLD M PEARL  ORBIT NECKLACE,10.25153846153846,32,327.81
21722,SWEET PUDDING STICKER SHEET,1.1548101265822783,347,327.75
23236,DOILEY BISCUIT TIN,2.8592307692307695,120,327.59999999999997
84902,PINK KNITTED COW STUFFED TOY,3.930377358490566,84,326.33
84706A,ENGLISH ROSE TABLE CLOCK,7.339999999999999,137,325.88
21309,LOUVRE CHALKBOARD,9.16,49,325.6
22045,SPACE BOY GIFT WRAP,0.42,775,325.5
90209A,PURPLE ENAMEL+GLASS HAIR COMB,1.9949999999999999,173,325.5
23037,CANDLE HOLDER SILVER MADELINE,1.886,196,325.16
23478,WOODLAND LARGE PINK FELT HEART,1.5130769230769232,285,324.40000000000003
23521,CAT AND BIRD WALL ART,2.005,270,323.64
90175B,PINK GLASS CHUNKY CHARM BRACELET,8.966666666666667,36,322.85
84870B,BLUE GEISHA GIRL,3.658,90,322.61
90197B,BLACK GLASS BRACELET W HEART CHARMS,5.046666666666667,64,322.52
90178A,AMBER CHUNKY GLASS+BEAD NECKLACE,11.938571428571427,27,322.40999999999997
23205,CHARLOTTE BAG ALPHABET  DESIGN,0.838181818181818,400,320.5
72801G,4 BURGUNDY WINE DINNER CANDLES,1.3038461538461539,537,320.2
85131C,BEADED CRYSTAL HEART BLUE ON STICK,0.9393150684931506,439,320.15
85070,ANT WHITE SWEETHEART TABLE W 3 DRAW,106.66666666666667,3,320.0
22287,DECORATION WOBBLY CHICKEN,1.181111111111111,560,319.14
84795b,SUNSET CHECK HAMMOCK,16.712352941176473,19,317.71999999999997
85089,CANDY SPOT BUNNY,3.9010000000000002,99,317.54
85033S,SET/6 SILVER REINDEER T-LIGHTS,1.567,258,317.34999999999997
84933C,LARGE BLUE ORIENTAL FOLDING STOOL,4.716666666666667,136,317.0
90018A,SILVER M.O.P ORBIT DROP EARRINGS,4.218928571428572,75,316.99
17091B,JASMINE TEA INCENSE IN TIN,1.4219230769230768,276,316.98
21401,BLUE PUDDING SPOON,0.3197540983606557,1437,315.7
84509G,FAIRY CAKE PLACEMATS,4.586296296296296,82,315.55
85129B,BEADED CRYSTAL HEART GREEN SMALL,1.7257142857142858,233,315.11
84673A,PINK FLY SWAT,0.740990099009901,500,314.84
84933A,LARGE GREEN PEONY FOLDING STOOL,4.716666666666666,131,314.34999999999997
46000U,POLYESTER FILLER PAD 30CMx30CM,1.25,251,313.75
90000D,COPPER/OLIVE GREEN FLOWER NECKLACE,6.20764705882353,51,313.75
35638B,PINK/BLUE STRING CURTAIN,6.6036363636363635,118,313.28999999999996
37343,POLKADOT MUG PINK,2.0513333333333335,193,313.26
23695,DOILY THANK YOU CARD,0.5042105263157894,741,313.24
23130,MISELTOE HEART WREATH,4.07,80,312.8
84802A,WHITE ANEMONE ARTIFICIAL FLOWER,1.6900000000000002,185,312.65000000000003
84838,ANT WHITE HIGH RISE BIRD BOX,7.875,50,312.5
90016B,GOLD/M.O.P PENDANT ORBIT NECKLACE,8.433333333333334,37,312.14
84522,PINK PARTY SUNGLASSES,1.8596153846153847,186,311.86
84984C,ORIENTAL BLUE CUSHION COVER,4.2775,219,311.57
35979,SIX STRING SCANDINAVIAN HEART DECS,3.823571428571429,94,311.03
62095B,TURQOISE ICE CREAM SUNHAT,1.558095238095238,292,310.83
84623,PINK GINGHAM ROSE FLOOR CUSHION,8.072142857142858,56,310.44
84933B,LARGE PINK PEONY FOLDING STOOL,3.408333333333333,136,309.15
84661A,WHITE SQUARE TABLE CLOCK,2.9223255813953486,222,308.99
20795,LARGE BLUE PROVENCAL CERAMIC BALL,2.956896551724138,135,308.7
22844,VINTAGE DOG FOOD CONTAINER,8.61,36,308.64
77081,FLOWER WINDMILL,1.7766666666666666,242,308.38
21196,ROUND WHITE CONFETTI IN TUBE,1.9382608695652173,178,306.89
22453,MEASURING TAPE RUSSIAN DOLL BLUE,3.0557142857142856,103,306.81
84671B,CROCHET BEAR WITH BLUE STRIPES,3.185151515151515,109,306.77
23495,SET OF 3 PANTRY WOODEN SPOONS,1.7221951219512195,225,306.66
90173,PAIR BUTTERFLY HAIR CLIPS,3.7961538461538464,81,306.64
72130,COLUMBIAN CANDLE ROUND,0.6849152542372882,753,306.34999999999997
16254,TRANSPARENT ACRYLIC TAPE DISPENSER,1.2665853658536586,941,305.66
23131,MISELTOE HEART WREATH WHITE,4.050000000000001,78,304.5
20800,LARGE GLASS SUNDAE DISH CLEAR,3.618,1005,303.96
84219,BOX/12 MOTHER & CHICK IN BASKET/BOW,2.5967857142857143,137,303.86
72753D,S/3 FLWR FAIRY SUMMER CANDLES,2.1,144,302.4
90036D,"FLOWER GLASS GARLAND NECKL.36""BLACK",7.961875,38,302.29
84968e,SET OF 16 VINTAGE BLACK CUTLERY,25.195555555555554,12,302.16999999999996
85147,JARDIN ETCHED GLASS CANDLEHLDR LONG,4.95,61,301.95
23430,BLUE RETRO KITCHEN WALL CLOCK,8.621111111111112,36,301.88
35645,VINTAGE BEAD PINK JEWEL BOX,5.501764705882353,61,301.81
21321,GLASS CHALICE BLUE  LARGE,3.076111111111111,122,301.8
23522,WALL ART DOG AND BALL,3.883571428571429,102,301.56
90098,NECKLACE+BRACELET PINK BUTTERFLY,2.3189090909090906,137,301.28
90035C,"PEARL & SHELL 42""NECKL. IVORY",10.75,28,301.0
22852,ENAMEL DOG BOWL CREAM,4.206666666666667,76,300.48
84509E,SET OF 4 CAROUSEL PLACEMATS,4.032068965517242,157,300.3
23440,PAINT YOUR OWN EGGS IN CRATE,2.022,164,299.36
17001,HEAVENS SCENT FRAGRANCE OILS ASSTD,0.27956521739130435,1211,299.34999999999997
90124A,PINK MURANO TWIST NECKLACE,9.989,30,299.28
18096C,WHITE ROUND PORCELAIN TLIGHT HOLDER,3.4455,117,298.7
35981C,WHITE SNOW SCANDINAVIAN STOCKING,0.6566666666666667,589,297.62
84627,CANDY STRIPE ROSE C/COVER,5.95,50,297.5
84509C,SET OF 4 DOTTY PLACEMATS,5.061304347826087,70,297.48
84247N,PACK/12 BLUE FOLKART CARDS,2.3926415094339624,113,297.48
22135,MINI LADLE LOVE HEART PINK,0.6704216867469879,528,297.4
21157,RED RETROSPOT WASHBAG,3.3674999999999997,103,296.99
17012E,ORIGAMI OPIUM INCENSE/CANDLE SET,2.488965517241379,263,296.78999999999996
79190D,RETRO PLASTIC DAISY TRAY,0.5636607142857143,641,296.58
35920,FOUR RABBIT EASTER DECORATIONS,1.6679166666666667,1070,296.34
47471,RAINBOW PEGS PHOTO CLIP STRING,0.9604761904761905,428,295.72
DCGSSGIRL,GIRLS PARTY BAG,3.2317391304347827,92,295.63
79051A,SMOKEY GREY COLOUR D.O.F. GLASS,0.836046511627907,702,295.58
90129A,PINK GLASS TASSLE BAG CHARM,1.9371621621621622,151,295.38
20869,GOLD FABRIC MIRROR,0.9422222222222223,529,295.12
21697,SET 5 MINI DOUGHNUT FRIDGE MAGNET,1.4914285714285713,372,295.08000000000004
23126,DOLLCRAFT GIRL AMELIE KIT,4.8500000000000005,66,294.7
90185D,CRYSTAL DIAMANTE EXPANDABLE RING,4.252571428571429,69,293.33
84926A,WAKE UP COCKEREL TILE COASTER,0.9750980392156862,664,293.08
84482,BUTTONS DESIGN JEWELLERY BOX,4.106666666666667,75,293.02
72801F,S/4 FESTIVE RED DINNER CANDLES,1.25,234,292.5
90030B,RED KUKUI COCONUT SEED NECKLACE,4.014722222222222,139,292.08000000000004
37422,WHITE WITH BLACK CATS BOWL,1.3546575342465754,434,292.08
84800S,SMALL WHITE/PINK ROSE ART FLOWER,1.0989473684210527,388,292.03999999999996
22952,SET 72 CAKE CASES VINTAGE CHRISTMAS,0.5175000000000001,672,291.6
23567,EGG CUP HENRIETTA HEN PINK,1.823157894736842,211,291.58
21030,SPACE CADET RED,1.2030769230769232,239,290.9
84529A,PINK KNITTED KIDS RUCKSACK,6.563684210526316,50,290.78
20826,SILVER APERITIF GLASS,1.3478571428571429,355,290.72
16202A,PASTEL PINK PHOTO ALBUM,4.4852380952380955,662,290.45
21388,IVORY HANGING DECORATION  CHICKEN,0.9158620689655173,311,290.16999999999996
23410,CURIO CABINET LINEN AND LACE,8.027777777777779,36,290.1
84882,GREEN WIRE STANDING CANDLE HOLDER,4.704166666666667,66,289.43
85014a,BLACK/BLUE POLKADOT UMBRELLA,12.569473684210527,23,288.92
23015,CORDIAL GLASS JUG,8.742941176470588,34,288.88
20987,GEISHA GIRL CHOPSTICKS SET/5,3.0181818181818185,131,288.35
23047,PAPER LANTERN 5 POINT SEQUIN STAR,5.75,50,287.5
21144,PINK POODLE HANGING DECORATION,1.03672131147541,543,287.46999999999997
84997a,GREEN 3 PIECE POLKADOT CUTLERY SET,8.379999999999999,34,287.08
16212,FUNKY GIRLZ ASST MAGNETIC MEMO PAD,1.6778048780487806,366,287.01
20821,GOLDIE LOOKING MIRROR,7.882000000000001,42,286.42
37413,ICON MUG REVOLUTIONARY,0.4107228915662651,703,284.49
90185B,AMETHYST DIAMANTE EXPANDABLE RING,4.2385294117647065,67,284.43
84247E,PACK OF 12 CHRISTMAS FUN CARDS,2.632162162162162,106,283.79
82093,HEART SHAPE BUTTON FRAME,3.1478571428571427,139,283.49
20980,36 PENCILS TUBE POSY,1.4045762711864407,233,282.31
22546,MINI JIGSAW FIDO,0.42000000000000004,672,282.24
85049g,CHOCOLATE BOX RIBBONS,2.43,115,281.44
84977,WIRE FLOWER T-LIGHT HOLDER,1.3086363636363636,223,281.33
16052,TEATIME PUSH DOWN RUBBER,0.5685714285714285,848,281.32
23481,PEARLISED IVORY HEART SMALL,1.28125,228,281.17
90163A,PINK ROSEBUD & PEARL NECKLACE,7.605416666666667,37,280.71
47578A,ENGLISH ROSE SMALL SCENTED FLOWER,1.0512162162162162,307,279.88
84508C,BLUE CIRCLES DESIGN TEDDY,2.949302325581395,103,279.82
72739C,DARK CHOCOLATE SCENTCANDLE,1.6782608695652175,326,279.08
84625B,BLCK NEW BAROQUE CANDLESTICK CANDLE,2.3323529411764707,180,279.0
21412,VINTAGE GOLD TINSEL REEL,1.7285135135135135,275,279.0
90115,SUMMER BUTTERFLIES BAG CHARM,2.632166666666666,108,278.96
22954,HEN PARTY CORDON BARRIER TAPE,1.3906122448979592,226,278.89
84457,SET/3 RABBITS FLOWER SKIPPPING ROPE,1.1467692307692305,291,278.72999999999996
21367,MIRRORED WALL ART GENTS,2.5669999999999997,211,278.47999999999996
84926F,PSYCHEDELIC TILE COASTER,1.4188095238095237,484,277.9
23413,DECORATIVE VINTAGE COFFEE  BOX,6.240909090909091,52,277.0
44235,ASS COL CIRCLE MOBILE,0.4125,752,276.96000000000004
90146,FINE SILVER NECKLACE W PASTEL FLOWE,7.4495000000000005,41,276.49
22889,NUMBER TILE VINTAGE FONT No,3.6169444444444445,173,276.42
84966C,GREEN KASHMIRI BOXED MIRROR,12.0,23,276.0
DCGS0076,SUNJAR LED NIGHT NIGHT LIGHT,16.255,17,275.96
23137,ZINC WIRE SWEETHEART LETTER TRAY,3.9765217391304346,83,275.62
90085,CRYSTAL STILETTO PHONE CHARM,1.1817241379310344,311,275.53
21095,SET/6 POSIES PAPER PLATES,1.0065853658536585,295,274.57
84924F,PSYCHEDELIC METAL SIGN CALENDAR,2.952,975,274.55
21193,WHITE HONEYCOMB PAPER FAN,2.8434782608695657,111,274.37
75178,ASSTD COL BUTTERFLY/CRYSTAL W/CHIME,1.4991999999999999,497,273.93
90122A,PINK CRYSTAL+GLASS BRACELET,5.000967741935484,55,273.89
84927F,PSYCHEDELIC TILE HOOK,1.60390625,335,273.32
23141,TRIPLE WIRE HOOK PINK HEART,4.2404,79,272.91
84924D,LA PALMIERA METAL SIGN CALENDAR,3.7993333333333337,764,272.61
23203,JUMBO BAG VINTAGE DOILEY,2.3314285714285714,144,272.57
35096A,BLUE VICTORIAN FABRIC HEART BOX,0.6742,765,272.45
79303D,LILAC FLOWER BLOCK TABLE LAMP,4.860526315789474,78,272.45
84499,BLACK FLOWER CANDLE PLATE,1.238780487804878,326,272.16999999999996
90185C,BLACK DIAMANTE EXPANDABLE RING,4.24875,64,271.96
90032,IVORY SHELL HEART NECKLACE,6.118333333333333,48,271.88
90014C,SILVER/BLACK ORBIT NECKLACE,10.098888888888887,27,271.33
84192,ASSORTED COLOUR METAL CAT,1.2402564102564102,226,271.1
23474,WOODLAND SMALL BLUE FELT HEART,1.0405263157894737,312,270.96000000000004
21629,SQUARE FLOOR CUSHION VINTAGE PINK,14.652142857142858,19,270.47
47586A,PINK FAIRY CAKE CUSHION COVER,2.32,200,270.43
47351B,BLUE  VOILE LAMPSHADE,2.9214285714285717,98,269.9
85195,HANGING HEART BASKET,2.205294117647059,146,269.44
90122C,TURQUOISE CRYSTAL+GLASS BRACELET,5.009,54,269.1
72793,BLACK BOX MIRROR LANTERN,5.5600000000000005,55,268.75
20818,GOLD TEDDY BEAR,4.491666666666666,87,268.5
21372,MIRRORED WALL ART TABLE LAMP,2.5941176470588236,156,267.01
79030D,TUMBLER BAROQUE,0.9255000000000001,525,266.19
23489,"GARLAND, VINTAGE BELLS",2.89,92,265.88
47481,50CM METAL STRING WITH  7 CLIPS,1.1075,326,265.4
23476,WOODLAND LARGE RED FELT HEART,1.4700000000000002,205,264.72
21950,SET OF 6 DOTS CHOPSTICKS,2.3994444444444443,211,263.63
90157,RIVIERA NECKLACE,4.982916666666667,53,263.28000000000003
90129E,PURPLE GLASS TASSLE BAG CHARM,1.9168333333333334,129,263.14
84906,PINK B'FLY C/COVER W BOBBLES,6.373125,43,262.62
84806A,PINK CANDYSTUFT ARTIFICIAL FLOWER,1.135,319,261.90999999999997
23194,GYMKHANNA TREASURE BOOK BOX,2.189285714285714,120,261.84000000000003
21268,VINTAGE BLUE TINSEL REEL,1.2884615384615385,397,261.66
79328,BLUE FLOCK GLASS CANDLEHOLDER,1.4888235294117647,594,260.76
72799D,BLUE PILLAR CANDLE SILVER FLOCK,3.742105263157895,78,260.67
44234,ASSORTED CIRCULAR MOBILE,0.3788524590163934,1213,260.39
84597B,RETRO BROWN BALL ASHTRAY,1.612962962962963,205,259.37
85095,THREE CANVAS LUGGAGE TAGS,1.7959183673469388,174,259.09
23032,DOORKNOB CRACKED GLAZE IVORY,1.6099999999999999,174,258.3
84613C,BLUE NEW BAROQUE FLOCK CANDLESTICK,4.580000000000001,62,258.06
72801D,4 SKY BLUE DINNER CANDLES,1.446551724137931,381,257.93
90035A,"PEARL & SHELL 42""NECKL. GREEN",10.721874999999999,24,257.55
84520b,PACK 20 ENGLISH ROSE PAPER NAPKINS,2.085,110,257.4
85179C,PINK BITTY LIGHT CHAIN,3.185,116,257.15
84371,BIG PINK POODLE,17.375,30,257.1
90040B,MURANO STYLE GLASS BRACELET BLACK,3.6669444444444443,71,255.97
22870,NUMBER TILE COTTAGE GARDEN 2,3.2436363636363637,98,254.56
17038,PORCELAIN BUDAH INCENSE HOLDER,0.4290909090909091,2559,254.51
10123C,HEARTS WRAPPING TAPE,0.7906349206349207,650,254.41
22869,NUMBER TILE COTTAGE GARDEN 1,3.1365217391304347,100,253.94
84461,12 PINK HEN+CHICKS IN BASKET,2.60775,99,253.79
gift_0001_50,Dotcomgiftshop Gift Voucher £50.00,42.265,6,253.59
21493,VINTAGE DESIGN GIFT TAGS,1.0483333333333333,272,252.45
79338,DARK PINK FLOCK GLASS CANDLEHOLDER,1.4692307692307693,553,252.29
21032,SPACE CADET WHITE,1.4007999999999998,203,252.16
21370,MIRRORED WALL ART FOXY,7.356363636363636,54,251.97
90208,PAIR OF ENAMEL FLOWER CLUSTER SLIDE,2.5366666666666666,105,251.59
23149,ANTIQUE IVORY WIRE BOWL SMALL,2.7252380952380952,99,251.45
DCGSSBOY,BOYS PARTY BAG,3.2261904761904763,77,251.35
90081C,LILY BROOCH OLIVE COLOUR,5.032500000000001,50,250.47
90073,VINTAGE ENAMEL & CRYSTAL EARRINGS,5.029411764705882,50,250.34
20836,FRENCH PAISLEY CUSHION COVER,1.1209090909090909,224,250.0
21460,GREEN EASTER EGG HUNT START POST,2.3655555555555554,113,249.64999999999998
90170,DAISY HAIR BAND,1.6715068493150684,150,249.58
90087,CRYSTAL SEA HORSE PHONE CHARM,1.381320754716981,311,249.55999999999997
22984,"CARD, GINGHAM ROSE",0.46446808510638293,596,249.44
22812,PACK 3 BOXES CHRISTMAS PANETTONE,3.3125,76,248.48
84030c,KNITTED RAINBOW HOT WATER BOTTLE,7.718461538461539,32,248.0
22328,"ROUND SNACK BOXES ,SET 4, FRUITS",2.95,84,247.8
23168,CLASSIC SUGAR DISPENSER,1.1975,216,247.32
84621,BLUE GINGHAM ROSE FLOOR CUSHION,9.064,29,247.26
90036C,"FLOWER GLASS GARLAND NECKL.36""BLUE",7.975333333333334,31,246.83
82011A,"BATHROOM SCALES, TROPICAL BEACH",4.359705882352941,59,246.58
47503H,ASS FLORAL PRINT SPIRIT LEVEL,1.9179365079365078,160,246.12
46307,ROSES BLUE BASE CUSHION COVER,5.2645454545454555,51,246.03
22175,PINK OWL DECORATION,2.55,96,244.8
22176,BLUE OWL DECORATION,2.55,96,244.8
90028,NEW BAROQUE LARGE NECKLACE BLK/WHIT,8.43625,29,244.79
84993B,75 BLACK PETIT FOUR CASES,0.4597674418604651,551,243.66
90096,NECKLACE+BRACELET SET BLUE BLOSSOM,2.4723529411764704,104,243.60999999999999
90129C,GREEN GLASS TASSLE BAG CHARM,2.1127450980392157,107,243.38
90119,METALIC LEAVES BAG CHARMS,2.5385714285714283,97,243.07
90081A,LILY BROOCH AMETHYST COLOUR,4.960416666666667,49,242.8
90196A,PURPLE GEMSTONE NECKLACE 45CM,12.75,19,242.25
23475,WOODLAND SMALL PINK FELT HEART,0.959032258064516,286,242.18
35818P,"ACRYLIC JEWEL ICICLE, PINK",0.9732,559,242.15
90196B,BLACK GEMSTONE NECKLACE 45CM,12.730714285714285,19,241.98
16156L,"WRAP, CAROUSEL",0.42,575,241.5
23143,ZINC WIRE KITCHEN ORGANISER,9.929375,30,239.97
84984D,ORIENTAL RED CUSHION COVER,3.97,132,239.8
23324,RUSTIC STRAWBERRY JAMPOT LARGE,2.0416666666666665,120,238.56
23028,DOORKNOB CRACKED GLAZE BLUE,1.5833333333333333,162,238.5
22447,PIN CUSHION RUSSIAN DOLL BLUE,3.7960869565217394,68,238.06
84629,WHITE 3 FRAME BIRDS AND TREE,12.796153846153846,24,237.8
82553,POP'S GREASY SPOON METAL SIGN,2.5773809523809526,114,237.73000000000002
22882,NUMBER TILE VINTAGE FONT 3,2.966326530612245,118,237.72
84510C,SET OF 4 POLKADOT COASTERS,1.7508196721311475,152,237.59
90133,TEAL/FUSCHIA COL BEAD NECKLACE,5.055833333333333,47,236.46
44217M,MULTICOLOUR FEATHERS CURTAIN,3.616666666666667,72,236.39999999999998
20891,LARGE GLASS ROSE SCENTED CANDLE,8.126666666666667,684,236.33
82585,SWEET VALENCIA CANDLE+CUP,1.8791836734693876,164,235.9
90210D,PURPLE ACRYLIC FACETED BANGLE,2.4991304347826087,142,235.73
23580,SNACK TRAY HAPPY FOREST,2.2116,116,234.92
20855,PINK PATCH PURSE BLUE HEART,1.65,142,234.3
84796a,PINK HAWAIIAN PICNIC HAMPER FOR 2,8.370999999999999,28,234.28
84660c,PINK STITCHED WALL CLOCK,7.551428571428572,31,233.98
20736,PINK MINI TAPE MEASURE,0.8431578947368421,290,233.5
84247K,"FOLK ART GREETING CARD,pack/12",3.2764285714285717,75,233.48
90185A,AMBER DIAMANTE EXPANDABLE RING,4.233076923076923,55,233.29
37483,ENGLISH ROSE MUG IN GIFT BOX,2.46,143,232.89
84797b,BLUE SAVANNAH PICNIC HAMPER FOR 4,11.083157894736841,21,232.62
23036,T-LIGHT HOLDER SILVER PETIT FOUR,1.325625,184,232.42000000000002
16256B,FLOWER PENCIL/RUBBER+5 MINI PENCILS,0.5841666666666667,524,232.35
35991,SET/6 BLACK SNOWFLAKE T-LIGHTS,0.8748214285714286,402,232.08
90210B,CLEAR ACRYLIC FACETED BANGLE,2.705833333333333,102,232.04
23447,PINK BUNNY EASTER EGG BASKET,1.5999999999999999,158,231.9
22878,NUMBER TILE COTTAGE GARDEN No,3.4802500000000003,83,231.54
90181B,AMETHYST GLASS/SHELL/PEARL NECKLACE,9.255,25,231.27
16202C,BEIGE PHOTO ALBUM,3.9766666666666666,97,230.59
21226,POCKET MIRROR WOODLAND,1.073157894736842,213,230.55
22842,"BISCUIT TIN, RED,IVORY, VINTAGE",6.521428571428571,37,230.55
90164A,PINK ROSEBUD PEARL BRACELET,6.93,40,230.39
23446,BLUE BUNNY EASTER EGG BASKET,1.5833333333333333,157,230.25
37508,NEW ENGLAND CERAMIC CAKE SERVER,2.60695652173913,89,229.57
72781,BLACK SILOUETTE CANDLE PLATE,2.0453333333333332,121,229.5
90122B,JADE CRYSTAL+GLASS BRACELET,4.999615384615385,46,228.99
21639,ASSORTED TUTTI FRUTTI KEYRING,0.9633333333333333,259,228.64999999999998
90199B,5 STRAND GLASS NECKLACE AMETHYST,6.350322580645161,36,228.61
90090,PINK CRYSTAL HEART PHONE CHARM,1.0168,263,227.72
35809B,ENAMEL BLUE RIM TEA CONTAINER,2.5727272727272728,104,227.54
71028B,SILVER BLUE EGG T-LIGHT HOLDER,1.8407692307692307,494,227.48
21395,BLUE SPOTTY BEAKER,2.2447826086956524,112,227.44
84705C,PINK FLOCK PHOTO FRAME,3.92875,162,227.33
22899,CHILDRENS APRON DOLLY GIRL,2.2241176470588235,107,226.81
72750D,F.FAIRY S/3 CANDLE/GLASS,2.6772727272727272,110,226.5
23003,TRAVEL CARD WALLET VINTAGE ROSE,0.41888888888888887,542,226.2
90003D,CRYSTAL PAIR HEART HAIR SLIDES,3.7734375,60,226.17
90155,RESIN NECKLACE W PASTEL BEADS,7.555238095238095,30,226.16
84966A,PINK KASHMIRI BOXED MIRROR,25.4875,13,225.95
90116,FRUIT SALAD BAG CHARM,2.3252380952380953,106,225.51999999999998
21369,MIRRORED WALL ART SPLODGES,2.914090909090909,133,225.36
TEST001,This is a test product.,4.5,50,225.0
84927E,FLOWERS TILE HOOK,2.0863333333333336,494,224.31
35597B,BLACKCHRISTMAS TREE 30CM,1.5514285714285714,78,224.1
90125D,PURPLE BERTIE GLASS BEAD BAG CHARM,2.7491666666666665,136,223.73999999999998
72812,LARGE ZINC GLASS CANDLEHOLDER,3.4099999999999997,78,223.23
17084P,DRAGONS BLOOD INCENSE,0.34428571428571425,990,222.75
47591A,CAROUSEL DES CHILD'S APRON,1.654310344827586,134,221.57
17011C,ORIGAMI LAVENDER INCENSE+FLOWER,2.475,335,221.4
21102,"CANDLE IN JAR COLLAGE , VANILLA",3.0614999999999997,82,221.08
16258B,DAISY ERASERS IN BAG,0.36,1016,221.06
17013B,ORIGAMI JASMINE INCENSE IN TUBE,1.7066666666666668,256,221.03
72807b,SET/3 OCEAN SCENT CANDLE JEWEL BOX,8.488947368421051,26,220.94
35833G,4 GOLD FLOCK CHRISTMAS BALLS,1.657058823529412,134,220.66
62086A,PINK RETRO BIG FLOWER BAG,1.95,113,220.35
90124C,GREEN MURANO TWIST NECKLACE,10.031875,22,220.20999999999998
72225D,VANILLA SCENT CAKE CANDLE,0.26818181818181813,962,219.46
85168A,WHITE BAROQUE CARRIAGE CLOCK,9.95,22,218.89999999999998
90058A,CRYSTAL STUD EARRINGS CLEAR DISPLAY,0.38,576,218.88
48173c,DOOR MAT BLACK FLOCK,13.666666666666666,16,218.58
84509C,DOTTY PLACEMATS,4.6061538461538465,58,218.29
22845,VINTAGE CAT FOOD CONTAINER,6.462000000000001,34,218.14000000000001
72801d,4 SKY BLUE DINNER CANDLES,2.4698039215686274,88,217.32999999999998
22588,CARDHOLDER GINGHAM HEART,2.325,102,216.9
90005A,JADE GREEN ENAMEL HAIR COMB,2.0808771929824563,106,216.87
84725,FREESTYLE CANVAS ART PICTURE,2.1155172413793104,134,216.5
35793,S/3 PUPPIES CHRISTMAS DECORATIONS,3.776875,108,216.33
23360,SET 8 CANDLES VINTAGE DOILEY,1.907142857142857,122,216.29999999999998
37492A,YELLOW RED FLOWER PIGGY BANK,4.274545454545454,108,216.07
84807,RED POPPY ARTIFICIAL FLOWER,1.5414285714285714,233,215.93
90036A,FLOWER GARLAND NECKLACE RED,8.005500000000001,27,215.76000000000002
21543,BUTTERFLY WATER TRANSFER TATTOOS,1.1958333333333333,284,215.0
22834,MINI HAND WARMER BABUSHKA DESIGN,2.05,108,214.8
84690,S/2 BEACH HUT STOOLS,7.95,27,214.65
48179,DOOR MAT SWEET HOME,9.736363636363636,34,214.47
90123A,PINK HEART OF GLASS BRACELET,5.943157894736842,36,214.07
51012C,"FEATHER DUSTER, COAL BLACK",1.25,171,213.75
90214A,"LETTER ""A"" BLING KEY RING",1.054423076923077,213,213.65
90019C,SILVER BLACK ORBIT BRACELET,5.3561764705882355,40,213.38
16201A,PASTEL PINK PHOTO ALBUM,3.7744444444444443,101,213.37
21400,RED PUDDING SPOON,0.3,1078,213.07
22880,NUMBER TILE VINTAGE FONT 1,3.212222222222222,103,212.91
84805A,CREAM CLIMBING HYDRANGA ART FLOWER,2.7625,147,212.85
85039a,SET/4 RED MINI ROSE CANDLE IN BOWL,3.318636363636364,64,212.45
84313A,PINK TV TRAY TABLE,6.26,38,212.42
84247C,PACK/12 BLUE REINDEER CARD,2.95,72,212.4
90024B,NEW BAROQUE B'FLY NECKLACE RED,8.488181818181818,25,212.24
35817P,"ACRYLIC JEWEL SNOWFLAKE,PINK",1.7159999999999997,408,212.14
47593B,SCOTTIES DESIGN BABY BIB,1.0496226415094339,194,212.06
21368,MIRRORED WALL ART LADIES,1.8668085106382977,201,212.04
84927D,LA PALMIERA TILE HOOK,1.762857142857143,953,211.29
20827,GOLD APERITIF GLASS,1.63375,173,209.36
20814,SILVER FINCH DECORATION,1.2061538461538461,189,208.89
84706F,RED PEONY TABLE CLOCK,5.616666666666666,34,208.29999999999998
47574B,ENGLISH ROSE SCENTED HANGING HEART,4.25,49,208.25
90211B,JET BLACK LAS VEGAS NECKLACE 45CM,5.948846153846154,35,208.21
90056,CHUNKY CRACKED GLAZE NECKLACE IVORY,11.013571428571428,19,207.94
90016A,SILVER/M.O.P PENDANT ORBIT NECKLACE,8.21,29,207.86
37485,ENGLISH ROSE TEA SET IN GIFT BOX,4.5975,49,207.69
90210A,GREY ACRYLIC FACETED BANGLE,2.6804761904761905,88,207.34
90040A,MURANO STYLE GLASS BRACELET RED,4.013823529411765,53,207.05
47343A,FUSCHIA FLOWER PURSE WITH BEADS,1.1875,200,206.26
17014D,ORIGAMI ROSE INCENSE CONES,1.7966666666666664,479,204.36
35962,SET/12 ZINC CHRISTMAS DECORATIONS,2.2241176470588235,94,203.73
90186A,AMETHYST HOOP EARRING FLORAL LEAF,2.952058823529412,69,203.73
35824B,"HANGING FLOWERS+MIRROR,BLUE",0.8133333333333334,528,203.24
20890,SMALL GLASS ROSE SCENTED CANDLE,2.9925,605,202.62
22872,NUMBER TILE COTTAGE GARDEN 4,3.195945945945946,80,202.1
22881,NUMBER TILE VINTAGE FONT 2,3.179142857142857,104,201.45999999999998
84723,CHERRY BLOSSOM CANVAS ART PICTURE,5.95,54,201.3
72754A,FLOWER FAIRY POTPOURRI CUSHION LILY,1.066,292,201.24
20672,PINK TEATIME PRINT BOWL,1.75,138,201.0
22884,NUMBER TILE VINTAGE FONT 5,3.026842105263158,102,199.9
90144,SILVER DROP EARRINGS WITH FLOWER,3.7712121212121215,53,199.45
79403,FROSTED WHITE BASE,1.1430555555555555,216,199.01999999999998
90000A,RASPBERRY ANT COPPER FLOWER NECKLAC,6.049047619047619,33,198.98000000000002
84797a,PINK HAWAIIAN PICNIC HAMPER FOR 4,11.048235294117646,18,198.84
22330,72 ROUND PINK DOILIES,1.87,128,197.89999999999998
84855,BLOKEY SILVER TOOL SET,5.875,36,196.70000000000002
47504F,ENGLISH ROSE TORCH,1.6721428571428572,527,196.46
22849,"BREAD BIN, DINER STYLE, MINT",15.45,13,196.35
22883,NUMBER TILE VINTAGE FONT 4,3.322121212121212,101,195.69
90029,NEW BAROQUE SMALL NECKLACE BLACK,8.47,23,195.14
84985B,SET OF 72 BLACK PAPER DOILIES,1.77625,128,194.95999999999998
22326,"ROUND SNACK BOXES ,SET4, WOODLAND",2.9500000000000006,66,194.70000000000002
23697,A PRETTY THANK YOU CARD,0.5208333333333334,456,194.58
22289,HANGING METAL CHICKEN DECORATION,1.4934285714285713,148,193.52
21582,KINGS CHOICE SMALL TUBE MATCHES,1.65,117,193.05
22885,NUMBER TILE VINTAGE FONT 6,3.027647058823529,104,192.89999999999998
35819B,"ACRYLIC HANGING JEWEL,BLUE",0.712,385,192.3
90036F,"FLOWER GLASS GARLD NECKL36""TURQUOIS",8.041333333333334,24,192.17000000000002
84899F,YELLOW PURPLE DAISY FELT PURSE KIT,1.899811320754717,121,192.17
90003C,MIDNIGHT BLUE PAIR HEART HAIR SLIDE,3.758857142857143,51,191.54
90178B,PURPLE CHUNKY GLASS+BEAD NECKLACE,11.969090909090909,16,191.41
72051S,BAG OF SILVER STONES,0.6721818181818182,300,190.89
22841,"CAKE TIN, ROUND, VINTAGE MINT,IVORY",7.45,27,190.65
37506,NEW ENGLAND MILK JUG W GIFT BOX,5.950000000000001,32,190.4
84255B,ORANGE COCKTAIL GLASS LAMP,4.4911111111111115,65,190.16
84926C,FAIRY CAKES TILE COASTER,1.7590322580645161,138,189.6
23229,DONKEY TAIL GAME,3.66,54,189.54000000000002
84803A,PINK ALLIUM  ARTIFICIAL FLOWER,1.69,112,189.28
85128,PLANTPOT SINGLE HOOK PISTACHIO,2.4125,167,188.95000000000002
84744,S/6 SEW ON CROCHET FLOWERS,1.3263636363636362,149,188.77
84706B,FAIRY CAKES TABLE CLOCK,10.03111111111111,20,188.73
90159,COTE D'AZURE NECKLACE,4.974,38,188.58
72801D,S/4 SKY BLUE DINNER CANDLES,1.454375,172,188.24
22510,DOORSTOP RUSSIAN DOLL GINGHAM,4.579285714285715,44,188.22
90130B,TURQ STONE/CRYSTAL EARRINGS,2.9373469387755105,64,188.09
20837,FRENCH FLORAL CUSHION COVER,1.1844444444444444,165,188.07000000000002
90094,NECKLACE+BRACELET SET FRUIT SALAD,2.5356410256410253,74,187.62
85114b,IVORY ENCHANTED FOREST PLACEMAT,3.3194736842105264,56,186.76
90210C,RED   ACRYLIC FACETED BANGLE,2.4185714285714286,118,186.56
84893,ANT WHITE IRON BASKET,5.883333333333334,33,186.35000000000002
84452,METAL RABBIT LADDER EASTER,1.1748888888888889,198,186.16
16053,POPART COL BALLPOINT PEN ASST,0.174,4313,185.73
84510a,SET OF 4 ENGLISH ROSE COASTERS,2.477241379310345,75,185.7
84877A,PINK ROUND COMPACT MIRROR,3.401764705882353,74,185.66
85114a,BLACK ENCHANTED FOREST PLACEMAT,3.3105882352941176,56,185.64
20968,GREEN FLORAL FELTCRAFT SHOULDER BAG,4.749499999999999,43,185.11
23436,GIFT BAG LARGE VINTAGE CHRISTMAS,1.25,148,185.0
35911B,PINK/FLOWER RABBIT EGG WARMER,1.50125,159,184.76
23416,CHAMBRE HOOK,1.7564,132,184.68
20957,PORCELAIN HANGING BELL SMALL,1.5773333333333333,126,184.61
35838A,S/6 MULTICOLOUR ORNAMENETAL CANDLE,1.175,180,184.4
84029D,LEOPARD PRINT HOT WATER BOTTLE,4.223333333333334,51,183.98
90125A,PINK BERTIE GLASS BEAD BAG CHARM,2.0233333333333334,149,183.97
90129F,RED GLASS TASSLE BAG CHARM,2.1609756097560973,81,183.26
21530,DAIRY MAID CERAMIC TOASTRACK,3.4005,59,183.06
90086,CRYSTAL FROG PHONE CHARM,1.4219565217391303,216,182.79
21018,BIRD BOX CHRISTMAS TREE DECORATION,0.8877272727272728,213,182.71
17090A,LAVENDER INCENSE 40 CONES IN TIN,1.2038461538461538,173,182.65
20796,SMALL BLUE PROVENCAL CERAMIC BALL,2.3495454545454546,99,182.16
22344,PARTY PIZZA DISH PINK RETROSPOT,1.01875,185,181.54999999999998
37379B,BLUE CHERRY BLOSSOM CUP & SAUCER,0.8833333333333333,1122,181.5
22545,MINI JIGSAW BUNNIES AT HOME,0.42,432,181.44
90214S,"LETTER ""S"" BLING KEY RING",1.036279069767442,184,181.34
79144B,PAINTED LIGHTBULB STAR+ MOON,0.6481521739130435,350,181.03
90065A,WHITE VINTAGE CRYSTAL BRACELET,7.0600000000000005,26,180.46
16043,POP ART PUSH DOWN RUBBER,0.31846153846153846,2145,180.3
22871,NUMBER TILE COTTAGE GARDEN 3,3.36,71,180.19
79144C,PAINTED LIGHTBULB RAINBOW DESIGN,0.7314432989690722,306,180.14
35818B,"ACRYLIC JEWEL ICICLE, BLUE",1.1527272727272726,408,180.05
22384,LUNCHBAG PINK RETROSPOT,1.772142857142857,108,179.91
47347B,BLUE FLOWER T-LIGHT HOLDER,1.64,240,179.88
90180B,PURPLE AMETHYST NECKLACE W TASSEL,10.005714285714285,18,179.88
84962,SET/3 COLOUR PAINTED KASHMIRI STOOL,59.95,3,179.85000000000002
84661C,PINK SQUARE TABLE CLOCK,2.8407999999999998,150,179.75
21310,CAPIZ CHANDELIER,29.95,6,179.7
17011A,ORIGAMI VANILLA INCENSE+FLOWER,2.7708333333333335,261,179.56
84464,S/60 PINK FLUFFY CHICKS IN BOX,2.4954545454545456,82,179.1
85123A,CREAM HANGING HEART T-LIGHT HOLDER,3.536666666666667,61,178.51
90063A,WHITE VINT ART DECO CRYSTAL NECKLAC,8.49846153846154,21,178.48
22345,PARTY PIZZA DISH BLUE RETROSPOT,0.9657142857142856,206,178.34
23126,DOLLCRAFT GIRL AMELIE,4.95,36,178.2
90013D,PURPLE VINTAGE EARRINGS,3.998823529411765,46,178.11
90000B,MIDNIGHT BLUE COPPER FLOWER NECKLAC,6.135714285714285,29,177.29000000000002
72801C,S/4 ROSE PINK DINNER CANDLES,1.3485714285714285,171,176.91
22839,"CAKE TIN, 3 TIER MINT/IVORY",14.399999999999999,13,176.75
21031,SPACE CADET BLACK,1.294102564102564,144,176.7
90072,RUBY DROP CHANDELIER EARRINGS,4.110666666666667,44,176.31
82607C,GLASS BONBON JAR. SUPERFINES,1.901627906976744,115,175.60999999999999
84564,6 SEGMENT COLOURED SNACK BOWL,8.725454545454546,21,175.48000000000002
84967A,PINK KASHMIRI OCCASIONAL TABLE,58.300000000000004,3,174.9
75011,BLUE DAISY MOBILE,1.3900000000000001,181,172.51
90123D,WHITE HEART OF GLASS BRACELET,5.938571428571429,29,172.39
84951B,S/4 BLACK LOVEBIRD COASTERS,2.1678571428571427,88,171.61
85185C,COW  SOCK PUPPET,2.95,58,171.1
21461,BLUE EASTER EGG HUNT START POST,2.336086956521739,82,171.04
84706C,PINK FLOCK TABLE CLOCK,3.6999999999999997,84,170.8
90063B,BLACK VINT ART DEC CRYSTAL NECKLACE,8.512142857142857,20,170.17000000000002
17014A,ORIGAMI VANILLA INCENSE CONES,1.66,276,170.13
85040a,S/4 PINK FLOWER CANDLES IN BOWL,3.3249999999999997,51,169.75
47570b,TEA TIME TABLE CLOTH,21.175,8,169.4
47593A,CAROUSEL DESIGN BABY BIB,0.9556603773584905,164,169.4
84531A,PINK KNITTED EGG COSY,1.294468085106383,191,169.35999999999999
90166,PINK & WHITE ROSEBUD RING,4.216451612903226,40,168.94
90019B,GOLD M.O.P ORBIT BRACELET,5.3149999999999995,32,168.62
90204,PAIR OF ENAMEL BUTTERFLY HAIRCLIP,3.373513513513514,50,168.46
85205A,IVORY FELT EASTER RABBIT GARLAND,2.55,66,168.3
90186B,CRYSTAL HOOP EARRING FLORAL LEAF,2.95,57,168.26
21087,SET/6 POSIES PAPER CUPS,0.7493939393939394,260,168.08
35916C,PINK FELT HANGING HEART W FLOWER,1.220952380952381,157,167.55
37491C,GREEN/BLUE CERAMIC CANDLE HOLDER,2.163,58,167.52
82587,TEXRIO TOMATOES CANDLE+CUP,1.4558536585365853,128,166.78
90211A,DIAMOND LAS VEGAS NECKLACE 45CM,5.955714285714286,28,166.57000000000002
84231,EASTER BUNNY WITH BASKET ON BACK,0.8629411764705882,230,166.21
90060F,FIRE POLISHED GLASS NECKL GREEN,5.924444444444444,28,166.14000000000001
84951A,S/4 PISTACHIO LOVEBIRD COASTERS,1.9474999999999998,106,166.1
gift_0001_40,Dotcomgiftshop Gift Voucher £40.00,33.218,5,166.09
90214L,"LETTER ""L"" BLING KEY RING",1.0161764705882352,176,166.06
90003B,ROSE COLOUR PAIR HEART HAIR SLIDES,3.7780769230769233,44,165.81
21394,RED SPOTTY BEAKER,1.95,85,165.75
10123G,ARMY CAMO WRAPPING TAPE,0.8205882352941177,2251,165.55999999999997
90093,CLEAR CRYSTAL STAR PHONE CHARM,1.0844,209,165.34
84984D,ORIENTAL RED C/COVER,7.966363636363636,27,165.11
23694,PAISLEY PARK CARD,0.5885365853658536,376,165.08
90018B,GOLD M.O.P ORBIT DROP EARRINGS,4.22,39,164.62
84531B,BLUE KNITTED EGG COSY,1.1726190476190477,194,164.01
84510C,SET OF 4 POLKADOTS COASTERS,1.56325,122,164.0
85024C,PINK SMALL JEWELLED PHOTOFRAME,1.65,99,163.35
85232b,SET/3 RUSSIAN DOLL STACKING TINS,10.185714285714285,16,162.94
22874,NUMBER TILE COTTAGE GARDEN 6,2.844074074074074,70,162.82
16202E,BLACK PHOTO ALBUM,3.395,82,162.73
90039D,FIRE POLISHED GLASS BRACELET GREEN,3.79625,43,162.66
90214C,"LETTER ""C"" BLING KEY RING",1.0227536231884058,165,162.53
90162B,ANT SILVER LIME GREEN BOUDICCA RING,2.95,55,162.25
20693,FLORAL DINOSAUR GREEN,5.207777777777778,33,161.89000000000001
90190C,SILVER/AMETHYST DROP EARRINGS LEAF,2.9380555555555556,55,161.82
90129D,AMBER GLASS TASSLE BAG CHARM,2.151764705882353,67,161.57
90214J,"LETTER ""J"" BLING KEY RING",1.054318181818182,157,161.47
90042A,FRESHWATER PEARL BRACELET GOLD,2.554242424242424,63,160.79
90123C,GREEN HEART OF GLASS BRACELET,5.958333333333333,27,160.75
21353,SILVER SLEIGHBELL  WREATH,8.994444444444445,19,160.45
84599,CANDY STRIPE ROSE FLOOR CUSHION,12.04,15,160.15
37479P,CUBIC MUG FLOCK PINK ON BROWN,2.251714285714286,170,160.08
23305,SET 4 PICNIC CUTLERY BLUEBERRY,1.9500000000000002,82,159.9
23545,WRAP RED DOILEY,0.42,380,159.6
22645,CERAMIC HEART CAKE MONEY BANK,1.41,120,159.6
37379A,PINK CHERRY BLOSSOM CUP & SAUCER,7.996874999999999,41,159.2
16054,POPART RECT PENCIL SHARPENER ASST,0.17384615384615382,1210,159.0
85166A,WHITE METAL BAROQUE PHOTO FRAME,4.676666666666667,77,158.9
90048,GREEN WITH METAL BAG CHARM,5.63,31,158.89000000000001
22864,MUG AND COASTER SET RED CIRCLES,0.42,378,158.76
90214K,"LETTER ""K"" BLING KEY RING",1.1232530120481927,154,158.4
16012,FOOD/DRINK SPUNGE STICKERS,0.20749999999999996,759,158.19
48175,DOOR MAT CAMOUFLAGE,5.02,39,158.04
22853,ENAMEL CAT BOWL CREAM,3.15,52,157.8
84927A,WAKE UP COCKEREL TILE HOOK,2.222727272727273,226,157.61
21489,BLUE WHITE SCARF HOT WATER BOTTLE,5.964285714285714,28,157.6
16156L,WRAP CAROUSEL,0.42,375,157.5
23417,BATHROOM HOOK,1.5964285714285713,146,157.5
90059A,DIAMANTE HAIR GRIP PACK/2 CRYSTAL,1.6727083333333332,94,156.98
22868,NUMBER TILE COTTAGE GARDEN 0,3.046666666666667,67,156.97
22886,NUMBER TILE VINTAGE FONT 7,2.9442857142857144,90,156.8
23468,TUSCAN VILLA BIRD TABLE,8.25,19,156.75
72140E,BEST DAD CANDLE LETTERS,0.8927586206896552,218,156.72
17178,FLAT PALM T-LIGHT HOLDER,1.234,133,156.65
46138B,BLUE CHENILLE SHAGGY CUSHION COVER,2.678,71,156.29
84914A,PINK ROSE PICNIC RUG,25.95,6,155.7
90183A,AMBER DROP EARRINGS W LONG BEADS,2.9306451612903226,53,155.65
20664,TROPICAL HOLIDAY PURSE,2.712903225806452,57,155.41
22875,NUMBER TILE COTTAGE GARDEN 7,2.8411111111111107,66,154.94
72351a,SET/6 TURQUOISE BUTTERFLY T-LIGHTS,4.184285714285714,37,154.89
90065B,BLACK VINT ART DEC CRYSTAL BRACELET,7.0025,22,154.87
90123B,TURQUOISE HEART OF GLASS BRACELET,5.94923076923077,26,154.69
22587,"FELTCRAFT HAIRBAND, S/2, RED/BLUE",0.8283333333333333,204,154.68
23496,PANTRY KITCHEN THERMOMETER,1.562258064516129,112,154.52
22877,NUMBER TILE COTTAGE GARDEN 9,2.61695652173913,69,154.32999999999998
23196,RETRO LEAVES MAGNETIC NOTEPAD,1.5376190476190477,105,154.08999999999997
37342,SPOTTY COFFEE CUP & SAUCER,4.660000000000001,40,153.78
47369B,BLUE GREEN EMBROIDERY COSMETIC BAG,3.187241379310345,54,153.18
47518F,ICON PLACEMAT POP ART ELVIS,0.4135294117647059,903,153.14
79192A,RETRO PLASTIC 70'S TRAY,1.4317142857142857,114,152.64
84622,PINK GINGHAM ROSE CUSHION COVER,7.699999999999999,23,152.6
23484,HEART TRELLISTRIPLE T-LIGHT HOLDER,2.81,56,152.24
22873,NUMBER TILE COTTAGE GARDEN 5,2.9678571428571425,63,151.35
90030C,BROWN KUKUI COCONUT SEED NECKLACE,3.4718750000000003,87,151.3
22536,MAGIC DRAWING SLATE FIDO,0.42,360,151.2
20952,PORCELAIN CHERUB BELL SMALL,0.6812499999999999,329,150.72
84989a,75 GREEN FAIRY CAKE CASES,2.020243902439024,74,150.57
79161A,ST GEORGE SET OF 10 PARTY LIGHTS,2.95,51,150.45
17107D,FLOWER FAIRY 5 DRAWER LINERS,2.55,59,150.45
90042C,FRESHWATER PEARL BRACELET IVORY,2.5430769230769235,59,150.21
84228,HEN HOUSE W CHICK STANDING,0.6430232558139535,340,150.19
23256,KIDS CUTLERY SPACEBOY,4.15,36,149.4
23254,KIDS CUTLERY DOLLY GIRL,4.15,36,149.4
17108D,FLOWER FAIRY SUMMER BOUQUET SACHET,0.42,355,149.1
90040D,MURANO STYLE GLASS BRACELET PINK,3.7148000000000003,41,148.87
23465,TUSCAN VILLA BIRD FEEDER,9.181111111111111,17,148.63
71496A,A4 WALL TIDY BLUE OFFICE,1.0505882352941176,244,148.01000000000002
35980C,REDWHITE STRIPE SCANDINAVIAN HEART,0.4555172413793103,377,147.64
84720,DOT MATRIX CANVAS ART PICTURE,6.883333333333333,35,147.05
90040C,MURANO STYLE GLASS BRACELET GOLD,3.643809523809524,41,146.75
84527,FLAMES SUNGLASSES PINK LENSES,2.1160869565217393,77,146.10999999999999
23292,SPACE BOY CHILDRENS CUP,1.4183333333333332,131,145.76
90016C,SILVER/BLACK PENDANT ORBIT NECKLACE,8.47,17,144.07
35610B,BLACK CHRISTMAS FLOCK DROPLET,1.1314285714285715,179,144.07
79191D,RETRO PLASTIC DAISY TRAY,1.2092857142857143,138,143.87
90036B,"FLOWER GLASS GARLAND NECKL.36""GREEN",7.95,18,143.1
22876,NUMBER TILE COTTAGE GARDEN 8,3.0033333333333334,62,143.02
22887,NUMBER TILE VINTAGE FONT 8,2.9840740740740737,84,143.0
10120,DOGGY RUBBER,0.24013698630136987,664,142.74
84874B,BLUE TRAVEL FIRST AID KIT,1.6462162162162162,86,141.76
90202D,PINK ENAMEL FLOWER HAIR TIE,2.94375,48,141.49
72740A,LARGE STRAWBERRY CHOCOLATE CANDLE,3.8616666666666664,65,141.23
47590b,PINK HAPPY BIRTHDAY BUNTING,10.812999999999999,13,140.5
47369A,PINK GREEN EMBROIDERY COSMETIC BAG,3.0524,48,140.4
84617,NEW BAROQUE BLACK BOXES,12.75,11,140.25
84765,SILVER ROCOCO CANDELABRA,16.996666666666666,9,140.23
90212B,JET BLACK LAS VEGAS BRACELET ROUND,3.7971428571428567,37,140.07
78026,SEAGRASS S/3 SQU LAUNDRY BOX,19.975,12,139.95
90214M,"LETTER ""M"" BLING KEY RING",1.09015625,138,139.82
23306,SET OF 36 PANTRY PAPER DOILIES,2.3147058823529414,67,139.78
22869,"NUMBER TILE COTTAGE GARDEN, 1",2.7718181818181815,67,139.69
23091,METAL HERB GERDEN CONTAINER,6.078,24,139.68
90022,EDWARDIAN DROP EARRINGS JET BLACK,3.77875,37,139.67
47592A,CAROUSEL CHILDRENS OVERALL,1.7251851851851852,74,139.56
90199A,5 STRAND GLASS NECKLACE BLACK,6.3374999999999995,22,139.5
23463,VINTAGE ZINC WATERING CAN,11.206249999999999,13,139.39999999999998
90199D,5 STRAND GLASS NECKLACE AMBER,6.3237499999999995,22,139.28
90214E,"LETTER ""E"" BLING KEY RING",1.0738805970149254,142,139.28
22195,HEART MEASURING SPOONS LARGE,1.65,84,138.6
23304,SET 4 PICNIC CUTLERY CHERRY,1.9500000000000002,71,138.45
72754B,F FAIRY POTPOURRI CUSHIONS LAVENDER,1.17,170,137.54
35816P,"ACRYLIC JEWEL ANGEL,PINK",1.1433333333333333,297,137.43
90156,RESIN BRACELET W PASTEL BEADS,5.922857142857143,25,137.37
47593A,CAROUSEL PONIES BABY BIB,0.9230434782608696,139,137.27
84549,CROCHET WHITE RABBIT KEYRING,2.368125,75,137.27
84709A,SILVER OVAL JEWELLED MIRROR,5.95,23,136.85
S,SAMPLES,45.61666666666667,3,136.85
37330,BIG POLKADOT MUG,2.3299999999999996,80,136.76
35824P,"HANGING FLOWERS+MIRROR,PINK",0.75,324,136.44
90151,SILVER/NATURAL SHELL NECKLACE,8.518888888888888,16,136.17000000000002
90024E,NEW BAROQUE B'FLY NECKLACE MONTANA,8.498181818181818,16,135.98
21004,ROSE DU SUD CHILDRENS APRON,4.482222222222223,31,135.93
90194,SILVER LARIAT BLACK STONE EARRINGS,4.242380952380953,32,135.84
90038A,GLASS AND PAINTED BEADS BRACELET TO,3.786363636363636,36,135.8
90177D,DROP DIAMANTE EARRINGS PURPLE,2.9524,46,135.76
17011D,ORIGAMI ROSE INCENSE+FLOWER,1.8375,209,135.7
77079,DOLPHIN WINDMILL,2.12,64,135.68
90208,PAIR OF PINK FLOWER CLUSTER SLIDE,2.498684210526316,54,135.24
85132a,CHARLIE + LOLA BISCUITS TINS,13.513,10,135.13
90002A,FLOWER BURST SILVER RING OPAL,3.75,36,135.0
72134,COLUMBIAN  CUBE CANDLE,0.8983333333333333,339,134.85
16020C,CLEAR STATIONERY BOX SET,0.843,160,134.5
35015,JACOBS LADDER SMALL,0.09128205128205129,2072,134.08
22241,"GARLAND , WOODEN  "" HAPPY EASTER""",1.49,105,133.89
84555A,YELLOW VW BEETLE CERAMIC MONEY BOX,2.926470588235294,47,133.85
35609A,PINK FEATHER CHRISTMAS DECORATION,0.8216666666666667,447,133.23
46137D,GREEN CHENILLE SHAGGY RUG,2.95,45,132.75
90190B,GOLD/AMBER DROP EARRINGS W LEAF,2.938,45,132.57999999999998
90137,PINK COMBO MINI CRYSTALS NECKLACE,5.204666666666667,26,132.52
23066,SMALL JEWELLERY STAND,8.25,16,132.0
23081,GREEN METAL BOX TOP SECRET,8.25,16,132.0
45013,FOLDING SHOE TIDY,2.9000000000000004,48,132.0
90023,FILIGREE DIAMANTE EARRINGS,4.24952380952381,31,131.74
90165B,WHITE ROSEBUD  PEARL EARRINGS,2.5237142857142856,52,131.65
35933,PINK STOCKING CHRISTMAS DECORATION,0.6982142857142858,319,131.38
90101,WHITE FRANGIPANI NECKLACE,2.5248275862068965,52,131.16
84656,WHITE ROSE C/COVER,5.950000000000001,22,130.9
22888,NUMBER TILE VINTAGE FONT 9,3.058695652173913,79,130.82999999999998
16119,FUNKY GIRL ADDRESS BOOK,1.0325,273,130.71
84925E,FLOWERS WALL THERMOMETER,2.2666666666666666,75,130.05
20899,VINTAGE NOTEBOOK RED ROSE,2.95,44,129.8
90099,NECKLACE+BRACELET SET BLUE HIBISCUS,3.2527999999999997,42,129.69
90190A,SILVER/CRYSTAL DROP EARRINGS W LEAF,2.944516129032258,44,129.59
10080,GROOVY CACTUS INFLATABLE,0.505,315,129.29
85160a,WHITE BIRD GARDEN DESIGN MUG,16.13,8,129.04
84858A,NATURAL RIVIERA HANDBAG,6.135,53,128.83
90181A,AMBER GLASS/SHELL/PEARL NECKLACE,9.188571428571427,14,128.64
22848,"BREAD BIN, DINER STYLE, PINK",16.28333333333333,8,127.6
84251G,"GREETING CARD, OVERCROWDED POOL.",0.45175824175824175,472,127.55999999999999
90024D,NEW BAROQUE B'FLY NECKLACE PINK,8.5,15,127.5
84782B,BLACK 3 TIER GLASS PLATE STAND,12.75,10,127.5
85014a,BLACK/BLUE DOTS RUFFLED UMBRELLA,12.72,10,127.2
85018C,S/6 PAPER BOXES CURIOUS IMAGES,4.035,36,127.2
16168S,FUNKY MONKEY GIFT BAG SMALL,0.31363636363636366,1283,126.83
23303,SET 4 PICNIC CUTLERY FONDANT,1.95,65,126.75
84559D,3D SHEET OF SEA WORLD STICKERS,0.9067741935483871,147,126.71
23020,GLASS SONGBIRD STORAGE JAR,12.049999999999999,11,126.7
84367,LA STREGA CANVAS PICTURE,2.175,74,126.30000000000001
82607E,GLASS BONBON JAR. D'AMANDES,1.25,101,126.25
gift_0001_10,Dotcomgiftshop Gift Voucher £10.00,8.42,15,126.21
90174,BUTTERFLY HAIR BAND,2.5178125,50,126.12
90108,BLUE BLOSSOM HAIR CLIP,1.591904761904762,109,125.83
23578,SNACK TRAY RED GINGHAM,2.417142857142857,60,125.72
90138,WHITE/PINK MINI CRYSTALS NECKLACE,5.319411764705883,24,125.64
47592B,SCOTTIES DESIGN CHILD'S OVERALL,1.9271428571428573,64,125.6
84968a,SET OF 16 VINTAGE ROSE CUTLERY,25.136666666666667,5,125.32999999999998
84558a,3D DOG PICTURE PLAYING CARDS,5.952105263157895,21,125.17
23065,LARGE JEWELLERY STAND,12.5,10,125.0
84614A,PINK BAROQUE FLOCK CANDLE HOLDER,7.726000000000001,17,124.83
90002C,FLOWER BURST SILVER RING MIDN'T BLU,3.783157894736842,33,124.38
90162C,ANT SILVER FUSCHIA BOUDICCA RING,2.95,42,123.9
85185B,PINK HORSE SOCK PUPPET KIT,2.95,42,123.9
22359,"GLASS JAR, KINGS CHOICE SOAP",2.95,42,123.9
90168,2 DAISIES HAIR COMB,2.9425000000000003,42,123.75999999999999
17191A,ROSE FLOWER CANDLE+INCENSE 16X16CM,3.75,33,123.75
20816,GOLD FLOWER CUSHION COVER,5.378571428571428,24,123.6
22850,BREAD BIN DINER STYLE BLACK,15.95,8,123.6
23477,WOODLAND LARGE BLUE FELT HEART,1.7153846153846155,92,123.47
23454,SET OF 3 MINI HANGING PORTRAITS,3.95,32,123.2
23457,LARGE PARLOUR FRAME,4.725,27,122.85
72133,COLUMBIAN CANDLE RECTANGLE,1.3336363636363635,109,122.63
22832,SWEETHEART WIRE WALL TIDY,10.483333333333333,12,122.6
21228,"POCKET MIRROR ""GLAMOROUS""",1.29125,97,122.57
85190,PINK FLOWER HANGING HEART,1.153529411764706,138,122.46
79308B,MOSAIC CANDLE DISH BLUE PURPLE,0.85,144,122.4
90205C,LARGE CRYSTAL DIAMANTE HAIRSLIDE,1.6591666666666667,78,122.31
44242B,PINK FEATHERS CURTAIN,1.1477777777777778,109,121.53
79532,MOSAIC GLASS BALL CANDLEHOLDER,1.25,97,121.25
84199,GLOW IN DARK DOLPHINS,0.22138888888888889,554,121.08
22536,MAGIC SLATE FIDO,0.42,288,120.96000000000001
22535,MAGIC SLATE BUNNIES AT HOME,0.42,288,120.96000000000001
22534,MAGIC SLATE SPACEBOY,0.42,288,120.96000000000001
90003E,GREEN PAIR HEART HAIR SLIDES,3.766818181818182,32,120.31
23467,VINTAGE ZINC PLANTER,4.366363636363636,32,120.08
84509F,NEW ENGLAND PLACEMATS,3.75,32,120.0
23438,GIFT BAG LARGE SPOT,1.25,96,120.0
23209,LUNCH BAG VINTAGE DOILEY,2.146,71,119.63
84886,BLUE METAL WALL SHELF,9.95,12,119.39999999999999
84288B,SET/2 BLUE  NOODLE BASKETS,1.95,61,118.95
23359,SET OF 12 T-LIGHTS VINTAGE DOILEY,1.95,61,118.94999999999999
23280,FOLDING MIRROR HOT PINK,0.808,156,118.92000000000002
22972,CHILDRENS SPACEBOY MUG,1.65,72,118.80000000000001
90018C,SILVER BLACK ORBIT DROP EARRINGS,4.226000000000001,28,118.51
35607A,PINK FLUFFY CHRISTMAS DECORATION,0.33129032258064517,554,118.42999999999999
20887,BOX OF 6 PEBBLE CANDLES,5.615,18,118.39
90139,FLOWER BROOCH 4 ASSORTED COLOURS,5.152222222222223,23,118.24000000000001
84510E,SET OF 4 GREEN CAROUSEL COASTERS,1.8128571428571427,148,117.77
22877,"NUMBER TILE COTTAGE GARDEN, 9",2.402,59,117.30999999999999
35824C,"HANGING FLOWERS+MIRROR,CLEAR",0.935,235,117.05
22879,NUMBER TILE VINTAGE FONT 0,3.023,74,117.04
23244,STORAGE TIN VINTAGE LEAF,1.95,60,117.0
72038P,PRICE'S CANDLE PEACH,0.15222222222222223,1050,116.5
16206B,RED PURSE WITH PINK HEART,1.23125,96,116.4
84751B,BLACK MEDIUM GLASS CAKE STAND,3.0100000000000002,38,115.86
20896,VINTAGE NOTEBOOK PINK FLOWER,2.95,39,115.05
20848,ZINC HEART LATTICE CHARGER SMALL,2.9500000000000006,39,115.05
84462,3 PINK HEN+CHICKS IN BASKET,1.3264285714285715,100,114.86
23185,FRENCH STYLE STORAGE JAR JAM,0.3516129032258064,317,114.85
20698,LITTLE PINK MONSTER SOFT TOY,2.509090909090909,47,114.44999999999999
23151,ZINC SWEETHEART SOAP DISH,2.2395238095238095,61,114.33000000000001
84509c,SET OF 4 DOTTY PLACEMATS,7.620000000000001,15,114.3
90049,IVORY GOLD METAL BAG CHARM,7.489999999999999,20,114.24
23535,WALL ART BICYCLE SAFTEY,5.75,21,114.15
90030A,SPOTTED WHITE NATURAL SEED NECKLACE,2.496,79,113.76
84510c,SET OF 4 POLKADOT COASTERS,2.4734615384615384,46,113.75999999999999
22875,"NUMBER TILE COTTAGE GARDEN, 7",2.703333333333333,57,113.41
22870,"NUMBER TILE COTTAGE GARDEN, 2",2.703333333333333,57,113.40999999999998
22868,"NUMBER TILE COTTAGE GARDEN, 0",2.703333333333333,57,113.40999999999998
84705B,FAIRY CAKES PHOTO FRAME,4.006666666666667,84,113.27
84249A,"GREETING CARD,SQUARE, DOUGHNUTS",0.6129411764705882,252,113.22
90179C,BLACK FINE BEAD NECKLACE W TASSEL,5.933125,19,112.78
21089,SET/6 GREEN SPRING PAPER CUPS,0.49725,323,112.53999999999999
44236,PINK/PURPLE CIRCLE CURTAIN,2.868461538461539,64,112.32000000000001
71510,SQUARE METAL CANDLEHOLDER BASE,0.7935294117647059,177,112.05
35916A,YELLOW FELT HANGING HEART W FLOWER,1.0156818181818181,129,112.03999999999999
71495B,CD WALL TIDY RED FLOWERS,0.5449999999999999,294,111.57000000000001
35966,FOLKART CHRISTMAS TREE T-LIGHT HOLD,0.6815384615384615,255,111.33999999999999
10138,ASSORTED COLOUR JUMBO PEN,0.4776190476190476,261,111.22
22873,"NUMBER TILE COTTAGE GARDEN, 5",1.95,57,111.14999999999999
84493,BLUE/PINK NEST STRIPE BOX,1.5619999999999998,1142,111.12
90103,PURPLE FRANGIPANI NECKLACE,2.521333333333333,44,110.85
82069,BEECH WOOD P/FRAME,6.275454545454545,17,109.85
22872,"NUMBER TILE COTTAGE GARDEN, 4",1.95,56,109.19999999999999
22876,"NUMBER TILE COTTAGE GARDEN, 8",1.95,56,109.19999999999999
22871,"NUMBER TILE COTTAGE GARDEN, 3",1.95,56,109.19999999999999
22874,"NUMBER TILE COTTAGE GARDEN, 6",1.95,56,109.19999999999999
85185F,LION SOCK PUPPET,2.95,37,109.15
84247H,PACK/12 DECOUPAGE CARD,2.317,42,109.13
90177C,DROP DIAMANTE EARRINGS CRYSTAL,2.9458333333333333,37,109.03
90071,RUBY GLASS CLUSTER EARRINGS,1.253013698630137,87,108.99
20667,CHERRY BLOSSOM PURSE,2.6437500000000003,40,108.69
90104,PURPLE FRANGIPANI HAIRCLIP,0.8342,129,108.11
23041,PAPER LANTERN 6 POINT SNOW STAR,4.15,26,107.9
72753C,S/3 FLWR FAIRY ROSE CANDLES,4.021666666666667,43,107.68
90118,PINK DAISY BAG CHARM,2.576206896551724,42,107.39
35840,FLAT GLASS  BAUBLE WHITE FLOCK,3.7590909090909093,45,107.13
23626,SET 10 CARDS DINKY TREE 17076,2.49,43,107.07
23455,SMALL PARLOUR FRAME,2.6900000000000004,42,106.98
90059D,DIAMANTE HAIR GRIP PACK/2 PERIDOT,1.67575,64,106.74
84562B,BLUE/WHITE RIBBED MELAMINE JUG,10.530000000000001,10,106.59
48103,DOORMAT KISS MY.......,6.035,22,106.58
35096B,RED VICTORIAN FABRIC HEART BOX,0.46759999999999996,293,106.49000000000001
90165A,PINK ROSEBUD PEARL EARRINGS,2.524074074074074,42,106.49
22445,PENCIL CASE GINGHAM FOREST,2.95,36,106.2
84867A,PINK BABY GIRLS PHOTO ALBUM,8.355,16,105.82000000000001
90051,CRACKED GLAZE NECKLACE RED,7.0590909090909095,15,105.72
35610A,PINK CHRISTMAS FLOCK DROPLET,1.5366666666666664,143,105.43
84458,S/3 RABBIT FLOWER/EGG/CARROT ROPE,0.85,124,105.39999999999999
22433,WATERING CAN PINK BUNNY,1.95,54,105.3
17090D,VANILLA INCENSE 40 CONES IN TIN,1.2366666666666668,88,105.2
16169D,WRAP WINTER FOREST,0.42,250,105.0
23574,PACKING CHARGE,7.5,14,105.0
90141A,GREEN PENDANT TRIPLE SHELL NECKLACE,5.300000000000001,20,104.95
90079,VINTAGE ENAMEL & CRYSTAL NECKLACE,5.006153846153846,21,104.77
21118,SHOPPING BAG DOORSTOP,2.5357142857142856,69,104.25
21337,SILVER WASHBAG,3.465,33,103.53
72801c,4 ROSE PINK DINNER CANDLES,2.4619230769230773,42,103.47
35910A,MULTICOLOUR EASTER RABBIT,1.9499999999999997,53,103.35
84679,CLASSICAL ROSE TABLE LAMP,8.95,14,103.3
35594,WOODEN CHRISTMAS TREE 3 HANGING,0.9984615384615384,165,103.06
84613A,PINK NEW BAROQUE FLOCK CANDLESTICK,4.65,22,102.3
84968e,S/16 VINTAGE BLACK CUTLERY,25.49,4,101.96
90125C,TURQUOISE BERTIE GLASS BEAD CHARM,1.6649999999999998,92,101.35
72369A,PINK CLEAR GLASS CANDLE PLATE,1.7473333333333334,67,101.28999999999999
16248B,BLUE HOLE PUNCH,1.25,81,101.25
84921,CREAM AND PINK FLOWERS PONY,3.75,27,101.25
85050,FRENCH ENAMEL SOAP DISH WITH LID,2.1,48,100.8
72821,CUPID SCENTED CANDLE IN GLASS,1.65,61,100.65
75172,PAINTED SEA SHELL METAL WINDCHIME,2.1354545454545457,97,100.31
78027,SEAGRASS S/2 CORNER LAUNDRY,18.03,6,100.15
23611,SET 10 CARDS RED RIDING HOOD 17214,2.49,40,99.60000000000001
23464,VINTAGE ZINC WATERING CAN SMALL,6.2125,18,99.2
37471,MULTICOLOUR DOTS PLATE,4.694999999999999,692,99.02
23465,TUSCAN VILLA FEEDING STATION,8.25,12,99.0
23191,BUNDLE OF 3 RETRO EXERCISE BOOKS,1.65,60,99.0
23466,TUSCAN VILLA DOVECOTE,8.25,12,99.0
22736,"RIBBON REEL, MAKING SNOWMEN",1.65,60,99.0
21266,VINTAGE SILVER TINSEL REEL,4.3,23,98.9
90169,DAISY HAIR COMB,2.527391304347826,39,98.87
37471,MULTICOLOUR POLKADOT PLATE,2.1075,713,98.83
84575A,PINK DOG CANNISTER,5.334615384615385,24,98.8
22878,"NUMBER TILE COTTAGE GARDEN, No",2.944,45,98.71999999999998
90163B,WHITE ROSEBUD & PEARL NECKLACE,7.5744444444444445,13,98.45
84705D,CHERRY BLOSSOM PHOTO FRAME,4.386,22,97.9
90150,BLUE SHELL+SILVER NECKLACE,7.5,13,97.5
16161G,WRAP BAD HAIR DAY,0.1,975,97.5
90067A,PINK VINTAGE VICTORIAN EARRINGS,2.943125,33,97.24
20861,GOLD COSMETIC BAG PINK STAR,2.1,46,96.6
20697,LITTLE GREEN MONSTER SOFT TOY,2.507142857142857,40,96.6
84465,15 PINK FLUFFY CHICKS IN BOX,3.041739130434783,32,96.51
85132b,CHARLIE AND LOLA TABLE TINS,9.584,10,95.83999999999999
17084J,LOVE POTION MASALA INCENSE,0.21000000000000002,456,95.76
84559a,3D SHEET OF DOG STICKERS,1.6787499999999997,57,95.69999999999999
48103,DOOR MAT KISS MY.......,7.305,13,95.15
72606A,BROWN ANTIQUE CUBE CANDLE,0.42,226,94.92
21241,GREEN POLKADOT CUP,0.85,111,94.35
20622,VIP PASSPORT COVER,2.375294117647059,43,94.04
23402,HOME SWEEET HOME 3 PEG HANGER,3.75,25,93.75
90214R,"LETTER ""R"" BLING KEY RING",1.0916,91,93.73
22432,WATERING CAN GREEN DINOSAUR,1.95,48,93.6
90024C,NEW BAROQUE B'FLY NECKLACE GREEN,8.498000000000001,11,93.48
90026A,GLASS BEAD HOOP NECKLACE BLACK,8.496666666666666,11,93.47
90214G,"LETTER ""G"" BLING KEY RING",1.0266666666666666,100,93.17999999999999
81950B,FLOWER BLUE CLOCK W/SUCKER,1.1615384615384614,100,93.1
17084A,TRANQUILITY MASALA INCENSE,0.21,442,92.82
35913B,WHITE/PINK CHICK EASTER DECORATION,1.065217391304348,100,92.39
90075,MONTANA DIAMOND CLUSTER NECKLACE,9.2075,10,92.17999999999999
84753A,PINK EAU DE COLOGNE BOTTLE,1.1537499999999998,97,92.16999999999999
21343,GOLD JEWELERY BOX,8.283333333333333,20,92.0
90089,PINK CRYSTAL SKULL PHONE CHARM,1.2326923076923075,104,91.89999999999999
85232b,SET OF 3 BABUSHKA STACKING TINS,10.17,9,91.53
90202C,GREEN ENAMEL FLOWER HAIR TIE,2.9524,31,91.46
90177B,DROP DIAMANTE EARRINGS BLACK DIAMON,2.951578947368421,31,91.38
23075,DOUBLE CERAMIC PARLOUR HOOK,4.15,22,91.30000000000001
90112,PINK DOLLY HAIR CLIPS,1.108095238095238,84,91.25
84437A,S/6 PINK EASTER DECS IN BOX,0.8924999999999998,106,90.94999999999999
90202A,PURPLE ENAMEL FLOWER HAIR TIE,2.93,31,90.9
90214D,"LETTER ""D"" BLING KEY RING",1.0224,100,90.82
84539,KNITTED RABBIT DOLL,1.6499999999999997,55,90.75
81952V,ROUND PURPLE CLOCK W/SUCKER,1.2840909090909092,99,90.52
72783,BLACK SIL'T SQU CANDLE PLATE,2.1,43,90.3
71406C,BLACK ORANGE SQUEEZER,0.4691428571428571,210,89.92
84984C,ORIENTAL BLUE C/COVER,7.390000000000001,13,89.59
17013C,ORIGAMI LAVENDER INCENSE IN TUBE,0.42,213,89.46000000000001
79026B,"S/4 ICON COASTER,ELVIS LIVES",1.595945945945946,69,89.25
47598,NEW ENGLAND EGG WARMER,0.7571875,138,89.12
84388,WISE MAN STAR SHAPE EGG PAN,1.4856521739130435,70,89.03999999999999
20660,VIP LUGGAGE TAG,1.25,71,88.75
90162A,ANT SILVER TURQUOISE BOUDICCA RING,2.95,30,88.5
90059E,DIAMANTE HAIR GRIP PACK/2 RUBY,1.6712121212121211,53,88.31
35638A,PINK AND BLACK STRING CURTAIN,3.9499999999999997,39,88.04999999999998
71495A,CD WALL TIDY BLUE OFFICE,0.6395,225,87.96000000000001
84721,MANHATTAN CANVAS ART PICTURE,8.35,20,87.8
90092,BLUE CRYSTAL BOOT PHONE CHARM,0.9175,102,87.50999999999999
84891B,GREEN WIRE GOBLET CANDLEHOLDER,7.95,11,87.45
37462B,"PET MUG, BUDGIE",0.754375,170,87.28
20835,FRENCH LATTICE CUSHION COVER,2.87,80,87.02000000000001
35822B,"ACRYLIC BEAD CHAIN, BLUE",0.38,229,87.02
90088,CRYSTAL KEY+LOCK PHONE CHARM,0.9107142857142857,101,86.69999999999999
90039C,FIRE POLISHED GLASS BRACELET BLACK,3.783333333333333,23,86.65
23614,SET 10 CARDS 12 DAYS WRAP  17058,3.33,26,86.58
84424A,FOUR PICTURE WHITE GLASS FRAME,3.75,23,86.25
35271S,GOLD PRINT PAPER BAG,0.23399999999999999,420,85.97
90012B,BLACK DROP CRYSTAL NECKLACE,7.699999999999999,17,85.89999999999999
90162D,ANT SILVER PURPLE BOUDICCA RING,2.95,29,85.55
84454,WOBBLING METAL CHICKEN EASTER,1.075,93,85.53
85099c,JUMBO  BAG BAROQUE BLACK WHITE,4.975,17,85.17
35838B,S/6 SILVER ORNAMENETAL CANDLE,0.85,100,85.0
22844,"DOG FOOD CONTAINER , VINTAGE",8.5,10,85.0
90026D,GLASS BEAD HOOP NECKLACE AMETHYST,8.5,10,85.0
90001D,ANTIQUE OLIVE GREEN FLOWER EARRINGS,4.246363636363636,20,84.96000000000001
17027A,INCENSE BAZAAR CANNABIS,0.355,228,84.84
84251B,"GREETING CARD, STICKY GORDON",0.3998360655737705,319,84.83999999999999
79051A,SMOKEY GREY COLOUR GLASS,0.426,236,84.76
46775B,BERRIES CHUNKY KNITTED THROW,16.95,5,84.75
16051,TEATIME PENCIL W STAMP ASST,0.4325,941,84.69
23456,MEDIUM PARLOUR FRAME,3.95,22,84.1
84251F,"GREETING CARD, RITA",0.4414,341,83.97
90141C,TURQ PENDANT TRIPLE SHELL NECKLACE,5.295384615384616,16,83.69
22016,Dotcomgiftshop Gift Voucher £100.00,83.33,1,83.33
23442,12 HANGING EGGS HAND PAINTED,2.08,40,83.2
82605,OLD DOC.RUSSEL METAL SIGN,2.185,41,82.94
90176D,DIAMANTE NECKLACE PURPLE,7.5442857142857145,11,82.81
84030C,KNITTED RAINBOW HOT WATER BOTTLE,4.421666666666667,21,82.78
90002B,FLOWER BURST SILVER RING ROSE,3.771818181818182,22,82.74
90177E,DROP DIAMANTE EARRINGS GREEN,2.9545454545454546,28,82.71
90189A,SILVER 2 STRAND NECKLACE-LEAF CHARM,7.5175,11,82.64
90130A,WHITE STONE/CRYSTAL EARRINGS,2.944375,28,82.50999999999999
90069,RUBY GLASS CLUSTER NECKLACE,7.5,11,82.5
21699,SET 5 MINI CHOCOLATE FRIDGE MAGNETS,1.2266666666666666,108,82.44
84907,PINK/YELLOW PATCH CUSHION COVER,11.878,8,82.34
90183B,AMETHYST DROP EARRINGS W LONG BEADS,2.9304166666666664,28,81.92999999999999
22579,WOODEN TREE CHRISTMAS SCANDISPOT,0.85,96,81.6
22566,"FELTCRAFT HAIRBAND S/2, PINK/PURPLE",0.85,96,81.6
35610C,WHITE CHRISTMAS FLOCK DROPLET,1.46875,94,81.56
72779,SET/6 BLACK ROSE T-LIGHT CANDLES,1.69,48,81.12
16201B,PASTEL BLUE PHOTO ALBUM,2.838,34,81.1
90121B,VINTAGE ROSE BEAD BRACELET BLUE,4.25,19,80.75
22531,MAGIC SLATE CIRCUS PARADE,0.42,192,80.64
22530,MAGIC SLATE DOLLY GIRL,0.42,192,80.64
84596I,WRAP SWEETS LIGHT PINK SMALL BOWL,1.3472727272727274,72,80.62
17011E,ORIGAMI OPIUM SCENT INCENSE+FLOWER,0.65,124,80.6
22346,PARTY PIZZA DISH GREEN RETROSPOT,1.063157894736842,89,80.50999999999999
DCGS0069,OOH LA LA DOGS COLLAR,16.062,5,80.31
84415B,BLUE FLOCK CUSHION COVER,3.392857142857143,24,80.0
23370,SET 36 COLOUR PENCILS DOILEY,1.25,64,80.0
35265,COLOURFUL FLOWER FRUIT BOWL,3.453125,21,80.0
90059F,DIAMANTE HAIR GRIP PACK/2 LT ROSE,1.6688888888888886,48,79.87
90206A,GOLD DIAMANTE STAR BROOCH,4.983333333333333,16,79.6
90125B,AQUA BERTIE GLASS BEAD BAG CHARM,2.2058823529411766,44,79.57
84795E,RIO PINK STRIPE HAMMOCK,7.95,10,79.5
84548,CROCHET BEAR RED/BLUE  KEYRING,1.65,48,79.2
22649,STRAWBERRY CAKE TEAPOT,4.95,16,79.2
90038B,GLASS AND PAINTED BEADS BRACELET OL,3.7838461538461536,21,79.19
90064A,WHITE VINTAGE CRYSTAL EARRINGS,4.054166666666667,20,79.14
90039B,FIRE POLISHED GLASS BRACELET MONTAN,3.771818181818182,21,78.99
90064B,BLACK VINTAGE  CRYSTAL EARRINGS,3.75,21,78.75
22344,PARTY PIZZA DISH PINK WHITE SPOT,1.1973684210526316,75,78.72999999999999
35931,PINK STAR CHRISTMAS DECORATION,0.48466666666666663,156,78.11999999999999
84455,SET OF 3 RABBIT CARROTS EASTER,1.014,85,77.96
90214H,"LETTER ""H"" BLING KEY RING",0.9809433962264151,83,77.71
23497,CLASSIC CROME BICYCLE BELL,1.35,60,77.4
21450,DISTRESSED CANDLE STICK WHITE,5.95,13,77.35
90176C,DIAMANTE NECKLACE,7.833333333333333,10,77.0
21595,Dad's Cab Electronic Meter,8.55,9,76.95
84251C,"GREETING CARD, TWO SISTERS.",0.43830188679245285,247,76.67999999999999
85014b,RED/WHITE DOTS RUFFLED UMBRELLA,12.776,6,76.60000000000001
84425A,WHITE GLASS TV TRIPLE FRAME,4.2555555555555555,18,76.6
90100,NECKLACE+BRACELET SET PINK DAISY,2.55,30,76.5
90214N,"LETTER ""N"" BLING KEY RING",1.048181818181818,78,76.4
90020,FILIGREE DIAMANTE CHAIN,12.682500000000001,6,76.23
35815P,"ACRYLIC JEWEL SNOWFLAKE, PINK",1.1171428571428572,168,75.88
90176A,CLASSIC DIAMANTE NECKLACE JET,7.581428571428572,10,75.88
22416,SET OF 36 SPACEBOY PAPER DOILIES,1.63375,51,75.42
62043B,BLUE CHECK BAG W HANDLE 34X20CM,1.2399999999999998,54,75.16000000000001
23061,VINTAGE ENGRAVED HEART,1.25,60,75.0
16161E,WRAP BOUDOIR,0.1,750,75.0
37399,"ASS RETROSPOOF MUGS,SPORTS",0.9733333333333333,143,75.0
72802a,ROSE SCENT CANDLE IN JEWELLED BOX,8.379999999999999,9,74.97
84968d,SET OF 16 VINTAGE RED CUTLERY,24.959999999999997,3,74.88
72807a,SET/3 ROSE CANDLE IN JEWELLED BOX,8.319999999999999,9,74.78999999999999
84757,ENCHANTED GARDEN WROUGHT IRON TABLE,14.95,5,74.75
23044,PAPER LANTERN 9 POINT HOLLY STAR 23,4.15,18,74.7
23068,ALUMINIUM HEART,2.49,30,74.7
21267,VINTAGE PINK TINSEL REEL,3.4200000000000004,24,74.6
90012A,MIDNIGHT BLUE DROP CRYSTAL NECKLACE,8.097142857142858,13,74.38
84919,L BLUE C/COVER W PINK/YELLOW FLOWER,11.6275,8,74.31
84593,CROCHET ROSE DES CLOTHES HANGER,2.95,25,73.75
15030,FAN BLACK FRAME,0.29,254,73.66
90130C,GREEN STONE/CRYSTAL EARRINGS,2.9441666666666664,25,73.62
79331,PINK FLOCK GLASS CANDLEHOLDER,1.3677777777777775,60,73.60000000000001
84447,6 RABBIT CHAIN EASTER,1.361578947368421,69,72.42
90214B,"LETTER ""B"" BLING KEY RING",1.0195,75,72.33
84427B,BLACK GLASS TV DOUBLE P/FRAME 15X10,4.25,17,72.25
90027D,GLASS BEAD HOOP EARRINGS AMETHYST,3.18875,23,72.18
84746,PINK EASTER HENS+FLOWER,3.105,23,72.06
90031,BILI NUT AND WOOD NECKLACE,3.2111111111111112,52,71.9
90038C,GLASS AND BEADS BRACELET IVORY,3.7733333333333334,19,71.46000000000001
35937,CERISE+GOLD CHRISTMAS STOCKING DEC,0.38,188,71.44
17007B,S/3 POT POURI CUSHIONS BLUE COLOURS,2.1,34,71.4
90060D,FIRE POLISHED GLASS NECKL BRONZE,5.95,12,71.4
84925C,FAIRY CAKES  WALL THERMOMETER,2.55,28,71.39999999999999
37509,NEW ENGLAND MUG W GIFT BOX,2.55,28,71.39999999999999
22950,SET OF 36 VINTAGE CHRISTMAS DOILIES,1.8175,38,71.27
84415A,PINK FLOCK SUEDE CUSHION COVER,2.9166666666666665,27,71.25
90037B,TINY CRYSTAL BRACELET GREEN,2.527,28,71.17
23413,DECROTIVEVINTAGE COFFEE GRINDER BOX,6.896666666666666,12,71.08
90179A,AMBER FINE BEAD NECKLACE W TASSEL,5.905555555555556,12,71.0
16256C,HEARTS PENCIL/RUBBER+5 MINI PENCILS,0.42000000000000004,169,70.98
84803B,WHITE ALLIUM  ARTIFICIAL FLOWER,1.69,42,70.98
84905,PINK BUTTERFLY C/COVER,7.596666666666667,10,70.82
84086B,YELLOW/BLUE RETRO RADIO,2.95,24,70.8
90187B,GREEN DROP EARRINGS W BEAD CLUSTER,3.366,21,70.6
20958,PORCELAIN HANGING BELL LARGE,1.92,38,70.5
90202B,WHITE ENAMEL FLOWER HAIR TIE,2.936875,24,70.49
90050,CRACKED GLAZE NECKLACE IVORY,7.06,10,70.16
22949,SET OF 36 DOLLY GIRL PAPER DOILIES,1.744,45,69.66
90131,PINK/AMETHYST/GOLD NECKLACE,6.974000000000001,10,69.62
gift_0001_80,Dotcomgiftshop Gift Voucher £80.00,69.56,1,69.56
84918,CREAM C/COVER W YELLOW/GREEN FLOWER,6.95,10,69.5
81952V,ROUND PURPLE CLOCK WITH SUCKER,0.19,365,69.35
72140F,HAPPY ANNIVERSARY CANDLE LETTERS,0.41600000000000004,175,69.18
35916B,BLUE FELT HANGING HEART W FLOWER,1.458125,57,69.1
90059C,DIAMANTE HAIR GRIP PACK/2 MONTANA,1.671304347826087,41,68.17999999999999
71215,METAL BASE FOR CANDLES,0.4091666666666667,177,68.1
47420,ASSORTED COLOUR SUCTION CUP HOOK,0.19,358,68.02
84857A,SILVER MONTE CARLO HANDBAG,8.5,8,68.0
DCGS0004,HAYNES CAMPER SHOULDER BAG,16.985,4,67.94
90140,PINK SWEETIE NECKLACE,7.557142857142857,9,67.9
90026C,GLASS BEAD HOOP NECKLACE GREEN,8.47,8,67.82
90026B,GLASS BEAD HOOP NECKLACE MONTANA,8.474285714285715,8,67.82
20879,TREE OF NOAH FESTIVE SCENTED CANDLE,1.8027272727272725,57,67.8
90002E,FLOWER BURST SILVER RING GREEN,3.774545454545455,18,67.77
84596e,SMALL LICORICE DES PINK BOWL,2.51,27,67.77
84864A,PINK PAISLEY PHOTO ALBUM,8.455,7,67.71000000000001
90078,PINK/WHITE GLASS DEMI CHOKER,7.5280000000000005,9,67.64
90024F,NEW BAROQUE B'FLY NECKLACE CRYSTAL,8.436666666666667,8,67.61
84926B,SCOTTS ROSES TILE COASTER,1.25,54,67.5
47341B,BLUE TABLE RUN FLOWER,1.7857142857142858,48,67.5
47504J,ENGLISH ROSE SET/3 GARDEN TOOLS,14.825,5,67.25
90214P,"LETTER ""P"" BLING KEY RING",1.0396969696969698,77,66.59
35819P,"ACRYLIC HANGING JEWEL,PINK",0.5042857142857143,95,66.55
90037A,TINY CRYSTAL BRACELET RED,2.5508333333333333,26,66.31
40002,WHITE BAMBOO RIBS LAMPSHADE,0.85,78,66.3
90037C,TINY CRYSTAL BRACELET BLUE,2.5330769230769232,26,66.08
85072,OCCASIONS GIFT CARD ASSORTMENT,0.55,120,66.0
79329,PINK FLOCK GLASS CANDLEHOLDER,1.2871428571428571,100,65.94
84340,LARGE FIBRE OPTIC CHRISTMAS TREE,4.346363636363637,21,65.76
79406,FROSTED WHITE BASE,0.3961904761904762,259,65.62
90179B,PURPLE FINE BEAD NECKLACE W TASSEL,5.934444444444445,11,65.31
72812,LARGE ZINC/GLASS CANDLEHOLDER,2.8133333333333335,27,65.23
84705A,ENGLISH ROSE PHOTO FRAME,4.65,14,65.10000000000001
47016,LIGHT DECORATION BATTERY OPERATED,2.1,31,65.1
90141B,IVORY PENDANT TRIPLE SHELL NECKLACE,5.015555555555555,13,64.94
23235,BISCUIT TIN VINTAGE LEAF,2.7566666666666664,24,64.56
90046,WHITE WITH METAL BAG CHARM,4.95,13,64.35
84551,CROCHET DOG KEYRING,1.65,39,64.35
90074,BLACK DIAMOND CLUSTER NECKLACE,9.19,7,64.09
79534,MULTICOLOUR GLASS PLATE,0.55,116,63.8
23253,16 PC CUTLERY SET PANTRY DESIGN,15.95,4,63.8
85018A,S/6 PAPER BOXES ROMANTIC IMAGES,4.25,15,63.75
85018B,S/6 PAPER BOXES BLOSSOM IMAGES,4.25,15,63.75
84968B,SET OF 16 VINTAGE IVORY CUTLERY,12.75,5,63.75
20791,BLUE TILED SET OF 3 DRAWERS,12.75,5,63.75
22845,"CAT FOOD CONTAINER , VINTAGE",6.349999999999999,10,63.5
20905,VINTAGE KEEPSAKE BOX BEAUTY GIRL,6.35,10,63.5
90205A,LARGE MINT DIAMANTE HAIRSLIDE,1.674090909090909,38,63.46
37491D,PURPLE/BLUE CERAMIC CANDLE HOLDER,2.696923076923077,26,63.28
22987,"WRAP , SUMMER ROSE DESIGN",0.42,150,63.0
72709,IVORY SCULPTED RND CANDLE,0.8499999999999999,74,62.9
84529B,BLUE KNITTED KID'S RUCKSACK,5.226,13,62.35
35607B,BLACK FEATHER CHRISTMAS DECORATION,0.2788235294117647,312,62.3
47348A,FUSCHIA VOILE POINTY SHOE DEC,0.78,103,62.01
84450B,PINK/YELLOW RABBIT SAT EASTER,0.7427586206896551,88,61.92
17136A,BLUE STONES ON WIRE FOR CANDLE,0.10676470588235294,743,61.78
20620,RED SPOTTY PASSPORT COVER,4.104285714285714,15,61.76
35817B,"ACRYLIC JEWEL SNOWFLAKE,BLUE",2.6999999999999997,143,61.3
35973,GERANIUM FOLKART HEART DECORATION,1.25,49,61.25
16151A,FLOWERS HANDBAG blue and orange,1.25,49,61.25
23541,"WALL ART ,PUDDINGS",7.85,8,61.2
22578,WOODEN STAR CHRISTMAS SCANDISPOT,0.85,72,61.2
22565,FELTCRAFT HAIRBANDS PINK + WHITE,0.85,72,61.199999999999996
35910B,PINK FLOWERS RABBIT EASTER,2.515,29,61.07
90214I,"LETTER ""I"" BLING KEY RING",1.0766666666666667,62,61.0
22537,MAGIC SLATE DINOSAUR,0.42,144,60.480000000000004
84984B,RED PEONY DES C/COVER,4.65,13,60.45
84875A,PINK SQUARE COMPACT MIRROR,3.75,16,60.0
22953,BIRTHDAY BANNER TAPE,1.25,48,60.0
22409,TIN CAN BISCUITS DESIGN,1.25,48,60.0
22619,SET Of 6 SOLDIER SKITTLES,3.75,16,60.0
23629,SET 10 CARDS DRESSING UP 17077,2.49,24,59.760000000000005
90021,LASER CUT MULTI STRAND NECKLACE,11.95,5,59.75
90171,DAISY RING,1.2725925925925925,47,59.65
gift_0001_70,Dotcomgiftshop Gift Voucher £70.00,59.57,1,59.57
84582,PINK CROCHET CAT WITH SCARF,4.25,14,59.5
44241C,BLUE BUTTERFLY ON SPRING,0.85,70,59.5
22973,CHILDRENS CIRCUS PARADE MUG,1.6499999999999997,36,59.400000000000006
22329,ROUND FOOD CONTAINER S/5 RETROSPOT,1.6499999999999997,36,59.400000000000006
35654,VINTAGE BEAD FILLED PINK CUSHION,4.95,12,59.400000000000006
23325,RUSTIC STRAWBERRY JAMPOT SMALL,1.6499999999999997,36,59.400000000000006
23537,I LOVE LONDON WALL ART,4.95,12,59.4
35001B,HAND OPEN SHAPE BLACK,3.49,17,59.330000000000005
90011B,BLACK CRYSTAL DROP EARRINGS,2.954,20,59.06
22903,CALENDAR FAMILY FAVORITES,2.95,20,59.0
35909A,RABBIT EASTER DECORATION,2.95,20,59.0
81985A,"ICON ALARM CLOCK,FUSCHIA  PIN UP",2.55,23,58.65
85023C,PINK LARGE JEWELED PHOTOFRAME,2.55,23,58.65
90188,DROP EARRINGS W FLOWER & LEAF,2.5475,23,58.5
84984A,GREEN PEONY DES C/COVER,6.093999999999999,11,58.370000000000005
84226,HEN HOUSE W FAMILY IN BARN & NEST,0.8383333333333334,77,58.31
35816B,"ACRYLIC JEWEL ANGEL,BLUE",1.4000000000000001,139,58.07
18094C,WHITE/BLUE RECT CERAMIC OIL BURNER,2.15,33,58.05
17129C,SKY BLUE COLOUR GLASS GEMS IN BAG,0.8309090909090909,86,57.98
35821B,"JEWELLED DECORATION,BLUE",0.38000000000000006,150,57.0
72771B,BURG FLOCK GOLD CUP/CANDLE,1.2822222222222222,117,56.9
90212C,PURPLE LAS VEGAS BRACELET ROUND,3.75,15,56.25
47344B,BLUE FLOWER DES PURSE,1.082,54,56.160000000000004
85023A,CRYSTAL LARGE JEWELLED PHOTO FRAME,2.55,22,56.1
90033,IVORY SHELL HEART EARRINGS,2.535555555555556,22,55.88
85080,PADDED RED HEART DECORATION,0.5331818181818182,113,55.76
90182C,BLACK 3 BEAD DROP EARRINGS,2.926153846153846,19,55.74
90177A,CLASSIC DIAMANTE EARRINGS JET,2.924285714285714,19,55.69
90214T,"LETTER ""T"" BLING KEY RING",1.0716666666666665,57,55.57
90001B,ANTIQUE MID BLUE FLOWER EARRINGS,4.237,13,55.120000000000005
85151,WELCOME METAL SIGN,1.25,44,55.0
90014A,SILVER M.O.P. ORBIT NECKLACE,6.675,11,54.8
90135A,ORANGE/FUSCHIA STONES NECKLACE,4.9925,11,54.62
90142D,MOP PENDANT SHELL NECKLACE,4.978,11,54.59
90043,COPPER AND BRASS BAG CHARM,5.785,10,54.510000000000005
20820,SILVER LOOKING MIRROR,4.95,11,54.45
20953,PORCELAIN CHERUB BELL LARGE,1.65,33,54.449999999999996
90084,PINK CRYSTAL GUITAR PHONE CHARM,0.85,64,54.4
46115B,GREEN POP ART MAO CUSHION COVER,0.18999999999999997,286,54.339999999999996
22345,PARTY PIZZA DISH BLUE WHITE SPOT,1.2429411764705882,53,54.28
23389,SPACEBOY MINI RUCKSACK,4.15,13,53.95
22252,BIRDCAGE DECORATION MAGIC GARDEN,2.55,21,53.55
84559b,3D SHEET OF CAT STICKERS,1.6707999999999998,32,53.54
84660b,BLACK STITCHED WALL CLOCK,7.593333333333334,7,53.18
72798C,SET/4 GARDEN ROSE DINNER CANDLE,2.1106666666666665,28,53.11
84660a,WHITE STITCHED WALL CLOCK,7.556,7,52.699999999999996
84899E,YELLOW + BROWN BEAR FELT PURSE KIT,1.51,39,52.65
84845C,CARNATION SQUARE HANDY TIN,1.25,42,52.5
23035,DOORKNOB CERAMIC IVORY,1.45,36,52.2
20870,OPULENT VELVET CANDLE IN BOX,2.9214285714285713,29,52.2
23196,RETO LEAVES MAGNETIC SHOPPING LIST,1.45,36,52.199999999999996
84292B,BLUE COL METAL FOLDING CHAIR,7.359999999999999,8,51.8
84845D,GERANIUM SQUARE HANDY TIN,1.25,41,51.25
84402B,PURPLE DRESS JEWELLERY STAND,1.33,62,51.14
35071,ASSORTED SANTA CHRISTMAS DECORATION,2.084285714285714,50,51.13999999999999
84612B,SET/4 BLACK  BAROQUE FLOCK COASTER,2.55,20,51.0
20964,POLYESTER FILLER PAD 60x40cm,2.55,20,51.0
84968f,SET OF 16 VINTAGE SKY BLUE CUTLERY,25.49,2,50.98
85069,CREAM SWEETHEART DOUBLE SHELF,16.95,3,50.85
22846,"BREAD BIN, DINER STYLE, RED",16.95,3,50.849999999999994
85035b,CHOCOLATE 3 WICK MORRIS BOX CANDLE,8.47,6,50.82000000000001
22889,"NUMBER TILE VINTAGE FONT, No",2.175,23,50.699999999999996
85124a,PINK JUICY FRUIT PHOTO FRAME,5.06,10,50.599999999999994
35916B,BLUE FELT HANGING HEART WITH FLOWER,0.7040000000000001,75,50.57
90034,WHITE SILVER NECKLACE SHELL GLASS,10.096,5,50.48
72083A,STRAWBERY SWIRL FLARE CANDLE,2.1,24,50.4
72801c,S/4 ROSE PINK DINNER CANDLES,2.51,20,50.2
22657,HEN & 2 CHICKS IN BASKET,0.85,59,50.15
90141E,ORANGE PENDANT TRIPLE SHELL NECKLAC,5.062,10,50.06
72817,SET/2 CHRISTMAS DECOUPAGE CANDLES,1.25,40,50.0
23603,SET 10 CARD KRAFT REINDEER 17084,2.4899999999999998,20,49.800000000000004
23197,VEGETABLE MAGNETIC  SHOPPING LIST,1.3833333333333335,36,49.8
90052,CRACKED GLAZE NECKLACE BROWN,7.136,7,49.58
23015,CORDIAL JUG,8.25,6,49.5
84537B,FAIRY CAKES GIFT BAG,0.42,117,49.14
72129,COLUMBIAN CANDLE ROUND,0.7061111111111111,74,49.11
35603C,SET/16 WHITE SHINY & MATT BAUBLES,0.6888,83,48.3
37491A,YELLOW/PINK CERAMIC CANDLE HOLDER,2.6915384615384617,18,48.3
90083,CRYSTAL CZECH CROSS PHONE CHARM,1.3326666666666667,52,48.08
47591A,CAROUSEL CHILDRENS APRON,1.6566666666666665,29,47.97
84608,ORNATE EDWARDIAN CANDLE HOLDER,7.95,6,47.7
23539,"WALL ART , LOVES' SECRET",5.95,8,47.6
21347,GOTHIC CARRIAGE LANTERN,5.95,8,47.6
20895,VINTAGE NOTEBOOK FRENCH LETTER,2.95,16,47.2
35909B,PINK FLOWERS RABBIT EASTER,2.95,16,47.2
37462E,"PET MUG, GOLDFISH",0.6485714285714286,107,47.12
90067B,BROWN VINTAGE VICTORIAN EARRINGS,2.936666666666667,16,47.12
84227,HEN HOUSE W CHICK IN NEST,0.42,112,47.04
90181C,BLACK GLASS/SHELL/PEARL NECKLACE,9.386,5,46.93
84596f,SMALL MARSHMALLOWS PINK BOWL,2.467142857142857,19,46.89
84857B,BLUE MONTE CARLO HANDBAG,1.95,24,46.8
20988,TRELLIS FLOWER CHOPSTICKS SET/5,1.9500000000000002,24,46.8
90001C,ANTIQUE OPAL WHITE FLOWER EARRINGS,4.245,11,46.7
90001A,ANTIQUE RASPBERRY FLOWER EARRINGS,4.235,11,46.6
81952B,ROUND BLUE CLOCK W/SUCKER,1.1254545454545453,54,46.56
37489A,YELLOW/PINK FLOWER DESIGN BIG MUG,1.2283333333333333,46,46.56
16050,TEATIME PENCIL WITH RUBBER,0.4,151,46.45
47341A,FUSCHIA TABLE RUN FLOWER,2.3214285714285716,29,46.25
23107,WHITE WIRE PLANT POT HOLDER,2.89,16,46.24
90128A,PINK LEAVES AND BEADS PHONE CHARM,1.7489999999999999,31,46.21
72024U,LILAC VOTIVE CANDLE,0.21,220,46.2
84951b,S/4 BLACK LOVEBIRD COASTERS,5.115,9,46.2
85081,PADDED HOLLY CHRISTMAS DECORATION,0.45772727272727276,104,46.17
85132c,CHARLIE AND LOLA FIGURES TINS,11.524999999999999,4,46.099999999999994
23047,PAPER LANTERN 5 POINT STUDDED STAR,5.75,8,46.0
84626,CANDY STRIPE ROSE QUILT,45.95,1,45.95
22604,SET OF 4 NAPKIN CHARM CUTLERY,2.55,18,45.900000000000006
35611B,BLACK ASSORTED DROPLET DECORATION,2.23,62,45.76
72724,SET/6 CHRISTMAS ICICLE T-LIGHTS,1.25,36,45.0
16161C,WRAP SPEED DEMONS,0.1,450,45.0
22347,PIZZA DISH SLICE,1.25,36,45.0
22406,TIN CAN KINGS CHOICE DESIGN,1.25,36,45.0
23625,SET 6 CARDS SPARKLY REINDEER 17262,4.99,9,44.91
90059B,DIAMANTE HAIR GRIP PACK/2 BLACK DIA,1.67,27,44.87
21685,MEDINA STAMPED METAL TRAY,14.95,3,44.849999999999994
84906,PINK BUTTERFLY CUSHION COVER,1.95,23,44.849999999999994
90135,ORANGE/WHT/FUSCHIA STONES NECKLACE,5.006666666666667,9,44.75
90197D,AMBER GLASS BRACELET HEART CHARMS,4.95,9,44.550000000000004
72796B,S/3 FRENCH VANILLA SQU CANDLE,1.65,27,44.55
90011A,MIDNIGHT BLUE CRYSTAL DROP EARRINGS,2.952,15,44.28
35085E,IVORY ROSE LAMPSHADE,1.1666666666666667,39,44.25
84586L,"PINK ROSES/GINGHAM PATCH RABBIT 8""",2.95,15,44.25
90125E,AMBER BERTIE GLASS BEAD BAG CHARM,2.5035294117647062,18,44.19
35815B,"ACRYLIC JEWEL SNOWFLAKE,BLUE",1.6866666666666665,95,43.94
17014C,ORIGAMI LAVENDER INCENSE CONES,1.925,97,43.75
79063C,"RETRO PILL BOX KEY CHAIN,THE KING",0.18928571428571428,235,43.65
90042B,FRESHWATER PEARL BRACELET PINK,2.55,17,43.349999999999994
18097A,PINK TALL PORCELAIN T-LIGHT HOLDER,2.55,17,43.349999999999994
35822P,"ACRYLIC BEAD CHAIN, PINK",0.38,114,43.32
90054,CRACKED GLAZE EARRINGS RED,2.5305882352941174,17,43.019999999999996
23038,T-LIGHT HOLDER SILVER SAUCER,1.3299999999999998,44,42.92
22987,WRAP SUMMER ROSE DESIGN,0.42000000000000004,102,42.84
84993a,75 GREEN PETIT FOUR CASES,0.8373333333333333,51,42.71
79066k,RETRO MOD TRAY,1.645,26,42.71
21596,Hypochondriac Pill Stress Ball,4.26,10,42.64
90024A,NEW BAROQUE B'FLY NECKLACE BLACK,8.5,5,42.5
22346,PARTY PIZZA DISH GREEN WHITE SPOT,1.2386666666666666,40,42.3
90126C,AMBER BERTIE MOBILE PHONE CHARM,2.692,21,42.1
72771C,BLACK FLOCK GOLD CANDLE,1.7133333333333332,54,42.08
20860,GOLD COSMETICS BAG WITH BUTTERFLY,2.1,20,42.0
23231,WRAP  VINTAGE DOILEY,0.42,100,42.0
15060b,FAIRY CAKE DESIGN UMBRELLA,8.362,5,41.81
90152C,BLUE/NAT SHELL NECKLACE W PENDANT,5.95,7,41.650000000000006
90060C,FIRE POLISHED GLASS NECKL SILVER,5.95,7,41.65
84611B,BLACK NEW BAROQUE FLOCK BOX,5.95,7,41.65
35809a,ENAMEL PINK TEA CONTAINER,4.154,10,41.54
23045,PAPER LANTERN 5 POINT STAR MOON 30,4.15,10,41.5
85184B,SET 4 EASTER DECOUPAGE OVAL BOXES,2.95,14,41.3
23448,CREAM BUNNY EASTER EGG BASKET,1.6499999999999997,25,41.25
37477B,"FLOWER FAIRY MUG+COASTER,LAVENDER",3.75,11,41.25
90027C,GLASS BEAD HOOP EARRINGS GREEN,2.9391666666666665,14,41.17
18096c,WHITE ROUND PORCELAIN TLIGHT HOLDER,5.151666666666666,8,41.14
21119,Glow In The Dark Shot Glasses,13.67,3,41.01
35644,PAIR PINK/BLACK COATHANGERS,1.95,21,40.95
22740,POLKADOT PENS,0.85,48,40.8
23148,MINITURE ANTIQUE ROSE HOOK IVORY,0.85,48,40.8
44228,CANNABIS LEAF BEAD CURTAIN,0.85,48,40.8
84798C,WHITE FOXGLOVE ARTIIFCIAL FLOWER,2.55,16,40.8
47013C,WINE BOTTLE DRESSING DARK BLUE,0.35,147,40.52
90136,PALE PINK/AMETHYST STONE NECKLACE,10.173333333333332,4,40.47
90152A,SILVER/NAT SHELL NECKLACE W PENDANT,5.762857142857143,7,40.34
22532,MAGIC SLATE LEAP FROG,0.42,96,40.32
22529,MAGIC SLATE GO TO THE FAIR,0.42,96,40.32
20994,JAZZ HEARTS SPIRAL NOTEPAD,0.85,47,39.95
23462,ROCOCO WALL MIROR,19.95,2,39.9
47013A,WINE BOTTLE DRESSING LT.BLUE,0.2764,141,39.87
37468,HARDMAN MUG 3 ASSORTED,1.422857142857143,65,39.81
79065A,TEATIME ROUND CAKE TINS,9.95,4,39.8
22853,"CAT BOWL, ENAMEL , CREAM COLOUR",3.25,12,39.0
82545A,COGNAC AUX OEUFS METAL 1 HOOK,1.25,31,38.75
47567b,TEA TIME KITCHEN APRON,12.906666666666666,3,38.72
35963,FOLKART ZINC CLIP ON ANGEL WINGS,0.38,101,38.379999999999995
90130D,RED STONE/CRYSTAL EARRINGS,2.945,13,38.31
90027B,GLASS BEAD HOOP EARRINGS MONTANA,2.943,13,38.28
90183C,BLACK DROP EARRINGS W LONG BEADS,2.9323076923076923,13,38.12
81952B,ROUND BLUE CLOCK WITH SUCKER,0.19,200,38.0
47518f,ICON PLACEMAT POP ART ELVIS,4.194444444444445,9,37.75
72801d,S/4 SKY BLUE DINNER CANDLES,2.51,15,37.65
90176B,DIAMANTE NECKLACE BLACK,7.53,5,37.620000000000005
85115B,S/4 BLACK DISCO PARTITION PANEL,6.27,6,37.620000000000005
90039A,FIRE POLISHED GLASS BRACELET RED,3.772,10,37.61
23043,PAPER LANTERN 9 POINT HOLLY STAR 40,6.25,6,37.5
37112,YELLOW BIRDS FELT DES FOODCOVER,3.75,10,37.5
79413,GLASS WINE GLASS DECORATIONS,1.25,30,37.5
35233,PASTA ENAMEL/BRASS CONTAINER,3.75,10,37.5
84509b,SET OF 4 FAIRY CAKE PLACEMATS,7.46,5,37.3
84705F,RED PEONY PHOTO FRAME,4.65,8,37.2
90126A,PINK BERTIE MOBILE PHONE CHARM,2.2466666666666666,20,37.14
84251J,"GREETING CARD, THE BLACK CAT",0.7458823529411764,74,37.04
16162M,THE KING GIFT BAG 25x24x12cm,0.42,88,36.96
72715,SPHERICAL IVORY CANDLE,0.42,88,36.96
22407,MONEY BOX FIRST AID DESIGN,1.3136363636363635,44,36.78
17014E,ORIGAMI OPIUM INCENSE CONES,1.4249999999999998,95,36.599999999999994
90141D,ROSE PENDANT TRIPLE SHELL NECKLACE,5.286,7,36.33
90214F,"LETTER ""F"" BLING KEY RING",0.9633333333333333,44,36.28
90037D,TINY CRYSTALS BRACELET BLACK,2.56625,14,35.870000000000005
37348,SET OF 4 PASTEL STACKING MUGS,2.55,14,35.7
90060B,FIRE POLISHED GLASS NECKL GOLD,5.95,6,35.7
90132,LIGHT TOPAZ TEAL/AQUA COL NECKLACE,5.090000000000001,7,35.63
90011C,GREEN CRYSTAL DROP EARRINGS,2.94,12,35.33
90152B,BLUE/GREEN SHELL NECKLACE W PENDANT,5.862,6,35.26
79063D,"RETRO PILL BOX , REVOLUTIONARY",0.21,189,35.14
84510e,SET OF 4 GREEN CAROUSEL COASTERS,2.5016666666666665,14,35.09
82613b,"METAL SIGN,CUPCAKE SINGLE HOOK",2.5009090909090905,14,35.04
84745B,BLUE HANGING GINGHAM EASTER HEN,0.42,83,34.86
DCGS0058,MISO PRETTY  GUM,0.8286666666666667,42,34.82
23196,LEAVES MAGNETIC  SHOPPING LIST,1.45,24,34.8
84868B,BLUE BABY BOY'S MEMORY BOX,6.95,5,34.75
37482p,CUBIC MUG PINK POLKA DOT,17.35,2,34.7
90081B,LILY BROOCH WHITE/SILVER COLOUR,4.95,7,34.65
84546,CROCHET POODLE KEYRING,1.6499999999999997,21,34.65
35955,SMALL FOLKART CHRISTMAS TREE DEC,0.374,135,34.62
22852,"DOG BOWL, ENAMEL , CREAM COLOUR",4.25,8,34.0
44265,M/COLOUR POM-POM CURTAIN,4.25,8,34.0
22200,FRYING PAN PINK RETROSPOT,5.656666666666666,7,33.97
90066A,PINK VINTAGE VICTORIAN CHOKER,6.75,5,33.75
81950B,FLOWER BLUE CLOCK WITH SUCKER,0.29,116,33.64
47591b,SCOTTIES CHILDRENS APRON,4.1899999999999995,8,33.6
23390,DOLLY GIRL MINI RUCKSACK,4.15,8,33.2
84456,SET OF 3 RABBIT EGG EASTER,0.9562499999999999,37,33.15
90076,MONTANA DIAMOND CLUSTER EARRINGS,2.892857142857143,12,33.0
DCGS0003,BOXED GLASS ASHTRAY,2.506923076923077,13,32.589999999999996
82613c,"METAL SIGN,CUPCAKE SINGLE HOOK",2.5016666666666665,13,32.48
85079,EMBROIDERED REINDEER DECORATION,1.4144444444444444,23,32.25
90214O,"LETTER ""O"" BLING KEY RING",1.0822222222222222,36,31.419999999999998
85131D,BEADED CRYSTAL HEART PINK\ON STICK,1.5936363636363637,20,31.3
23366,SET 12 COLOUR PENCILS DOILEY,0.65,48,31.200000000000003
23632,SET 10 CARDS CHEERFUL ROBIN 17065,2.08,15,31.200000000000003
44091C,MULTICOLOUR CRUSOE CHECK LAMPSHADE,0.5682352941176471,61,30.66
22937,BAKING MOULD CHOCOLATE CUP CAKES,2.55,12,30.6
22577,WOODEN HEART CHRISTMAS SCANDISPOT,0.85,36,30.6
22641,SET OF 4 NAPKIN CHARMS INSTUMENT,2.55,12,30.6
22937,BAKING MOULD CUPCAKE CHOCOLATE,2.55,12,30.6
21919,Electronic Talking Breath-A-Loser,5.081999999999999,6,30.47
37489B,BLUE/YELLOW FLOWER DESIGN BIG MUG,1.0323529411764707,38,30.419999999999998
84745A,PINK HANGING GINGHAM EASTER HEN,0.42,72,30.240000000000002
90025F,BAROQUE BUTTERFLY EARRINGS CRYSTAL,3.77875,8,30.23
18010,ASSORTED FRAGRANCE BATH CONFETTI,0.5566666666666666,64,30.16
37491B,BLUE/YELLOW CERAMIC CANDLE HOLDER,2.3,14,30.08
22410,TIN CAN HOUSEKEEPING DESIGN,1.25,24,30.0
47563B,WAVELINE SURF IRONING BOARD COVER,3.75,8,30.0
22405,TIN CAN POCKET MONEY DESIGN,1.25,24,30.0
23437,GIFT BAG LARGE 50'S CHRISTMAS,1.25,24,30.0
23396,BUTTERFLY CUSHION COVER,3.75,8,30.0
22773,DRAWER KNOB ACRYLIC EDWARDIAN GREEN,1.25,24,30.0
22772,DRAWER KNOB ACRYLIC EDWARDIAN PINK,1.25,24,30.0
23250,ENAMEL BOWL PANTRY,1.25,24,30.0
23252,ENAMEL JUG PANTRY,3.75,8,30.0
22771,DRAWER KNOB ACRYLIC EDWARDIAN CLEAR,1.25,24,30.0
22775,DRAWERKNOB ACRYLIC EDWARDIAN PURPLE,1.25,24,30.0
90176E,DIAMANTE NECKLACE GREEN,7.493333333333333,4,29.98
21767,FRENCH STYLE WIRE DOOR CABINET,29.95,1,29.95
78056,CAMOUFLAGE BACKPACK ON WHEELS,9.95,3,29.849999999999998
22351,DOTCOMGIFTSHOP TEA TOWEL,2.766666666666667,15,29.81
84985a,SET OF 72 GREEN PAPER DOILIES,2.98,10,29.8
23530,"WALL ART,ONLY ONE PERSON",4.95,6,29.7
22474,"TRAY FOR TV DINNER ,SPACEBOY",4.95,6,29.7
22472,"TRAY FOR TV DINNER , DOLLY GIRL",4.95,6,29.7
35598A,DUSTY PINK CHRISTMAS TREE 60CM,2.9500000000000006,10,29.5
78034B,BLUE NETTING STORAGE HANGER,1.95,15,29.25
90214V,"LETTER ""V"" BLING KEY RING",0.9525,38,28.98
46776f,WOVEN ROSE GARDEN CUSHION COVER,4.13,7,28.91
37489D,PINK/GREEN FLOWER DESIGN BIG MUG,0.7614285714285715,46,28.86
44089C,LILAC GAUZE BUTTERFLY LAMPSHADE,0.42,68,28.56
23380,PACK OF 12 DOILEY TISSUES,0.39,72,28.08
40005B,BLUE ORGANDY ROUND LAMPSHADE W BEA,0.8499999999999999,33,28.05
17091F,SANDALWOOD INCENSE IN TIN,1.58,19,27.71
23613,SET 10 XMAS CARDS & BADGES 17070,2.49,11,27.39
23637,SET 10 CARDS OUT OF ORDER 17216,2.49,11,27.39
21097,SET/6 GREEN SPRING  PAPER PLATE,0.85,32,27.2
84867b,BLUE BABY BOY'S PHOTO ALBUM,13.57,2,27.14
90187A,BLUE DROP EARRINGS W BEAD CLUSTER,3.3842857142857143,8,27.04
23702,High Resolution Image,8.5,4,27.0
44235,ASSORTED COLOURED CIRCLE MOBILE,0.42,64,26.88
17013F,ORIGAMI SANDLEWOOD INCENSE IN TUBE,1.38,62,26.700000000000003
90027A,GLASS BEAD HOOP EARRINGS BLACK,2.9450000000000003,9,26.52
90025E,BAROQUE BUTTERFLY EARRINGS MONTANA,3.7857142857142856,7,26.5
22232,3 PIECE JIGSAW TOADSTOOLS,1.65,16,26.4
84876C,SILVER HEART COMPACT MIRROR,3.75,7,26.25
23636,SET 10 CARDS WISHING TREE 17116,2.91,9,26.19
90182A,AMBER 3 BEAD DROP EARRINGS,2.9066666666666667,9,26.16
37489C,GREEN/BLUE FLOWER DESIGN BIG MUG,1.5541666666666665,27,26.06
85164b,BLACK BAROQUE CUCKOO CLOCK,26.04,1,26.04
90041,PEARL AND CHERRY QUARTZ BRACLET,3.6950000000000003,7,25.67
20954,*USB Office Mirror Ball,8.530000000000001,3,25.590000000000003
22168,"ORGANISER WOOD, ANTIQUE WHITE",8.5,3,25.5
84968a,S/16 VINTAGE ROSE CUTLERY,25.49,1,25.49
84968d,S/16 VINTAGE RED CUTLERY,25.49,1,25.49
84968b,S/16 VINTAGE IVORY CUTLERY,25.49,1,25.49
84968b,SET OF 16 VINTAGE IVORY CUTLERY,25.49,1,25.49
90142A,GREEN PENDANT SHELL NECKLACE,5.09,5,25.45
DCGS0070,CAMOUFLAGE DOG COLLAR,12.72,2,25.44
84997c,BLUE 3 PIECE MINI DOTS CUTLERY SET,8.47,3,25.410000000000004
85035a,GARDENIA 3 WICK MORRIS BOXED CANDLE,8.47,3,25.410000000000004
90214Y,"LETTER ""Y"" BLING KEY RING",0.852,68,25.34
35597D,PINK/WHITE CHRISTMAS TREE 30CM,0.5825,58,25.28
90055,CRACKED GLAZE EARRINGS BROWN,2.528,10,25.28
90053,CRACKED GLAZE EARRINGS IVORY,2.523,10,25.23
84510c,SET OF 4 POLKADOTS COASTERS,2.51,10,25.099999999999998
84596b,SMALL DOLLY MIX DESIGN ORANGE BOWL,2.51,10,25.099999999999998
90128C,GREEN LEAVES AND BEADS PHONE CHARM,1.8816666666666666,17,25.04
23104,IVORY PANTRY HANGING LAMP,12.5,2,25.0
22719,"GUMBALL COATHOOK., BLACK & WHITE",1.25,20,25.0
23214,BELL HEART ANTIQUE GOLD,2.08,12,24.96
23620,SET 10 CARDS PERFECT POST 17090,2.4899999999999998,10,24.900000000000002
23240,SET OF 4 KNICK KNACK TINS  DOILEY,4.15,6,24.9
85034a,3 GARDENIA MORRIS BOXED CANDLES,8.29,3,24.869999999999997
84550,CROCHET LILAC/RED BEAR KEYRING,1.65,15,24.75
35633B,BLUE TINSEL GARLAND,0.19000000000000003,130,24.7
35596,WOOD XMAS TREE 9 FIG SHELVES,0.85,29,24.65
10124A,SPOTS ON RED BOOKCOVER TAPE,0.42,58,24.36
84450A,PINK RABBIT SITTING EASTER,0.49799999999999994,52,24.18
37494a,FAIRY CAKE CERAMIC BUTTER DISH,6.04,4,24.16
72801E,4 FESTIVE GREEN DINNER CANDLES,0.835,51,23.91
84575B,BROWN DOG CANNISTER W BONE,5.95,4,23.8
85184c,S/4 VALENTINE DECOUPAGE HEART BOX,5.9425,4,23.77
79302m,"ART LIGHTS,FUNK MONKEY",5.9425,4,23.77
90128B,BLUE LEAVES AND BEADS PHONE CHARM,1.46,18,23.759999999999998
17014F,ORIGAMI SANDLEWOOD INCENSE CONES,1.3125,61,23.700000000000003
47556b,TEA TIME TEA TOWELS,5.91,4,23.64
90011E,AMBER CRYSTAL DROP EARRINGS,2.95125,8,23.61
85040b,SET/4 BLUE FLOWER CANDLES IN BOWL,3.36,7,23.519999999999996
47552A,DOTS IRONING BOARD COVER,1.95,12,23.4
23244,CANNISTER VINTAGE LEAF DESIGN,1.95,12,23.4
23623,SET 10 CARD CHRISTMAS WELCOME 17112,2.91,8,23.28
23236,STORAGE TIN VINTAGE DOILEY,4.34,7,23.13
23106,ZINC PLANT POT HOLDER,2.89,8,23.12
84509E,CAROUSEL PLACEMATS,5.093333333333334,4,23.060000000000002
90095,NECKLACE+BRACELET SET PINK BLOSSOM,3.3866666666666667,8,22.91
23145,ZINC T-LIGHT HOLDER STARS LARGE,0.95,24,22.8
84450B,YELLOW RABBIT SAT EASTER,0.6216666666666667,51,22.63
90025C,BAROQUE BUTTERFLY EARRINGS GREEN,3.76,6,22.56
90189B,GOLD 2 STRAND NECKLACE-LEAF CHARMS,7.5,3,22.5
85225,BLING KEY RING STAND,1.2045454545454546,19,22.5
37477C,"FLOWER FAIRY MUG+COASTER,ROSE",3.75,6,22.5
23640,SET 10 CARDS SCOTTIE DOG 17211,2.49,9,22.410000000000004
23645,SET 10 CHRISTMAS CARDS HOHOHO 16956,2.49,9,22.410000000000004
35652,VINTAGE BEAD CHAISE LONG JEWEL BOX,3.625,18,21.5
90214Z,"LETTER ""Z"" BLING KEY RING",0.9011111111111111,31,21.49
84387A,BIRD ON BRANCH CANVAS SCREEN,1.95,11,21.45
84899E,YELLOW BROWN BEAR FELT PURSE KIT,1.88,14,21.28
21387,IVORY HANGING DECORATION  RABBIT,0.85,25,21.25
35591T,TURQUOISE CHRISTMAS TREE,1.25,17,21.25
90128D,PURPLE LEAVES AND BEADS PHONE CHAR,1.9628571428571426,13,21.24
22201,FRYING PAN BLUE RETROSPOT,5.656666666666666,4,21.22
21594,Dr. Jam's Arouzer Stress Ball,4.212,5,21.06
23691,KEEP CALM BIRTHDAY WRAP,0.42,50,21.0
35603B,S/16 BLACK SHINY/MAT BAUBLES,0.42,50,21.0
23692,WRAP A PRETTY THANK YOU,0.42,50,21.0
23388,WOODLAND MINI RUCKSACK,4.15,5,20.75
DCGS0072,CAT CAMOUFLAGUE COLLAR,5.17,4,20.68
46776a,WOVEN BUBBLE GUM CUSHION COVER,4.13,5,20.65
10002R,ROBOT PENCIL SHARPNER,5.133333333333333,4,20.57
22344,PARTY PIZZA DISH PINK+WHITE SPOT,0.85,24,20.4
79172D,PURPLE TINT ACRYLIC FLOWER VASE,0.85,24,20.4
22418,"PEN, 10 COLOURS - SPACEBOY",0.85,24,20.4
22345,PARTY PIZZA DISH BLUE+WHITE SPOT,0.85,24,20.4
85232a,SET/3 POLKA DOT STACKING TINS,10.17,2,20.34
22533,MAGIC SLATE BAKE A CAKE,0.42,48,20.16
72801g,4 BURGUNDY WINE DINNER CANDLES,2.51,8,20.08
84536a,ENGLISH ROSE NOTEBOOK A7 SIZE,0.8033333333333333,25,19.97
90082C,DIAMANTE BOW BROOCH WHITE COLOUR,6.6433333333333335,3,19.93
23601,SET 10 CARDS SNOWY SNOWDROPS  17100,2.49,8,19.92
23646,SET 10 CARDS JINGLE BELLS 16957,2.49,8,19.92
90127A,PINK BEADS+HAND PHONE CHARM,1.855,14,19.92
23616,SET 10 CARDS JINGLE BELLS 17217,2.4899999999999998,8,19.92
23029,DOORKNOB CRACKED GLAZE GREEN,1.65,12,19.8
23249,ENAMEL DINNER PLATE PANTRY,1.65,12,19.8
84570B,WHITE SATIN DRESS JEWEL STAND,4.95,4,19.8
23031,DOORKNOB CRACKED GLAZE PINK,1.65,12,19.8
37488A,YELLOW PINK FLOWER DESIGN BIG BOWL,1.4140000000000001,31,19.770000000000003
37487B,YELLOW/ORANGE FLOWER DESIGN PLATE,0.29,68,19.72
44092C,PURPLE/COPPER HANGING LAMPSHADE,0.85,23,19.55
20680,PINK FLOWERS CHILDS UMBRELLA,3.25,6,19.5
79062D,"RETRO TIN ASHTRAY,REVOLUTIONARY",0.38,52,19.4
22963,JAM JAR WITH BLUE LID,0.7849999999999999,26,18.98
84030B,KNITTED POM POM HOT WATER BOTTLE,3.75,5,18.75
23056,CRYSTAL CHANDELIER T-LIGHT HOLDER,6.25,3,18.75
90025D,BAROQUE BUTTERFLY EARRINGS PINK,3.7380000000000004,5,18.69
84732B,CUTE BIRD CEATURE SCREEN,1.23,28,18.48
72796A,S/3 ENGLISH LAVENDER SQU CANDLE,1.6499999999999997,11,18.15
84311,CAMOFLAGE CUSHION COVER,1.65,11,18.15
84986b,SET OF 36 SILVER PAPER DOILIES,2.98,6,17.88
18097B,BLUE TALL PORCELAIN T-LIGHT HOLDER,2.55,7,17.85
71050,SMALL SINGLE FLAME CANDLE HOLDER,0.35,51,17.85
84614C,BLUE BAROQUE FLOCK CANDLE HOLDER,5.95,3,17.85
21249,WOOD ANIMALS HEIGHT CHART STICKERS,2.95,6,17.7
90182B,AMETHYST 3 BEAD DROP EARRINGS,2.921666666666667,6,17.53
23627,SET 10 CARDS XMAS GRAPHIC  17218,2.49,7,17.43
22881,"NUMBER TILE VINTAGE FONT, 2",2.17,8,17.36
22879,"NUMBER TILE VINTAGE FONT, 0",2.17,8,17.36
22880,"NUMBER TILE VINTAGE FONT, 1",2.17,8,17.36
22884,"NUMBER TILE VINTAGE FONT, 5",2.17,8,17.36
22883,"NUMBER TILE VINTAGE FONT, 4",2.17,8,17.36
22885,"NUMBER TILE VINTAGE FONT, 6",2.17,8,17.36
22882,"NUMBER TILE VINTAGE FONT, 3",2.17,8,17.36
22886,"NUMBER TILE VINTAGE FONT, 7",2.17,8,17.36
22887,"NUMBER TILE VINTAGE FONT, 8",2.17,8,17.36
37482b,CUBIC MUG BLUE POLKA DOT,17.35,1,17.35
DCGS0066N,NAVY CUDDLES DOG HOODIE,8.65,2,17.3
DCGS0068,DOGS NIGHT COLLAR,8.56,2,17.12
84796b,BLUE SAVANNAH PICNIC HAMPER FOR 2,8.56,2,17.12
22777,GLASS BELL JAR LARGE,8.5,2,17.0
23342,MINT DINER CLOCK,8.5,2,17.0
84993b,75 BLACK PETIT FOUR CASES,0.8492307692307691,20,16.99
21120,*Boombox Ipod Classic,16.98,1,16.98
85035c,ROSE 3 WICK MORRIS BOX CANDLE,8.47,2,16.94
85036b,CHOCOLATE 1 WICK MORRIS BOX CANDLE,8.47,2,16.94
72805,VANILLA CANDLE IN EMBOSSED ZINC POT,1.6900000000000002,10,16.9
47591c,BLUE FAIRY CAKE CHILD'S APRON,4.21,4,16.84
21511,VINTAGE COLLAGE  GREETING  CARD,0.42,40,16.8
72785A,S/4 CONTEMPORY PINK ROSEBUD CANDLES,2.1,8,16.8
44089A,PINK GAUZE BUTTERFLY LAMPSHADE,0.42,40,16.8
23644,SET 10 CARDS CHRISTMAS TREE 16955,3.3299999999999996,5,16.65
84031b,CHARLIE LOLA BLUE HOT WATER BOTTLE,16.63,1,16.63
84031a,CHARLIE+LOLA RED HOT WATER BOTTLE,16.63,1,16.63
85036a,GARDENIA 1 WICK MORRIS BOXED CANDLE,8.29,2,16.58
22384,LUNCH BAG PINK POLKADOTS,1.65,10,16.5
23502,PLAYING CARDS VINTAGE DOILEY,1.25,13,16.25
47503J ,SET/3 FLORAL GARDEN TOOLS IN BAG,16.13,1,16.13
85160b,BLACK BIRD GARDEN DESIGN MUG,16.13,1,16.13
90102,WHITE FRANGIPANI HAIR CLIP,0.845,19,16.11
62074B,ELEPHANT CLIP W SUCTION CUP,0.42,38,15.96
84630,FLOWERS AND BIRDS WALL PLAQUE,7.95,2,15.9
84250M,"GREETING CARD, BLACKPOOL ROCK",0.7992307692307693,28,15.899999999999999
22778,GLASS BELL JAR SMALL,3.95,4,15.8
35932,PINK CHRISTMAS TREE DECORATION,0.537,37,15.629999999999999
84509a,ENGLISH ROSE PLACEMATS,7.78,2,15.56
84912a,PINK ROSE WASHBAG,7.78,2,15.56
21560,TOADSTOOL  LUNCHBOX WITH CUTLERY,3.86,4,15.44
21853,GUMBALL CUSTOM CARS TOP TRUMPS GAME,5.133333333333333,3,15.399999999999999
37481,CUBIC MUG TEATIME CAKES,2.55,6,15.3
22932,BAKING MOULD TOFFEE CUP  CHOCOLATE,2.55,6,15.3
17107D,FLOWER FAIRY 5 SUMMER DRAW LINERS,2.55,6,15.3
84509e,SET OF 4 CAROUSEL PLACEMATS,7.62,2,15.24
85124c,GREEN JUICY FRUIT PHOTO FRAME,5.06,3,15.18
17174,ASSTD RASTA KEY-CHAINS,0.42,36,15.120000000000001
m,Manual,3.01,5,15.049999999999999
84206A,3 BLACK CATS W HEARTS BLANK CARD,0.19,79,15.01
90068,"RUBY GLASS NECKLACE 42""",7.5,2,15.0
22954,HEN PARTY BANNER TAPE,1.25,12,15.0
23212,PAINTED HEART WREATH WITH BELL,1.25,12,15.0
23449,SET OF 6 EASTER RAINBOW CHICKS,1.25,12,15.0
22408,TIN CAN CONFECTIONERY DESIGN,1.25,12,15.0
23251,ENAMEL MUG PANTRY,1.25,12,15.0
21475,SWEETHEART CREAM STEEL FOLDIN CHAIR,14.95,1,14.95
23281,FOLDING MIRROR RED,0.83,18,14.940000000000001
23621,SET 10 CARDS DAVID'S MADONNA 17074,2.49,6,14.940000000000001
23282,FOLDING MIRROR IVORY,0.83,18,14.940000000000001
84509g,SET OF 4 FAIRY CAKE PLACEMATS,7.46,2,14.92
35650,VINTAGE BEAD PINK JEWEL STAND,4.95,3,14.850000000000001
84567,FROSTED GLASS WITH SILVER SURROUND,1.65,9,14.85
22139,11 PC CERAMIC TEA SET POLKADOT,4.95,3,14.85
90011D,PURPLE CRYSTAL DROP EARRINGS,2.95,5,14.75
SP1002,KID'S CHALKBOARD/EASEL,2.95,5,14.75
23634,SET 10 CARDS XMAS CHOIR 17068,2.91,5,14.55
81950V,FLOWER PURPLE CLOCK W/SUCKER,0.85,17,14.45
48195,DOORMAT GREEN PAISLEY,14.43,1,14.43
90077,BLACK DIAMOND CLUSTER EARRINGS,2.88,5,14.399999999999999
10124G,ARMY CAMO BOOKCOVER TAPE,0.462,33,14.28
71143,ANTIQUE SILVER BOOK MARK WITH BEADS,0.83,17,14.11
84868A,PINK BABY GIRL'S MEMORY BOX,6.95,2,13.9
23540,"WALL ART , THE MAGIC FOREST",6.95,2,13.9
21852,EMPIRE TEDDY,6.95,2,13.9
84406b,CREAM CUPID HEARTS COAT HANGER,6.91,2,13.82
16245A,PINK MINI STATIONERY SET W CASE,1.25,11,13.75
35936,CERISE+GOLD CHRISTMAS TREE DEC,0.38,36,13.68
84814B,RHOMBUS CRYSTAL PERFUME BOTTLE,1.95,7,13.65
35443,RASTA IN BATH W SPLIFF ASHTRAY,0.85,16,13.6
79342b,BROWN FLOWER LIGHTS,13.57,1,13.57
84867a,PINK BABY GIRLS PHOTO ALBUM,13.57,1,13.57
21525,BEWARE OF THE CAT DOORMAT,6.75,2,13.5
85039b,S/4 IVORY MINI ROSE CANDLE IN BOWL,3.36,4,13.44
62097B,BLUE STRIPES SHOULDER BAG,1.36,11,13.370000000000001
90014C,SILVER AND BLACK ORBIT NECKLACE,6.675000000000001,2,13.350000000000001
23639,SET 10 CARDS MAGICAL TREE 17086,3.33,4,13.32
23271,CHRISTMAS TABLE CANDLE SILVER SPIKE,0.83,16,13.28
23607,SET 10 CARDS HATS & STOCKINGS 17081,1.66,8,13.28
85159b,"WHITE TEA,COFFEE,SUGAR JARS",13.0,1,13.0
35004s,SET OF 3 SILVER FLYING DUCKS,13.0,1,13.0
16192,PINK BALLET OPENING CUBE BOX,4.3,3,12.9
84989b,75 BLACK FAIRY CAKE CASES,1.28,10,12.8
84247J,PACK/12 RUSSIAN DOLL CARDS,1.3244444444444445,10,12.780000000000001
84648,NEW BAROQUE WALL MIRROR,12.75,1,12.75
21772,VINTAGE METAL CAKE STAND CREAM,12.75,1,12.75
44092B,BLUE WHITE PLASTIC RINGS LAMPSHADE,0.85,15,12.75
85083,KISS REINDEER SCANDINAVIAN STOCKING,2.55,5,12.75
20812,EMBOSSED FLOWER TRELLIS PHOTO FRAME,2.55,5,12.75
72752B,"F.FAIRY,CANDLE IN GLASS,LAVENDER",4.25,3,12.75
35004p,SET OF 3 PINK FLYING DUCKS,12.72,1,12.72
DCGS0037,KEY-RING CORKSCREW,12.72,1,12.72
DCGS0075,CAMOUFLAGUE DOG LEAD,12.72,1,12.72
85157,SET OF 2 CHESTS CHOCOLAT AU LAIT,12.72,1,12.72
35751C,PURPLE CURRENT CANDLE RING,0.47,31,12.61
72801e,S/4 FESTIVE GREEN DINNER CANDLES,2.51,5,12.55
35918B,BLUE FLORIBUNDA EGG WARMER,1.25,10,12.5
35597A,DUSTY PINK CHRISTMAS TREE 30CM,1.25,10,12.5
51012L,"FEATHER DUSTER, LIGHT PINK",1.25,10,12.5
23071,MARIE ANTOIENETT TRINKET BOX GOLD,12.5,1,12.5
23635,SET 10 CARDS CHRISTMAS HOLLY  17259,4.16,3,12.48
23654,SET 10 CARD SNOWMAN 16965,2.49,5,12.450000000000001
84596g,SMALL CHOCOLATES PINK BOWL,2.485,5,12.399999999999999
90000C,OPAL WHITE/SILVER FLOWER NECKLACE,6.16,2,12.32
79149B,SILICON STAR BULB  BLUE,0.42,29,12.18
44242A,LILAC FEATHERS CURTAIN,1.02,14,11.98
22206,"MUG , DOTCOMGIFTSHOP.COM",0.842,14,11.82
85185E,DUCK SOCK PUPPET,2.95,4,11.8
85179a,GREEN BITTY LIGHT CHAIN,5.890000000000001,2,11.780000000000001
23608,SET 10 CARDS RUDOLPHS NOSE 17097,2.91,4,11.64
23605,SET 10 CARDS 12 DAYS OF XMAS 17059,2.91,4,11.64
85184c,SET 4 VALENTINE DECOUPAGE HEART BOX,5.79,2,11.58
90025B,BAROQUE BUTTERFLY EARRINGS RED,3.763333333333333,3,11.29
79070b,ENGLISH ROSE SQUARE CAKE TINS,11.26,1,11.26
84366,VENDETTA CANVAS PICTURE,3.75,3,11.25
84743C,ORANGE FELT VASE + FLOWERS,1.25,9,11.25
16151A,FLOWER DES BLUE HANDBAG/ORANG HANDL,3.75,3,11.25
23299,"FOOD COVER WITH BEADS , SET 2 SIZES",3.75,3,11.25
17011B,ORIGAMI JASMINE INCENSE+FLOWER,1.2,19,11.1
47590a,BLUE HAPPY BIRTHDAY BUNTING,11.02,1,11.02
72785B,S/4 CONTEMPORY RED ROSEBUD CANDLES,1.5666666666666667,9,10.9
84732D,CUTE RABBIT CEATURE SCREEN,1.23,15,10.89
21496,WOODLAND CREATURES  WRAP,0.42,25,10.5
17084G,MOON INCENSE,0.21,50,10.5
22959,"WRAPPING PAPER, XMAS VILLAGE",0.42,25,10.5
16169G,WRAP ROMANTIC DECOUPAGE,0.42,25,10.5
16169A,WRAP CHRISTMAS DECOUPAGE,0.42,25,10.5
21858,HIGH SCHOOL MUSICAL 3 TOP TRUMPS,5.115,2,10.23
85124b,BLUE JUICY FRUIT PHOTO FRAME,5.115,2,10.23
21857,STAR WARS TOP TRUMPS GAME,5.115,2,10.23
22196,HEART MEASURING SPOONS SMALL,0.85,12,10.2
20939,ORANGE CANDLE,0.85,12,10.2
22346,PARTY PIZZA DISH GREEN+WHITE SPOT,0.85,12,10.2
22343,PARTY PIZZA DISH RED+WHITE SPOT,0.85,12,10.2
90214W,"LETTER ""W"" BLING KEY RING",0.8724999999999999,19,10.17
85232d,SET/3 DECOUPAGE STACKING TINS,10.17,1,10.17
84661c,PINK SQUARE TABLE CLOCK,5.06,2,10.12
84661a,WHITE SQUARE TABLE CLOCK,5.01,2,10.02
23086,ZINC STAR T-LIGHT HOLDER,1.25,8,10.0
23615,SET 10 CARDS PRINTED GRAPHIC 17219,2.49,4,9.96
23624,SET 10 CARD PERFECT NATIVITY 17089,2.49,4,9.96
23650,SET 10 CARDS FILIGREE BAUBLE 16961,2.49,4,9.96
23619,SET 10 CARDS POINSETTIA 17093,2.49,4,9.96
84971s,SMALL HEART FLOWERS HOOK,1.66,6,9.959999999999999
22829,BROCANTE SHELF WITH HOOKS,9.95,1,9.95
85049b,LUSH GREENS RIBBONS,2.4766666666666666,4,9.94
85231g,ORANGE SCENTED SET/9 T-LIGHTS,1.63,6,9.78
81953P,ROUND ARTICULATED PINK CLOCK W/SUCK,0.52,33,9.57
20822,SILVER WINE GOBLET,4.65,2,9.3
72708,SCULPTED ROUND IVORY CANDLE,0.21000000000000002,44,9.24
23441,HAND PAINTED HANGING EASTER EGG,0.42,22,9.24
90184c,BLACK CHUNKY BEAD BRACELET W STRAP,9.15,1,9.15
62097A,PINK STRIPES SHOULDER BAG,2.9500000000000006,3,8.850000000000001
18098B,BLUE PORCELAIN B'FLY OIL BURNER,2.9500000000000006,3,8.850000000000001
20882,MODERN CHRISTMAS TREE CANDLE,2.95,3,8.850000000000001
35598C,WHITE CHRISTMAS TREE 60CM,2.9500000000000006,3,8.850000000000001
71496B,A4 WALL TIDY RED FLOWERS,0.59,15,8.67
21406,SPOTTY CAT DOORSTOP,8.65,1,8.65
20739,*USB Office Glitter Lamp,8.65,1,8.65
90013E,AMBER VINTAGE EARRINGS,4.285,2,8.57
84572,6 HOOK JEWEL STAND LILAC DRESS,8.49,1,8.49
90126B,BLUE BERTIE MOBILE PHONE CHARM,2.8266666666666667,3,8.48
72803b,OCEAN SCENT CANDLE JEWELLED DRAWER,8.47,1,8.47
84030b,KNITTED POM POM HOT WATER BOTTLE,8.46,1,8.46
84534b,FAIRY CAKE NOTEBOOK A5 SIZE,1.66,5,8.3
23612,SET 10 MINICARDS CUTE SNOWMAN 17071,1.66,5,8.299999999999999
72802c,VANILLA SCENT CANDLE JEWELLED BOX,8.29,1,8.29
85034b,3 WHITE CHOC MORRIS BOXED CANDLES,8.29,1,8.29
47591C,BLUE FAIRY CAKE CHILDRENS APRON,1.95,4,7.8
84029c,BROWN FURRY HOT WATER BOTTLE,7.78,1,7.78
84509c,DOTTY PLACEMATS,7.78,1,7.78
84997d,PINK 3 PIECE MINI DOTS CUTLERY SET,7.62,1,7.62
44091A,BLUE CRUSOE CHECK LAMPSHADE,0.42,18,7.56
20942,SET/6 GINGERBREAD TREE T-LIGHTS,1.25,6,7.5
90025A,BAROQUE BUTTERFLY EARRINGS BLACK,3.75,2,7.5
46037A,PINK CANVAS DES CUSHION COVER,1.25,6,7.5
82011E,"BATHROOM SCALES, FAG BREAK",3.75,2,7.5
82613a,"METAL SIGN,CUPCAKE SINGLE HOOK",2.493333333333333,3,7.4799999999999995
23633,SET 10 CARDS WORLD CHILDREN 17067,2.49,3,7.470000000000001
84201B,HAPPY BIRTHDAY CARD STRIPEY TEDDY,0.19,39,7.409999999999999
90111,BLUE HIBISCUS  HAIR CLIP,1.05,7,7.35
35001P,HAND OPEN SHAPE PINK,3.49,2,6.98
85230D,VANILLA SCENTED VOTIVE CANDLE,0.29,24,6.96
85230C,ROSE SCENTED VOTIVE CANDLE,0.29,24,6.96
84705b,FAIRY CAKES PHOTO FRAME,3.43,2,6.86
48173A,DOOR MAT BLUE FLOCK,6.75,1,6.75
37484,ENGLISH ROSE TEA FOR ONE GIFT BOX,6.75,1,6.75
22843,"BISCUIT TIN, MINT,IVORY, VINTAGE",6.75,1,6.75
23604,SET 10 MINI SANTA & SNOWMAN  17087,1.66,4,6.640000000000001
20678,LARGE BLACK DIAMANTE HAIRSLIDE,1.65,4,6.6
20858,SILVER PURSE GOLD PINK BUTTERFLY,1.65,4,6.6
85231b,CINAMMON SET OF 9 T-LIGHTS,1.645,4,6.58
84536b,FAIRY CAKES NOTEBOOK A7 SIZE,0.81,8,6.48
20884,MODERN CHRISTMAS TREE CANDLE,2.1,3,6.300000000000001
79140,ASS WINDPROOF MARIJUANA LIGHTERS,0.42,15,6.3
47592B,SCOTTIE DOGS CHILDRENS OVERALL,2.1,3,6.3
37408,ASSORTED DESIGN GEISHA GIRL MUGS,1.25,5,6.25
82072,WHITE WOOD SINGLE P/FRAME,1.25,5,6.25
20673,STRAWBERRIES PRINT BOWL,1.25,5,6.25
23610,SET 10 CARDS CHRISTMAS ROBIN 17095,2.08,3,6.24
85123b,ZINC HANGING HEART T-LITE HLDR,6.04,1,6.04
79051a,SMOKEY GREY COLOUR D.O.F. GLASS,6.04,1,6.04
85077,KISSING REINDEER TABLE RUNNER,5.95,1,5.95
72751A,"F.FAIRY S/3 SML CANDLE,LILY/VALLEY",5.95,1,5.95
72751B,"F.FAIRY S/3 SML CANDLE, LAVENDER",5.95,1,5.95
72751C,"F.FAIRY S/3 SML CANDLE, ROSE",5.95,1,5.95
37409,ASSORTED DESIGN FLOWER MUGS,0.85,7,5.949999999999999
85184d,S/4 BLUE ROUND DECOUPAGE BOXES,5.91,1,5.91
79303A,WHITE ROHMBIC BLOCK TABLE LAMP,2.95,2,5.9
18098A,PINK PORCELAIN B'FLY OIL BURNER,2.95,2,5.9
35821P,"JEWELLED DECORATION,PINK",2.95,2,5.9
22360,"GLASS JAR, ENGLISH CONFECTIONERY",2.95,2,5.9
35823P,"ACRYLIC BEAD GARLAND,PINK",2.95,2,5.9
90014B,GOLD M.O.P. ORBIT NECKLACE,2.95,2,5.9
84228,HEN HOUSE WITH CHICK STANDING,0.42,14,5.88
35051B,PINK BEADED CONE CHRISTMAS,0.42,14,5.88
85186B,BUNNY BUNCH OF FLOWERS,0.42,14,5.88
23652,SET 10 CARD CHRISTMAS STAMPS 16963,2.91,2,5.82
23617,SET 10 CARDS SWIRLY XMAS TREE 17104,2.91,2,5.82
23638,SET 10 CARDS ROBIN WATERPUMP  17096,2.91,2,5.82
23630,SET 10 CARDS HANGING BAUBLES 17080,2.74,2,5.48
35537,CANDLE RING W/CLEAR BEADS,0.42,13,5.46
21838,DADDY MOUSE RED GINGHAM BOW TIE,5.45,1,5.45
35751D,PINK CURRENT CANDLE RING,0.19,28,5.32
16215,FUNKY GIRLZ MAGNETIC TO DO LIST,0.65,8,5.2
21854,EURO FOOTBALL STARS TOP TRUMPS GAME,5.17,1,5.17
21860,DR WHO TOP TRUMPS GAME,5.17,1,5.17
71101A,ANGEL ON KNEES METAL POLE 100CM H,0.85,6,5.1
71434B,"BLACK RND BULLET""KEEP CLEAN"" BIN",2.55,2,5.1
90142C,ROSE PINK PENDANT SHELL NECKLACE,5.09,1,5.09
90142B,IVORY PENDANT SHELL NECKLACE,5.09,1,5.09
84942,KASHMIR FOLKART HEART DISHES,1.6900000000000002,3,5.07
72740B,LARGE WHITE CHOCOLATE CANDLE,5.06,1,5.06
DCGS0041,HAYNES MINI-COOPER PLAYING CARDS,5.06,1,5.06
84951b,SET OF 4 BLACK LOVEBIRD COASTERS,5.06,1,5.06
20877,MODERN CHRISTMAS BAUBLE CANDLE,0.42000000000000004,12,5.04
84596j,MIXED NUTS LIGHT GREEN BOWL,2.51,2,5.02
72801g,S/4 BURGUNDY WINE DINNER CANDLES,2.51,2,5.02
72801e,4 FESTIVE GREEN DINNER CANDLES,2.51,2,5.02
23649,SET 10 CARDS DECK THE HALLS 16960,2.49,2,4.98
47593b,SCOTTIE DOGS BABY BIB,0.83,6,4.98
84661b,BLACK SQUARE TABLE CLOCK,4.96,1,4.96
85232C,RUSSIAN FOLKART STACKING TINS,4.95,1,4.95
85043,RED HEART CANDY POP LIGHTS,4.95,1,4.95
37451,CERAMIC CAKE TEAPOT WITH CHERRY,4.95,1,4.95
85049d,BRIGHT BLUES RIBBONS,2.46,2,4.92
84971l,LARGE HEART FLOWERS HOOK,2.46,2,4.92
90214U,"LETTER ""U"" BLING KEY RING",0.77,13,4.73
45014,FOLDING SHIRT TIDY,4.65,1,4.65
79151B,"SILICON CUBE 25W, BLUE",0.42,11,4.62
37326,FAIRY DESIGN MUGS,2.3049999999999997,2,4.609999999999999
35817P,PINK ACRYLIC JEWEL SNOWFLAKE,0.38,12,4.56
81950V,FLOWER PURPLE CLOCK WITH SUCKER,0.29,15,4.35
72529w,WHITE ADVENT CANDLE,4.3,1,4.3
79157V,UBO-LIGHT TRIOBASE PURPLE,0.85,5,4.25
72752A,"F.FAIRY,CANDLE IN GLASS,LILY/VALLEY",4.25,1,4.25
79157B,UBO-LIGHT TRIOBASE BLUE,0.85,5,4.25
21409,SPOTTY COCKEREL DOORSTOP,4.25,1,4.25
47594a,CAROUSEL DESIGN WASHBAG,4.21,1,4.21
84255A,PINK GLASS COCKTAIL LAMP,2.1,2,4.2
23391,I LOVE LONDON MINI RUCKSACK,4.15,1,4.15
46776b,WOVEN BERRIES CUSHION COVER,4.13,1,4.13
46776e,WOVEN CANDY CUSHION COVER,4.13,1,4.13
72084B,CHOCOLATE ICE CREAM CANDLE,1.95,2,3.9
37432,MUG PINK AND PURPLE ARABIC DESIGN,0.65,6,3.9
16010,FOLDING CAMPING SCISSOR W/KNIF & S,0.12,32,3.84
35995,SET/6 BLACK GLITTER REINDEER CANDLE,0.756,5,3.7800000000000002
35974,S/6 CHRISTMAS TREE PLACE SETTING,3.75,1,3.75
37438,FUNKY FLOWER COFFEE POT,3.75,1,3.75
90004A,JADE GREEN PAIR ENAMEL HAIR SLIDES,3.75,1,3.75
40046C,PINK BUTTERFLY PAPER LAMPSHADE,1.25,3,3.75
84731,3 BIRDS CANVAS SCREEN,1.23,3,3.69
35818C,"ACRYLIC JEWEL ICICLE, CLEAR",3.43,1,3.43
21081,SET/20 POSIES PAPER NAPKINS,0.85,4,3.4
84559d,3D SHEET OF SEA WORLD STICKERS,1.69,2,3.38
23643,SET 10 CARDS CHRISTMAS BAUBLE 16954,3.33,1,3.33
20683,RAIN GIRL CHILDS UMBRELLA,3.25,1,3.25
84985b,SET OF 72 BLACK PAPER DOILIES,2.98,1,2.98
79301,FEATHER HEART LIGHTS,2.95,1,2.95
20885,BOX OF 3 PEBBLE CANDLES,2.95,1,2.95
23602,SET 10 CARDS 3 WISE MEN 17107,2.91,1,2.91
23628,SET 10 CARDS TRIANGLE ICONS  17220,2.91,1,2.91
23609,SET 10 CARDS SNOWY ROBIN 17099,2.91,1,2.91
90183c,BLACK DROP EARRINGS W LONG BEADS,2.9,1,2.9
DCGS0044,HANDZ-OFF CAR FRESHENER,2.57,1,2.57
21036,SET/2 TEA TOWELS MODERN VINTAGE,2.55,1,2.55
47556,SET/2 SPOTTY + ROSE TEA TOWELS,2.55,1,2.55
47554,S/3 COLOURS FLOCK TEA TOWELS,2.55,1,2.55
81953B,ROUND ARTICULATED BLUE CLOCK W/SUCK,0.85,3,2.55
90091,CRYSTAL DRAGONFLY PHONE CHARM,0.85,3,2.55
85171,S/2 HYACINTH BULB CANDLES,2.55,1,2.55
35999,S/6 SCANDINAVIAN HEART T-LIGHT,2.55,1,2.55
20881,MODERN CHRISTMAS TREE CANDLE,0.85,3,2.55
47569,ENGLISH ROSE DESIGN SHOPPING BAG,2.55,1,2.55
17028J,INCENSE BAZAAR PEACH,0.42,6,2.52
DCGS0062,ROAD-RAGE CAR FRESHENER,2.51,1,2.51
21008,ETCHED GLASS HEART TREE DECORATION,2.51,1,2.51
47593a,CAROUSEL DESIGN BABY BIB,2.51,1,2.51
90127B,BLUE BEADS+HAND PHONE CHARM,1.25,2,2.5
21290,LARGE SPOTTY CHOCOLATE GIFT BAG,1.25,2,2.5
21225,POCKET MIRROR BUTTERFLY,1.25,2,2.5
84596l,BISCUITS SMALL BOWL LIGHT BLUE,2.46,1,2.46
85049c,ROMANTIC PINKS RIBBONS,2.46,1,2.46
84510b,SET OF 4 FAIRY CAKES COASTERS,2.15,1,2.15
81953B,ROUND BLUE CLOCK WITH SUCKER,0.19,11,2.09
17061,ASSORTED SHAPED STENCIL FOR HENNA,0.04,52,2.08
85192S,HANGING SPRING FLOWER HEART SMALL,0.65,3,1.9500000000000002
22631,CIRCUS PARADE LUNCHBOX,1.95,1,1.95
84814A,HEXAGONAL CRYSTAL PERFUME BOTTLE,1.95,1,1.95
35945,GOLD CHRISTMAS STOCKING DECORATION,1.95,1,1.95
46138D,GREEN CHENILLE SHAGGY C/COVER,1.95,1,1.95
22659,LUNCHBOX I LOVE LONDON,1.95,1,1.95
84201C,HAPPY BIRTHDAY CARD TEDDY/CAKE,0.19000000000000003,10,1.9
84206C,CHAMPAGNE TRAY BLANK CARD,0.19,10,1.9
35837,SET OF SIX SILVER+RED FLOCK BAUBLES,0.85,2,1.7
30086C,ASSORTED FRUIT STRAWS,1.7,1,1.7
20737,RED MINI TAPE MEASURE,1.7,1,1.7
72754D,F FAIRY POTPOURRI CUSHIONS SUMMER,1.69,1,1.69
10109,BENDY COLOUR PENCILS,0.42,4,1.68
85231e,STRAWBERRY SCENTED SET/9 T-LIGHTS,1.66,1,1.66
85024A,CRYSTAL SMALL JEWELLED PHOTOFRAME,1.65,1,1.65
72796C,S/3 ROSE GARDEN SCENT SQU CANDLE,1.65,1,1.65
23664,FLOWER SHOP DESIGN MUG,1.65,1,1.65
21585,SWALLOW SMALL TUBE MATCHES,1.65,1,1.65
35980B,RED TOP SCANDINAVIAN HEART,0.38,4,1.52
84845A,HOLLYHOCK SQUARE HANDY TIN,1.25,1,1.25
35950,FOLKART HEART CHRISTMAS DECORATIONS,1.25,1,1.25
35976B,WHITE SCANDINAVIAN HEART CHRISTMAS,1.25,1,1.25
23370,SET 36 COLOURING PENCILS DOILEY,1.25,1,1.25
TEST002,This is a test product.,1.0,1,1.0
84206B,CAT WITH SUNGLASSES BLANK CARD,0.19,5,0.95
20721,OWLS CHARLOTTE BAG,0.85,1,0.85
51014c,"FEATHER PEN,COAL BLACK",0.83,1,0.83
84206B,CAT W SUNGLASSES BLANK CARD,0.19,4,0.76
23366,SET 12 COLOURING PENCILS DOILEY,0.65,1,0.65
84205C,HAPPY BIRTHDAY GINGER CAT CARD,0.19,2,0.38
35930,PINK HEART CHRISTMAS DECORATION,0.38,1,0.38
PADS,PADS TO MATCH ALL CUSHIONS,0.001,17,0.0
